step,p,reward_timestamp,mean_reward,mean_r_pub,mean_r_pri,learning_rate,update_timestamp,update_seconds,kl
1,20,2026-08-15T10:16:54.749+08:00,0.144095,0.248082,0.102248,1e-05,2026-08-15T10:17:02.907+08:00,8.153,0.0
2,20,2026-08-15T10:17:08.863+08:00,0.215189,0.256854,0.069853,1e-05,2026-08-15T10:17:16.958+08:00,8.089,2.4476704597473145
3,20,2026-08-15T10:17:22.850+08:00,0.163194,0.246421,0.104167,1e-05,2026-08-15T10:17:30.959+08:00,8.104,2.994624137878418
4,20,2026-08-15T10:17:36.912+08:00,0.137881,0.216142,0.065241,1e-05,2026-08-15T10:17:45.031+08:00,8.114,4.292144298553467
5,20,2026-08-15T10:17:51.016+08:00,0.125253,0.180357,0.141162,1e-05,2026-08-15T10:17:59.145+08:00,8.124,5.193475723266602
6,20,2026-08-15T10:18:05.092+08:00,0.056323,0.318948,0.226417,1e-05,2026-08-15T10:18:13.208+08:00,8.111,3.9811973571777344
7,20,2026-08-15T10:18:19.274+08:00,0.090866,0.133692,0.139583,1e-05,2026-08-15T10:18:27.406+08:00,8.125,2.236706495285034
8,20,2026-08-15T10:18:33.394+08:00,0.100072,0.228571,0.145833,1e-05,2026-08-15T10:18:41.545+08:00,8.145,3.485053062438965
9,20,2026-08-15T10:18:47.458+08:00,0.171665,0.266071,0.066667,1e-05,2026-08-15T10:18:55.604+08:00,8.141,5.343894004821777
10,20,2026-08-15T10:19:01.514+08:00,0.164411,0.218447,0.111607,1e-05,2026-08-15T10:19:09.660+08:00,8.138,3.8000752925872803
11,20,2026-08-15T10:19:15.577+08:00,0.056063,0.160476,0.069325,1e-05,2026-08-15T10:19:23.740+08:00,8.158,3.646904230117798
12,20,2026-08-15T10:19:29.648+08:00,0.127989,0.220151,0.155357,1e-05,2026-08-15T10:19:37.794+08:00,8.141,5.946404933929443
13,20,2026-08-15T10:19:43.757+08:00,0.153827,0.237058,0.088462,1e-05,2026-08-15T10:19:51.912+08:00,8.15,6.4836931228637695
14,20,2026-08-15T10:19:57.899+08:00,0.162423,0.297276,0.13125,1e-05,2026-08-15T10:20:06.052+08:00,8.148,4.355110168457031
15,20,2026-08-15T10:20:12.033+08:00,0.114183,0.155849,0.125,1e-05,2026-08-15T10:20:20.199+08:00,8.161,11.212495803833008
16,20,2026-08-15T10:20:26.082+08:00,0.034481,0.210989,0.178571,1e-05,2026-08-15T10:20:34.250+08:00,8.163,3.772886276245117
17,20,2026-08-15T10:20:40.250+08:00,0.149914,0.179369,0.017857,1e-05,2026-08-15T10:20:48.418+08:00,8.165,10.358766555786133
18,20,2026-08-15T10:20:54.374+08:00,0.097717,0.16181,0.083333,1e-05,2026-08-15T10:21:02.529+08:00,8.15,4.011803150177002
19,20,2026-08-15T10:21:08.526+08:00,0.141893,0.291703,0.104167,1e-05,2026-08-15T10:21:16.690+08:00,8.159,6.083653450012207
20,20,2026-08-15T10:21:22.605+08:00,0.144844,0.161742,0.017361,1e-05,2026-08-15T10:21:30.764+08:00,8.154,4.932370185852051
21,20,2026-08-15T10:21:36.719+08:00,0.182143,0.182143,0.0,9.9e-06,2026-08-15T10:21:44.888+08:00,8.161,8.462603569030762
22,20,2026-08-15T10:21:50.759+08:00,0.135017,0.255508,0.190789,9.9e-06,2026-08-15T10:21:58.913+08:00,8.15,3.5661542415618896
23,20,2026-08-15T10:22:04.846+08:00,0.103091,0.106196,0.018572,9.9e-06,2026-08-15T10:22:13.022+08:00,8.171,7.302508354187012
24,20,2026-08-15T10:22:18.942+08:00,0.078229,0.205077,0.089706,9.9e-06,2026-08-15T10:22:27.100+08:00,8.152,5.955076217651367
25,20,2026-08-15T10:22:33.025+08:00,0.090404,0.165378,0.05,9.9e-06,2026-08-15T10:22:41.197+08:00,8.167,5.105308532714844
26,20,2026-08-15T10:22:47.223+08:00,0.293868,0.365709,0.104167,9.9e-06,2026-08-15T10:22:55.381+08:00,8.154,9.993484497070312
27,20,2026-08-15T10:23:01.317+08:00,0.064785,0.163049,0.05303,9.9e-06,2026-08-15T10:23:09.477+08:00,8.154,4.419283866882324
28,20,2026-08-15T10:23:15.361+08:00,0.189073,0.241663,0.05625,9.9e-06,2026-08-15T10:23:23.516+08:00,8.149,5.43971061706543
29,20,2026-08-15T10:23:29.334+08:00,0.06655,0.137445,0.057292,9.9e-06,2026-08-15T10:23:37.473+08:00,8.136,6.697296142578125
30,20,2026-08-15T10:23:43.361+08:00,0.047364,0.137678,0.083333,9.9e-06,2026-08-15T10:23:51.515+08:00,8.151,7.100766181945801
31,20,2026-08-15T10:23:57.369+08:00,0.192077,0.329481,0.166667,9.9e-06,2026-08-15T10:24:05.518+08:00,8.144,6.888164520263672
32,20,2026-08-15T10:24:11.365+08:00,0.053849,0.481169,0.384375,9.9e-06,2026-08-15T10:24:19.496+08:00,8.126,4.442263603210449
33,20,2026-08-15T10:24:25.412+08:00,0.038816,0.09582,0.095076,9.9e-06,2026-08-15T10:24:33.574+08:00,8.158,9.325425148010254
34,20,2026-08-15T10:24:39.577+08:00,0.020114,0.183705,0.22123,9.9e-06,2026-08-15T10:24:47.712+08:00,8.132,7.187009811401367
35,20,2026-08-15T10:24:53.705+08:00,0.148867,0.223863,0.072917,9.9e-06,2026-08-15T10:25:01.836+08:00,8.128,6.349169731140137
36,20,2026-08-15T10:25:07.775+08:00,0.121007,0.182123,0.024306,9.9e-06,2026-08-15T10:25:15.932+08:00,8.152,7.223919868469238
37,20,2026-08-15T10:25:21.884+08:00,0.304365,0.304365,0.003205,9.9e-06,2026-08-15T10:25:30.038+08:00,8.148,6.609759330749512
38,20,2026-08-15T10:25:35.940+08:00,0.034419,0.152994,0.128472,9.9e-06,2026-08-15T10:25:44.082+08:00,8.139,7.907494068145752
39,20,2026-08-15T10:25:49.996+08:00,0.120929,0.150303,0.05303,9.9e-06,2026-08-15T10:25:58.150+08:00,8.152,7.480147361755371
40,20,2026-08-15T10:26:04.224+08:00,0.114896,0.248223,0.191667,9.9e-06,2026-08-15T10:26:12.375+08:00,8.146,9.086515426635742
41,20,2026-08-15T10:26:18.304+08:00,0.069994,0.142867,0.085804,9.801e-06,2026-08-15T10:26:26.452+08:00,8.142,3.8786733150482178
42,20,2026-08-15T10:26:32.528+08:00,0.18747,0.404511,0.134821,9.801e-06,2026-08-15T10:26:40.693+08:00,8.162,7.186958312988281
43,20,2026-08-15T10:26:46.610+08:00,0.181187,0.181187,0.011364,9.801e-06,2026-08-15T10:26:54.757+08:00,8.142,7.011573791503906
44,20,2026-08-15T10:27:00.858+08:00,0.121429,0.212829,0.097222,9.801e-06,2026-08-15T10:27:09.030+08:00,8.167,10.606671333312988
45,20,2026-08-15T10:27:15.127+08:00,0.113841,0.235642,0.13734,9.801e-06,2026-08-15T10:27:23.285+08:00,8.154,6.445935249328613
46,20,2026-08-15T10:27:29.246+08:00,0.131539,0.136142,0.008333,9.801e-06,2026-08-15T10:27:37.404+08:00,8.153,10.162879943847656
47,20,2026-08-15T10:27:43.384+08:00,0.098816,0.243056,0.114583,9.801e-06,2026-08-15T10:27:51.547+08:00,8.158,4.957978248596191
48,20,2026-08-15T10:27:58.032+08:00,0.111086,0.118288,0.028646,9.801e-06,2026-08-15T10:28:06.192+08:00,8.155,2.3913052082061768
49,20,2026-08-15T10:28:12.096+08:00,0.031852,0.081852,0.09375,9.801e-06,2026-08-15T10:28:20.245+08:00,8.145,7.63755989074707
50,20,2026-08-15T10:28:26.141+08:00,0.15697,0.219048,0.090774,9.801e-06,2026-08-15T10:28:34.302+08:00,8.155,4.966087341308594
51,20,2026-08-15T10:28:40.259+08:00,0.040837,0.124167,0.104167,9.801e-06,2026-08-15T10:28:48.415+08:00,8.152,7.158310413360596
52,20,2026-08-15T10:28:54.460+08:00,0.023367,0.023367,0.0,9.801e-06,2026-08-15T10:29:02.623+08:00,8.159,6.07716178894043
53,20,2026-08-15T10:29:08.615+08:00,0.083417,0.28029,0.167361,9.801e-06,2026-08-15T10:29:16.784+08:00,8.164,3.404879093170166
54,20,2026-08-15T10:29:22.735+08:00,0.150719,0.3171,0.09375,9.801e-06,2026-08-15T10:29:30.897+08:00,8.156,10.193035125732422
55,20,2026-08-15T10:29:36.965+08:00,0.019394,0.137125,0.076096,9.801e-06,2026-08-15T10:29:45.133+08:00,8.163,8.585208892822266
56,20,2026-08-15T10:29:51.114+08:00,0.090378,0.197569,0.083219,9.801e-06,2026-08-15T10:29:59.278+08:00,8.159,7.062935829162598
57,20,2026-08-15T10:30:05.240+08:00,0.201511,0.221963,0.025,9.801e-06,2026-08-15T10:30:13.655+08:00,8.155,3.0243616104125977
58,20,2026-08-15T10:30:19.068+08:00,0.335711,0.3563,0.027778,9.801e-06,2026-08-15T10:30:27.213+08:00,8.14,4.351492881774902
59,20,2026-08-15T10:30:32.688+08:00,0.07497,0.115282,0.055556,9.801e-06,2026-08-15T10:30:40.856+08:00,8.161,9.982297897338867
60,20,2026-08-15T10:30:46.307+08:00,0.047529,0.178892,0.1375,9.801e-06,2026-08-15T10:30:54.469+08:00,8.157,3.1907174587249756
61,20,2026-08-15T10:30:59.979+08:00,0.00372,0.134635,0.188616,9.70299e-06,2026-08-15T10:31:08.150+08:00,8.166,3.7015912532806396
62,20,2026-08-15T10:31:13.744+08:00,0.154432,0.217018,0.059341,9.70299e-06,2026-08-15T10:31:21.907+08:00,8.158,6.041241645812988
63,20,2026-08-15T10:31:27.452+08:00,0.130795,0.292837,0.177083,9.70299e-06,2026-08-15T10:31:35.611+08:00,8.153,5.565247535705566
64,20,2026-08-15T10:31:41.122+08:00,0.107955,0.230506,0.125,9.70299e-06,2026-08-15T10:31:49.266+08:00,8.139,10.161052703857422
65,20,2026-08-15T10:31:54.690+08:00,0.087935,0.087935,0.0,9.70299e-06,2026-08-15T10:32:02.857+08:00,8.162,6.648488998413086
66,20,2026-08-15T10:32:08.413+08:00,0.172039,0.235258,0.047917,9.70299e-06,2026-08-15T10:32:16.574+08:00,8.156,6.241282939910889
67,20,2026-08-15T10:32:22.113+08:00,0.108102,0.164226,0.049107,9.70299e-06,2026-08-15T10:32:30.283+08:00,8.164,7.14984655380249
68,20,2026-08-15T10:32:35.847+08:00,0.266873,0.340211,0.091146,9.70299e-06,2026-08-15T10:32:44.003+08:00,8.153,3.9781503677368164
69,20,2026-08-15T10:32:49.536+08:00,0.025002,0.066782,0.052083,9.70299e-06,2026-08-15T10:32:57.696+08:00,8.155,6.870013236999512
70,20,2026-08-15T10:33:03.201+08:00,0.057219,0.21598,0.170625,9.70299e-06,2026-08-15T10:33:11.364+08:00,8.157,6.947788715362549
71,20,2026-08-15T10:33:16.928+08:00,0.166399,0.261634,0.151786,9.70299e-06,2026-08-15T10:33:25.092+08:00,8.16,9.250287055969238
72,20,2026-08-15T10:33:30.636+08:00,0.047913,0.170255,0.223065,9.70299e-06,2026-08-15T10:33:38.823+08:00,8.184,9.508929252624512
73,20,2026-08-15T10:33:44.512+08:00,0.14152,0.299491,0.157967,9.70299e-06,2026-08-15T10:33:52.680+08:00,8.165,7.770954132080078
74,20,2026-08-15T10:33:58.254+08:00,0.134038,0.18701,0.06369,9.70299e-06,2026-08-15T10:34:06.415+08:00,8.158,11.335325241088867
75,20,2026-08-15T10:34:11.939+08:00,0.04517,0.130019,0.211806,9.70299e-06,2026-08-15T10:34:20.102+08:00,8.158,12.389127731323242
76,20,2026-08-15T10:34:25.616+08:00,0.113961,0.156042,0.095139,9.70299e-06,2026-08-15T10:34:33.783+08:00,8.164,9.239212989807129
77,20,2026-08-15T10:34:39.355+08:00,0.048926,0.165131,0.10303,9.70299e-06,2026-08-15T10:34:47.521+08:00,8.161,8.780505180358887
78,20,2026-08-15T10:34:53.030+08:00,0.272152,0.450562,0.104167,9.70299e-06,2026-08-15T10:35:01.193+08:00,8.157,9.389690399169922
79,20,2026-08-15T10:35:06.689+08:00,0.040037,0.146322,0.159943,9.70299e-06,2026-08-15T10:35:14.854+08:00,8.161,11.194512367248535
80,20,2026-08-15T10:35:20.360+08:00,0.118649,0.225431,0.15625,9.70299e-06,2026-08-15T10:35:28.514+08:00,8.148,10.424510955810547
81,20,2026-08-15T10:35:34.087+08:00,0.077591,0.106272,0.10073,9.6059601e-06,2026-08-15T10:35:42.257+08:00,8.165,13.504226684570312
82,20,2026-08-15T10:35:47.831+08:00,0.082187,0.233017,0.246667,9.6059601e-06,2026-08-15T10:35:55.994+08:00,8.158,7.346897125244141
83,20,2026-08-15T10:36:01.965+08:00,0.056864,0.2247,0.145833,9.6059601e-06,2026-08-15T10:36:10.125+08:00,8.155,13.934985160827637
84,20,2026-08-15T10:36:15.668+08:00,0.091984,0.198214,0.133929,9.6059601e-06,2026-08-15T10:36:23.832+08:00,8.159,7.921277046203613
85,20,2026-08-15T10:36:29.386+08:00,0.041814,0.116283,0.066288,9.6059601e-06,2026-08-15T10:36:37.549+08:00,8.159,2.8859493732452393
86,20,2026-08-15T10:36:43.178+08:00,0.083773,0.171335,0.098958,9.6059601e-06,2026-08-15T10:36:51.332+08:00,8.15,2.441249370574951
87,20,2026-08-15T10:36:56.910+08:00,0.078114,0.14478,0.086694,9.6059601e-06,2026-08-15T10:37:05.060+08:00,8.145,8.823076248168945
88,20,2026-08-15T10:37:10.550+08:00,0.0824,0.146324,0.122917,9.6059601e-06,2026-08-15T10:37:18.694+08:00,8.139,6.125002384185791
89,20,2026-08-15T10:37:24.188+08:00,0.081298,0.164069,0.059028,9.6059601e-06,2026-08-15T10:37:32.342+08:00,8.15,8.277701377868652
90,20,2026-08-15T10:37:37.965+08:00,0.013086,0.347917,0.447917,9.6059601e-06,2026-08-15T10:37:46.112+08:00,8.144,7.590621471405029
91,20,2026-08-15T10:37:51.807+08:00,0.005002,0.16089,0.132784,9.6059601e-06,2026-08-15T10:37:59.973+08:00,8.16,6.102567672729492
92,20,2026-08-15T10:38:05.467+08:00,0.078685,0.210593,0.154167,9.6059601e-06,2026-08-15T10:38:13.594+08:00,8.122,3.284273147583008
93,20,2026-08-15T10:38:19.154+08:00,0.021096,0.201794,0.160417,9.6059601e-06,2026-08-15T10:38:27.318+08:00,8.158,10.148638725280762
94,20,2026-08-15T10:38:32.848+08:00,0.044788,0.23508,0.14375,9.6059601e-06,2026-08-15T10:38:41.002+08:00,8.149,4.342909336090088
95,20,2026-08-15T10:38:46.501+08:00,0.00449,0.211977,0.225,9.6059601e-06,2026-08-15T10:38:54.661+08:00,8.155,6.646620273590088
96,20,2026-08-15T10:39:00.200+08:00,0.054516,0.148645,0.119118,9.6059601e-06,2026-08-15T10:39:08.365+08:00,8.16,4.860854148864746
97,20,2026-08-15T10:39:13.929+08:00,0.152877,0.216511,0.151096,9.6059601e-06,2026-08-15T10:39:22.094+08:00,8.162,4.408164024353027
98,20,2026-08-15T10:39:27.661+08:00,0.006504,0.13711,0.230835,9.6059601e-06,2026-08-15T10:39:35.821+08:00,8.155,7.510451316833496
99,20,2026-08-15T10:39:41.372+08:00,0.008965,0.1809,0.193091,9.6059601e-06,2026-08-15T10:39:49.521+08:00,8.144,4.894114017486572
100,20,2026-08-15T10:39:55.118+08:00,0.073968,0.266428,0.228618,9.6059601e-06,2026-08-15T10:40:03.287+08:00,8.164,4.330689430236816
101,20,2026-08-15T10:40:08.831+08:00,0.051359,0.140864,0.055357,9.5099005e-06,2026-08-15T10:40:17.009+08:00,8.173,3.3733696937561035
102,20,2026-08-15T10:40:22.616+08:00,0.040268,0.071748,0.086022,9.5099005e-06,2026-08-15T10:40:30.789+08:00,8.168,4.429983615875244
103,20,2026-08-15T10:40:36.340+08:00,0.130706,0.158482,0.078125,9.5099005e-06,2026-08-15T10:40:44.511+08:00,8.166,5.092495441436768
104,20,2026-08-15T10:40:50.115+08:00,0.059009,0.209871,0.205357,9.5099005e-06,2026-08-15T10:40:58.278+08:00,8.159,7.826068878173828
105,20,2026-08-15T10:41:03.773+08:00,0.101749,0.187729,0.107846,9.5099005e-06,2026-08-15T10:41:11.941+08:00,8.162,3.0759029388427734
106,20,2026-08-15T10:41:17.379+08:00,0.181844,0.383234,0.196236,9.5099005e-06,2026-08-15T10:41:25.525+08:00,8.141,1.9241113662719727
107,20,2026-08-15T10:41:31.067+08:00,0.048847,0.12596,0.121937,9.5099005e-06,2026-08-15T10:41:39.240+08:00,8.166,4.384056091308594
108,20,2026-08-15T10:41:44.765+08:00,0.110755,0.200296,0.203205,9.5099005e-06,2026-08-15T10:41:52.927+08:00,8.157,4.002942085266113
109,20,2026-08-15T10:41:58.541+08:00,0.048326,0.319048,0.345238,9.5099005e-06,2026-08-15T10:42:06.678+08:00,8.132,6.603480339050293
110,20,2026-08-15T10:42:12.367+08:00,0.035934,0.26002,0.241815,9.5099005e-06,2026-08-15T10:42:20.530+08:00,8.158,5.497313022613525
111,20,2026-08-15T10:42:26.149+08:00,0.118092,0.138848,0.098485,9.5099005e-06,2026-08-15T10:42:34.321+08:00,8.167,5.123612880706787
112,20,2026-08-15T10:42:39.954+08:00,0.04771,0.121225,0.162907,9.5099005e-06,2026-08-15T10:42:48.125+08:00,8.166,8.007051467895508
113,20,2026-08-15T10:42:53.663+08:00,0.106069,0.244238,0.072917,9.5099005e-06,2026-08-15T10:43:01.823+08:00,8.155,6.0433349609375
114,20,2026-08-15T10:43:07.393+08:00,0.194465,0.240189,0.032813,9.5099005e-06,2026-08-15T10:43:15.563+08:00,8.148,7.750245094299316
115,20,2026-08-15T10:43:21.125+08:00,0.079047,0.26553,0.21875,9.5099005e-06,2026-08-15T10:43:29.282+08:00,8.153,3.5510497093200684
116,20,2026-08-15T10:43:34.788+08:00,0.177385,0.228177,0.03125,9.5099005e-06,2026-08-15T10:43:42.930+08:00,8.137,4.44918155670166
117,20,2026-08-15T10:43:48.943+08:00,0.098627,0.160307,0.140809,9.5099005e-06,2026-08-15T10:43:57.092+08:00,8.144,3.765838861465454
118,20,2026-08-15T10:44:02.575+08:00,0.108373,0.178906,0.083333,9.5099005e-06,2026-08-15T10:44:10.731+08:00,8.151,5.6833295822143555
119,20,2026-08-15T10:44:16.231+08:00,0.078122,0.107496,0.06875,9.5099005e-06,2026-08-15T10:44:24.408+08:00,8.172,8.5188570022583
120,20,2026-08-15T10:44:30.215+08:00,0.242728,0.36659,0.097222,9.5099005e-06,2026-08-15T10:44:38.371+08:00,8.151,9.485905647277832
121,20,2026-08-15T10:44:43.999+08:00,0.10669,0.241827,0.077083,9.4148015e-06,2026-08-15T10:44:52.163+08:00,8.158,7.635953903198242
122,20,2026-08-15T10:44:57.719+08:00,0.174368,0.234076,0.050287,9.4148015e-06,2026-08-15T10:45:05.872+08:00,8.148,6.973939418792725
123,20,2026-08-15T10:45:11.344+08:00,0.065302,0.112073,0.084586,9.4148015e-06,2026-08-15T10:45:19.494+08:00,8.146,3.6832146644592285
124,20,2026-08-15T10:45:24.995+08:00,0.193759,0.311938,0.108482,9.4148015e-06,2026-08-15T10:45:33.144+08:00,8.144,1.646606683731079
125,20,2026-08-15T10:45:38.660+08:00,0.084695,0.15572,0.07081,9.4148015e-06,2026-08-15T10:45:46.824+08:00,8.159,1.2788115739822388
126,20,2026-08-15T10:45:52.114+08:00,0.162724,0.324614,0.094246,9.4148015e-06,2026-08-15T10:46:00.263+08:00,8.144,1.4526125192642212
127,20,2026-08-15T10:46:05.849+08:00,0.12904,0.228024,0.109848,9.4148015e-06,2026-08-15T10:46:14.015+08:00,8.161,3.561065673828125
128,20,2026-08-15T10:46:19.556+08:00,0.096115,0.341463,0.166667,9.4148015e-06,2026-08-15T10:46:27.704+08:00,8.142,3.191664934158325
129,20,2026-08-15T10:46:33.281+08:00,0.261631,0.276467,0.026268,9.4148015e-06,2026-08-15T10:46:41.441+08:00,8.155,4.378655910491943
130,20,2026-08-15T10:46:47.049+08:00,0.105714,0.278611,0.114583,9.4148015e-06,2026-08-15T10:46:55.208+08:00,8.154,3.7302074432373047
131,20,2026-08-15T10:47:00.782+08:00,0.087892,0.27537,0.10119,9.4148015e-06,2026-08-15T10:47:08.946+08:00,8.159,4.133462905883789
132,20,2026-08-15T10:47:14.454+08:00,0.066765,0.150253,0.120574,9.4148015e-06,2026-08-15T10:47:22.618+08:00,8.158,2.0446832180023193
133,20,2026-08-15T10:47:28.136+08:00,0.111292,0.240282,0.104167,9.4148015e-06,2026-08-15T10:47:36.293+08:00,8.152,2.600679636001587
134,20,2026-08-15T10:47:41.896+08:00,0.219206,0.26984,0.027473,9.4148015e-06,2026-08-15T10:47:49.998+08:00,8.097,0.9197755455970764
135,20,2026-08-15T10:47:55.574+08:00,0.048715,0.177226,0.08356,9.4148015e-06,2026-08-15T10:48:03.740+08:00,8.161,3.9066083431243896
136,20,2026-08-15T10:48:09.299+08:00,0.139062,0.192881,0.056815,9.4148015e-06,2026-08-15T10:48:17.461+08:00,8.157,0.5004493594169617
137,20,2026-08-15T10:48:22.966+08:00,0.13934,0.196231,0.126276,9.4148015e-06,2026-08-15T10:48:31.142+08:00,8.171,1.1032302379608154
138,20,2026-08-15T10:48:36.777+08:00,0.00461,0.164295,0.21875,9.4148015e-06,2026-08-15T10:48:44.952+08:00,8.172,3.2467026710510254
139,20,2026-08-15T10:48:50.547+08:00,0.073872,0.205886,0.133523,9.4148015e-06,2026-08-15T10:48:58.700+08:00,8.149,1.5760200023651123
140,20,2026-08-15T10:49:04.297+08:00,0.023804,0.284406,0.315972,9.4148015e-06,2026-08-15T10:49:12.440+08:00,8.138,2.229017734527588
141,20,2026-08-15T10:49:17.944+08:00,0.014649,0.247978,0.291667,9.3206535e-06,2026-08-15T10:49:26.098+08:00,8.149,3.0670852661132812
142,20,2026-08-15T10:49:31.634+08:00,0.077447,0.202442,0.125,9.3206535e-06,2026-08-15T10:49:39.796+08:00,8.157,5.47485876083374
143,20,2026-08-15T10:49:45.321+08:00,0.094968,0.168452,0.092654,9.3206535e-06,2026-08-15T10:49:53.480+08:00,8.154,3.1964921951293945
144,20,2026-08-15T10:49:59.024+08:00,0.201215,0.229156,0.046296,9.3206535e-06,2026-08-15T10:50:07.184+08:00,8.155,2.622722625732422
145,20,2026-08-15T10:50:12.728+08:00,0.196152,0.196152,0.0,9.3206535e-06,2026-08-15T10:50:20.887+08:00,8.154,0.12528404593467712
146,20,2026-08-15T10:50:26.486+08:00,0.068305,0.086038,0.043527,9.3206535e-06,2026-08-15T10:50:34.648+08:00,8.157,0.22286659479141235
147,20,2026-08-15T10:50:40.191+08:00,0.114971,0.206267,0.130682,9.3206535e-06,2026-08-15T10:50:48.365+08:00,8.168,2.7366385459899902
148,20,2026-08-15T10:50:53.987+08:00,0.039263,0.26979,0.235042,9.3206535e-06,2026-08-15T10:51:02.150+08:00,8.158,1.970992922782898
149,20,2026-08-15T10:51:07.755+08:00,0.065111,0.120982,0.064549,9.3206535e-06,2026-08-15T10:51:15.917+08:00,8.158,5.51903772354126
150,20,2026-08-15T10:51:21.546+08:00,0.187493,0.197909,0.083333,9.3206535e-06,2026-08-15T10:51:29.700+08:00,8.149,0.28842300176620483
151,20,2026-08-15T10:51:35.286+08:00,0.250689,0.325685,0.080357,9.3206535e-06,2026-08-15T10:51:43.775+08:00,8.484,5.159902572631836
152,20,2026-08-15T10:51:49.390+08:00,0.049103,0.049103,0.015625,9.3206535e-06,2026-08-15T10:51:57.552+08:00,8.158,5.90955924987793
153,20,2026-08-15T10:52:03.121+08:00,0.101577,0.136371,0.131733,9.3206535e-06,2026-08-15T10:52:11.279+08:00,8.153,5.495973587036133
154,20,2026-08-15T10:52:16.822+08:00,0.252861,0.252861,0.020833,9.3206535e-06,2026-08-15T10:52:24.992+08:00,8.165,5.690533638000488
155,20,2026-08-15T10:52:30.522+08:00,0.121359,0.224275,0.121591,9.3206535e-06,2026-08-15T10:52:38.688+08:00,8.16,1.2275426387786865
156,20,2026-08-15T10:52:44.216+08:00,0.157939,0.270437,0.1375,9.3206535e-06,2026-08-15T10:52:52.362+08:00,8.141,2.832258701324463
157,20,2026-08-15T10:52:57.916+08:00,0.107341,0.412667,0.195238,9.3206535e-06,2026-08-15T10:53:06.079+08:00,8.158,3.324913263320923
158,20,2026-08-15T10:53:11.721+08:00,0.119888,0.186855,0.020833,9.3206535e-06,2026-08-15T10:53:19.883+08:00,8.157,5.694450378417969
159,20,2026-08-15T10:53:25.409+08:00,0.262498,0.312498,0.096429,9.3206535e-06,2026-08-15T10:53:33.574+08:00,8.16,2.1906583309173584
160,20,2026-08-15T10:53:39.205+08:00,0.043942,0.049652,0.026261,9.3206535e-06,2026-08-15T10:53:47.375+08:00,8.165,6.719967842102051
161,20,2026-08-15T10:53:52.867+08:00,0.048185,0.176826,0.068452,9.2274469e-06,2026-08-15T10:54:01.038+08:00,8.166,4.181166172027588
162,20,2026-08-15T10:54:06.582+08:00,0.105691,0.246952,0.157812,9.2274469e-06,2026-08-15T10:54:14.745+08:00,8.158,2.57723331451416
163,20,2026-08-15T10:54:20.343+08:00,0.12511,0.166957,0.085417,9.2274469e-06,2026-08-15T10:54:28.501+08:00,8.154,4.013011932373047
164,20,2026-08-15T10:54:34.043+08:00,0.174819,0.356781,0.097222,9.2274469e-06,2026-08-15T10:54:42.198+08:00,8.15,4.250958442687988
165,20,2026-08-15T10:54:47.793+08:00,0.174149,0.324144,0.145833,9.2274469e-06,2026-08-15T10:54:55.954+08:00,8.156,3.679617166519165
166,20,2026-08-15T10:55:01.438+08:00,0.09701,0.128259,0.0625,9.2274469e-06,2026-08-15T10:55:09.602+08:00,8.159,3.090855360031128
167,20,2026-08-15T10:55:15.137+08:00,0.073857,0.219719,0.073615,9.2274469e-06,2026-08-15T10:55:23.302+08:00,8.16,5.820796489715576
168,20,2026-08-15T10:55:28.955+08:00,0.075232,0.143844,0.133631,9.2274469e-06,2026-08-15T10:55:37.137+08:00,8.175,0.5003255009651184
169,20,2026-08-15T10:55:43.419+08:00,0.210764,0.250084,0.125,9.2274469e-06,2026-08-15T10:55:51.594+08:00,8.169,4.240560531616211
170,20,2026-08-15T10:55:57.269+08:00,0.044377,0.202439,0.157341,9.2274469e-06,2026-08-15T10:56:05.467+08:00,8.19,1.9286977052688599
171,20,2026-08-15T10:56:11.232+08:00,0.099635,0.100562,0.023674,9.2274469e-06,2026-08-15T10:56:19.436+08:00,8.183,2.2593162059783936
172,20,2026-08-15T10:56:24.985+08:00,0.066973,0.12247,0.048611,9.2274469e-06,2026-08-15T10:56:33.147+08:00,8.157,1.6064393520355225
173,20,2026-08-15T10:56:38.750+08:00,0.257754,0.266985,0.012821,9.2274469e-06,2026-08-15T10:56:46.912+08:00,8.157,4.973467826843262
174,20,2026-08-15T10:56:52.801+08:00,0.169345,0.203392,0.041667,9.2274469e-06,2026-08-15T10:57:00.991+08:00,8.184,6.185903072357178
175,20,2026-08-15T10:57:06.802+08:00,0.128937,0.231965,0.134896,9.2274469e-06,2026-08-15T10:57:14.963+08:00,8.157,3.7712745666503906
176,20,2026-08-15T10:57:21.050+08:00,0.095842,0.312547,0.21875,9.2274469e-06,2026-08-15T10:57:29.216+08:00,8.158,7.466429710388184
177,20,2026-08-15T10:57:35.375+08:00,0.035541,0.173065,0.155449,9.2274469e-06,2026-08-15T10:57:43.525+08:00,8.144,6.752533435821533
178,20,2026-08-15T10:57:49.674+08:00,0.103218,0.148993,0.153186,9.2274469e-06,2026-08-15T10:57:57.844+08:00,8.165,3.7368838787078857
179,20,2026-08-15T10:58:04.025+08:00,0.143192,0.223746,0.2375,9.2274469e-06,2026-08-15T10:58:12.182+08:00,8.153,3.7095322608947754
180,20,2026-08-15T10:58:18.190+08:00,0.139072,0.147899,0.036458,9.2274469e-06,2026-08-15T10:58:26.346+08:00,8.15,4.707435607910156
181,20,2026-08-15T10:58:32.415+08:00,0.062442,0.24987,0.250151,9.1351725e-06,2026-08-15T10:58:40.570+08:00,8.149,1.9310704469680786
182,20,2026-08-15T10:58:46.790+08:00,0.049578,0.151977,0.098558,9.1351725e-06,2026-08-15T10:58:54.947+08:00,8.15,3.5154988765716553
183,20,2026-08-15T10:59:01.043+08:00,0.062518,0.15271,0.116667,9.1351725e-06,2026-08-15T10:59:09.194+08:00,8.146,2.139359474182129
184,20,2026-08-15T10:59:15.451+08:00,0.187737,0.195039,0.014031,9.1351725e-06,2026-08-15T10:59:23.605+08:00,8.148,2.905241012573242
185,20,2026-08-15T10:59:29.650+08:00,0.108989,0.197075,0.11777,9.1351725e-06,2026-08-15T10:59:37.795+08:00,8.14,0.3137046694755554
186,20,2026-08-15T10:59:45.004+08:00,0.092983,0.104284,0.0625,9.1351725e-06,2026-08-15T10:59:53.123+08:00,8.113,2.062995672225952
187,20,2026-08-15T10:59:59.422+08:00,0.022571,0.107433,0.107619,9.1351725e-06,2026-08-15T11:00:07.582+08:00,8.154,6.026857376098633
188,20,2026-08-15T11:00:13.829+08:00,0.145103,0.259809,0.087798,9.1351725e-06,2026-08-15T11:00:21.984+08:00,8.147,2.75980806350708
189,20,2026-08-15T11:00:28.031+08:00,0.141856,0.264616,0.083333,9.1351725e-06,2026-08-15T11:00:36.119+08:00,8.082,2.9889211654663086
190,20,2026-08-15T11:00:42.227+08:00,0.090736,0.163355,0.15,9.1351725e-06,2026-08-15T11:00:50.387+08:00,8.154,4.418852806091309
191,20,2026-08-15T11:00:56.612+08:00,0.182879,0.245129,0.084981,9.1351725e-06,2026-08-15T11:01:04.774+08:00,8.159,0.6821189522743225
192,20,2026-08-15T11:01:10.906+08:00,0.140732,0.145192,0.01713,9.1351725e-06,2026-08-15T11:01:19.067+08:00,8.156,6.191771507263184
193,20,2026-08-15T11:01:25.191+08:00,0.256543,0.27735,0.041667,9.1351725e-06,2026-08-15T11:01:33.348+08:00,8.151,1.1112358570098877
194,20,2026-08-15T11:01:39.372+08:00,0.110422,0.146162,0.0375,9.1351725e-06,2026-08-15T11:01:47.524+08:00,8.149,1.0071954727172852
195,20,2026-08-15T11:01:53.647+08:00,0.074217,0.109885,0.041667,9.1351725e-06,2026-08-15T11:02:01.789+08:00,8.139,0.23984003067016602
196,20,2026-08-15T11:02:07.875+08:00,0.161272,0.165637,0.034214,9.1351725e-06,2026-08-15T11:02:16.034+08:00,8.154,1.3141518831253052
197,20,2026-08-15T11:02:22.142+08:00,0.136794,0.136794,0.0,9.1351725e-06,2026-08-15T11:02:30.304+08:00,8.156,0.15920811891555786
198,20,2026-08-15T11:02:36.388+08:00,0.171547,0.290173,0.046875,9.1351725e-06,2026-08-15T11:02:44.543+08:00,8.151,1.9468188285827637
199,20,2026-08-15T11:02:50.626+08:00,0.062111,0.203051,0.135915,9.1351725e-06,2026-08-15T11:02:58.780+08:00,8.149,3.8836612701416016
200,20,2026-08-15T11:03:04.856+08:00,0.065369,0.207334,0.172101,9.1351725e-06,2026-08-15T11:03:13.019+08:00,8.157,0.7649602890014648
201,20,2026-08-15T11:03:19.113+08:00,0.055889,0.177181,0.09375,9.0438208e-06,2026-08-15T11:03:27.278+08:00,8.159,3.898103952407837
202,20,2026-08-15T11:03:33.404+08:00,0.134738,0.206426,0.101042,9.0438208e-06,2026-08-15T11:03:41.569+08:00,8.16,3.3463869094848633
203,20,2026-08-15T11:03:47.751+08:00,0.044907,0.0875,0.029167,9.0438208e-06,2026-08-15T11:03:55.909+08:00,8.153,1.069176435470581
204,20,2026-08-15T11:04:02.019+08:00,0.059918,0.292958,0.106771,9.0438208e-06,2026-08-15T11:04:10.167+08:00,8.142,1.292758822441101
205,20,2026-08-15T11:04:16.340+08:00,0.192561,0.294831,0.145833,9.0438208e-06,2026-08-15T11:04:24.496+08:00,8.15,4.4219560623168945
206,20,2026-08-15T11:04:30.580+08:00,0.063614,0.146841,0.041667,9.0438208e-06,2026-08-15T11:04:38.732+08:00,8.146,1.1845048666000366
207,20,2026-08-15T11:04:44.820+08:00,0.003713,0.205878,0.100032,9.0438208e-06,2026-08-15T11:04:52.957+08:00,8.132,1.2807809114456177
208,20,2026-08-15T11:04:59.020+08:00,0.093419,0.099211,0.063389,9.0438208e-06,2026-08-15T11:05:07.156+08:00,8.131,5.0833940505981445
209,20,2026-08-15T11:05:13.292+08:00,0.200691,0.206802,0.014913,9.0438208e-06,2026-08-15T11:05:21.453+08:00,8.155,3.2939226627349854
210,20,2026-08-15T11:05:27.557+08:00,0.062151,0.161727,0.071627,9.0438208e-06,2026-08-15T11:05:35.720+08:00,8.157,6.3711771965026855
211,20,2026-08-15T11:05:41.765+08:00,0.094712,0.214168,0.082968,9.0438208e-06,2026-08-15T11:05:49.913+08:00,8.144,1.6904529333114624
212,20,2026-08-15T11:05:56.031+08:00,0.174123,0.215737,0.075126,9.0438208e-06,2026-08-15T11:06:04.189+08:00,8.152,2.341366767883301
213,20,2026-08-15T11:06:10.342+08:00,0.010246,0.134862,0.109578,9.0438208e-06,2026-08-15T11:06:18.499+08:00,8.151,-0.4994160830974579
214,20,2026-08-15T11:06:24.682+08:00,0.148718,0.194411,0.092448,9.0438208e-06,2026-08-15T11:06:32.841+08:00,8.154,2.7677059173583984
215,20,2026-08-15T11:06:39.018+08:00,0.283154,0.366855,0.114583,9.0438208e-06,2026-08-15T11:06:47.165+08:00,8.141,3.9855966567993164
216,20,2026-08-15T11:06:53.228+08:00,0.069734,0.139009,0.156522,9.0438208e-06,2026-08-15T11:07:01.373+08:00,8.14,2.9339921474456787
217,20,2026-08-15T11:07:07.484+08:00,0.118544,0.270965,0.133333,9.0438208e-06,2026-08-15T11:07:15.645+08:00,8.156,3.3530123233795166
218,20,2026-08-15T11:07:21.794+08:00,0.161528,0.25487,0.083333,9.0438208e-06,2026-08-15T11:07:29.956+08:00,8.156,1.819767951965332
219,20,2026-08-15T11:07:36.179+08:00,0.20111,0.20111,0.0,9.0438208e-06,2026-08-15T11:07:44.315+08:00,8.131,2.4465205669403076
220,20,2026-08-15T11:07:50.408+08:00,0.10785,0.256864,0.135417,9.0438208e-06,2026-08-15T11:07:58.567+08:00,8.153,1.8915786743164062
221,20,2026-08-15T11:08:05.140+08:00,0.026936,0.175971,0.230847,8.9533825e-06,2026-08-15T11:08:13.279+08:00,8.133,4.035194396972656
222,20,2026-08-15T11:08:19.303+08:00,0.154884,0.346074,0.26875,8.9533825e-06,2026-08-15T11:08:27.447+08:00,8.139,5.602124214172363
223,20,2026-08-15T11:08:33.654+08:00,0.064561,0.124833,0.051282,8.9533825e-06,2026-08-15T11:08:41.800+08:00,8.141,5.979957580566406
224,20,2026-08-15T11:08:47.844+08:00,0.06032,0.15234,0.061458,8.9533825e-06,2026-08-15T11:08:56.009+08:00,8.16,3.7583513259887695
225,20,2026-08-15T11:09:02.254+08:00,0.159675,0.200999,0.026471,8.9533825e-06,2026-08-15T11:09:10.414+08:00,8.155,3.4196972846984863
226,20,2026-08-15T11:09:16.446+08:00,0.05436,0.206282,0.05625,8.9533825e-06,2026-08-15T11:09:24.607+08:00,8.156,4.719334602355957
227,20,2026-08-15T11:09:30.707+08:00,0.064885,0.114822,0.05609,8.9533825e-06,2026-08-15T11:09:38.865+08:00,8.152,3.7345781326293945
228,20,2026-08-15T11:09:44.976+08:00,0.246414,0.47128,0.216667,8.9533825e-06,2026-08-15T11:09:53.159+08:00,8.155,2.246980667114258
229,20,2026-08-15T11:09:59.285+08:00,0.049706,0.176475,0.150833,8.9533825e-06,2026-08-15T11:10:07.445+08:00,8.154,5.439597129821777
230,20,2026-08-15T11:10:13.493+08:00,0.047149,0.280068,0.287574,8.9533825e-06,2026-08-15T11:10:21.640+08:00,8.141,1.6721872091293335
231,20,2026-08-15T11:10:27.692+08:00,0.01237,0.234016,0.188725,8.9533825e-06,2026-08-15T11:10:35.792+08:00,8.095,3.34382963180542
232,20,2026-08-15T11:10:41.807+08:00,0.254373,0.380032,0.082435,8.9533825e-06,2026-08-15T11:10:49.942+08:00,8.131,3.4846465587615967
233,20,2026-08-15T11:10:55.960+08:00,0.10587,0.257518,0.283991,8.9533825e-06,2026-08-15T11:11:04.114+08:00,8.151,2.609206438064575
234,20,2026-08-15T11:11:10.138+08:00,0.058422,0.173026,0.177795,8.9533825e-06,2026-08-15T11:11:18.292+08:00,8.151,1.2134695053100586
235,20,2026-08-15T11:11:24.282+08:00,0.158459,0.342262,0.270833,8.9533825e-06,2026-08-15T11:11:32.449+08:00,8.164,3.6836953163146973
236,20,2026-08-15T11:11:38.676+08:00,0.046408,0.121404,0.0625,8.9533825e-06,2026-08-15T11:11:46.840+08:00,8.16,3.4702999591827393
237,20,2026-08-15T11:11:53.002+08:00,0.24842,0.287269,0.076389,8.9533825e-06,2026-08-15T11:12:01.168+08:00,8.161,2.2327587604522705
238,20,2026-08-15T11:12:07.314+08:00,0.123295,0.144425,0.020433,8.9533825e-06,2026-08-15T11:12:15.470+08:00,8.15,2.7070090770721436
239,20,2026-08-15T11:12:21.684+08:00,0.149599,0.272171,0.097169,8.9533825e-06,2026-08-15T11:12:29.848+08:00,8.158,2.475480079650879
240,20,2026-08-15T11:12:35.940+08:00,0.14446,0.237805,0.048246,8.9533825e-06,2026-08-15T11:12:44.093+08:00,8.149,3.7117741107940674
241,20,2026-08-15T11:12:50.191+08:00,0.085829,0.157237,0.078125,8.8638487e-06,2026-08-15T11:12:58.352+08:00,8.155,3.370131492614746
242,20,2026-08-15T11:13:04.428+08:00,0.071171,0.185154,0.084524,8.8638487e-06,2026-08-15T11:13:12.588+08:00,8.154,3.074962615966797
243,20,2026-08-15T11:13:18.672+08:00,0.068626,0.18158,0.112798,8.8638487e-06,2026-08-15T11:13:26.876+08:00,8.196,0.26159191131591797
244,20,2026-08-15T11:13:33.028+08:00,0.078811,0.167364,0.142491,8.8638487e-06,2026-08-15T11:13:41.201+08:00,8.167,0.6136165857315063
245,20,2026-08-15T11:13:47.461+08:00,0.073005,0.189312,0.109119,8.8638487e-06,2026-08-15T11:13:55.632+08:00,8.165,2.349062204360962
246,20,2026-08-15T11:14:01.818+08:00,0.062973,0.086277,0.08125,8.8638487e-06,2026-08-15T11:14:09.979+08:00,8.155,1.021546483039856
247,20,2026-08-15T11:14:16.115+08:00,0.048218,0.327398,0.227679,8.8638487e-06,2026-08-15T11:14:24.281+08:00,8.16,1.3151053190231323
248,20,2026-08-15T11:14:30.481+08:00,0.113461,0.232637,0.221154,8.8638487e-06,2026-08-15T11:14:38.578+08:00,8.091,1.4129070043563843
249,20,2026-08-15T11:14:44.728+08:00,0.108351,0.15823,0.038603,8.8638487e-06,2026-08-15T11:14:52.887+08:00,8.153,3.025226354598999
250,20,2026-08-15T11:14:58.971+08:00,0.091962,0.31495,0.1625,8.8638487e-06,2026-08-15T11:15:07.119+08:00,8.142,1.1694533824920654
251,20,2026-08-15T11:15:13.149+08:00,0.084781,0.219246,0.15625,8.8638487e-06,2026-08-15T11:15:21.289+08:00,8.134,1.3257004022598267
252,20,2026-08-15T11:15:27.338+08:00,0.255354,0.255354,0.0,8.8638487e-06,2026-08-15T11:15:35.501+08:00,8.157,1.3714677095413208
253,20,2026-08-15T11:15:41.546+08:00,0.14134,0.14134,0.0,8.8638487e-06,2026-08-15T11:15:49.697+08:00,8.146,-0.4411959648132324
254,20,2026-08-15T11:15:55.771+08:00,0.147601,0.18968,0.017857,8.8638487e-06,2026-08-15T11:16:03.930+08:00,8.151,1.5318106412887573
255,20,2026-08-15T11:16:10.241+08:00,0.136779,0.289736,0.080357,8.8638487e-06,2026-08-15T11:16:18.400+08:00,8.153,1.954504132270813
256,20,2026-08-15T11:16:25.166+08:00,0.078987,0.241164,0.175,8.8638487e-06,2026-08-15T11:16:33.322+08:00,8.15,2.536220073699951
257,20,2026-08-15T11:16:39.614+08:00,0.177276,0.363237,0.175,8.8638487e-06,2026-08-15T11:16:47.778+08:00,8.159,3.666940927505493
258,20,2026-08-15T11:16:54.140+08:00,0.014506,0.241251,0.168147,8.8638487e-06,2026-08-15T11:17:02.292+08:00,8.146,4.980003833770752
259,20,2026-08-15T11:17:08.448+08:00,0.184824,0.390125,0.21274,8.8638487e-06,2026-08-15T11:17:16.599+08:00,8.146,3.2102389335632324
260,20,2026-08-15T11:17:22.708+08:00,0.111501,0.179167,0.091667,8.8638487e-06,2026-08-15T11:17:30.863+08:00,8.15,0.29598307609558105
261,20,2026-08-15T11:17:36.928+08:00,0.060156,0.212324,0.217937,8.7752102e-06,2026-08-15T11:17:45.094+08:00,8.159,3.946702241897583
262,20,2026-08-15T11:17:51.175+08:00,0.002442,0.353709,0.261607,8.7752102e-06,2026-08-15T11:17:59.323+08:00,8.143,1.5377789735794067
263,20,2026-08-15T11:18:05.459+08:00,0.219533,0.429539,0.127778,8.7752102e-06,2026-08-15T11:18:13.603+08:00,8.138,4.017808437347412
264,20,2026-08-15T11:18:19.721+08:00,0.132827,0.363244,0.15625,8.7752102e-06,2026-08-15T11:18:27.885+08:00,8.158,3.531024932861328
265,20,2026-08-15T11:18:34.070+08:00,0.242042,0.325372,0.0625,8.7752102e-06,2026-08-15T11:18:42.240+08:00,8.165,3.957587242126465
266,20,2026-08-15T11:18:48.273+08:00,0.204252,0.205809,0.006162,8.7752102e-06,2026-08-15T11:18:56.424+08:00,8.147,0.5711600184440613
267,20,2026-08-15T11:19:02.590+08:00,0.089963,0.202381,0.114583,8.7752102e-06,2026-08-15T11:19:10.744+08:00,8.148,0.05012226104736328
268,20,2026-08-15T11:19:16.864+08:00,0.107213,0.223399,0.127976,8.7752102e-06,2026-08-15T11:19:25.028+08:00,8.158,-1.7243263721466064
269,20,2026-08-15T11:19:31.053+08:00,0.177399,0.225615,0.0625,8.7752102e-06,2026-08-15T11:19:39.207+08:00,8.147,4.117339134216309
270,20,2026-08-15T11:19:45.527+08:00,0.007688,0.220178,0.198864,8.7752102e-06,2026-08-15T11:19:53.685+08:00,8.152,-0.1892639398574829
271,20,2026-08-15T11:19:59.805+08:00,0.057219,0.347529,0.327083,8.7752102e-06,2026-08-15T11:20:07.966+08:00,8.155,6.286622047424316
272,20,2026-08-15T11:20:14.018+08:00,0.142816,0.217816,0.098958,8.7752102e-06,2026-08-15T11:20:22.161+08:00,8.138,2.058366298675537
273,20,2026-08-15T11:20:28.270+08:00,0.042141,0.197702,0.228571,8.7752102e-06,2026-08-15T11:20:36.435+08:00,8.158,-2.046694278717041
274,20,2026-08-15T11:20:42.590+08:00,0.111173,0.271569,0.164187,8.7752102e-06,2026-08-15T11:20:50.747+08:00,8.152,1.4392341375350952
275,20,2026-08-15T11:20:56.937+08:00,0.091958,0.150989,0.055729,8.7752102e-06,2026-08-15T11:21:05.100+08:00,8.158,2.0372729301452637
276,20,2026-08-15T11:21:11.344+08:00,0.073767,0.177561,0.096934,8.7752102e-06,2026-08-15T11:21:19.505+08:00,8.155,6.209163665771484
277,20,2026-08-15T11:21:25.575+08:00,0.140624,0.160714,0.056548,8.7752102e-06,2026-08-15T11:21:33.734+08:00,8.153,3.1254961490631104
278,20,2026-08-15T11:21:39.813+08:00,0.19424,0.218057,0.025253,8.7752102e-06,2026-08-15T11:21:47.973+08:00,8.154,3.2180981636047363
279,20,2026-08-15T11:21:54.042+08:00,0.077883,0.259058,0.252083,8.7752102e-06,2026-08-15T11:22:02.196+08:00,8.148,2.791388511657715
280,20,2026-08-15T11:22:08.311+08:00,0.127084,0.271745,0.078472,8.7752102e-06,2026-08-15T11:22:16.475+08:00,8.155,0.6561937928199768
281,20,2026-08-15T11:22:22.487+08:00,0.153841,0.154647,0.023284,8.6874581e-06,2026-08-15T11:22:30.645+08:00,8.152,2.10945987701416
282,20,2026-08-15T11:22:36.769+08:00,0.244315,0.26215,0.059524,8.6874581e-06,2026-08-15T11:22:44.934+08:00,8.16,1.4366683959960938
283,20,2026-08-15T11:22:51.073+08:00,0.089884,0.39321,0.2125,8.6874581e-06,2026-08-15T11:22:59.223+08:00,8.144,4.385302543640137
284,20,2026-08-15T11:23:05.242+08:00,0.199679,0.327202,0.112103,8.6874581e-06,2026-08-15T11:23:13.405+08:00,8.157,3.8488574028015137
285,20,2026-08-15T11:23:19.470+08:00,0.035285,0.060623,0.070501,8.6874581e-06,2026-08-15T11:23:27.632+08:00,8.139,-0.4515742063522339
286,20,2026-08-15T11:23:33.656+08:00,0.072481,0.111221,0.064205,8.6874581e-06,2026-08-15T11:23:41.818+08:00,8.156,2.8494012355804443
287,20,2026-08-15T11:23:47.873+08:00,0.218875,0.26193,0.059028,8.6874581e-06,2026-08-15T11:23:56.018+08:00,8.14,2.4286742210388184
288,20,2026-08-15T11:24:02.172+08:00,0.085769,0.110687,0.035714,8.6874581e-06,2026-08-15T11:24:10.336+08:00,8.158,4.040309429168701
289,20,2026-08-15T11:24:16.403+08:00,0.106602,0.168681,0.05056,8.6874581e-06,2026-08-15T11:24:24.562+08:00,8.153,2.9206085205078125
290,20,2026-08-15T11:24:30.726+08:00,0.218665,0.265537,0.0625,8.6874581e-06,2026-08-15T11:24:39.237+08:00,8.505,-0.575140118598938
291,20,2026-08-15T11:24:45.410+08:00,0.018957,0.148368,0.162388,8.6874581e-06,2026-08-15T11:24:53.572+08:00,8.156,1.1308053731918335
292,20,2026-08-15T11:24:59.812+08:00,0.110505,0.287854,0.142094,8.6874581e-06,2026-08-15T11:25:07.976+08:00,8.159,4.508745193481445
293,20,2026-08-15T11:25:14.068+08:00,0.206523,0.270453,0.118056,8.6874581e-06,2026-08-15T11:25:22.229+08:00,8.156,1.0244897603988647
294,20,2026-08-15T11:25:28.333+08:00,0.020385,0.177941,0.220833,8.6874581e-06,2026-08-15T11:25:36.493+08:00,8.153,-0.822770893573761
295,20,2026-08-15T11:25:42.612+08:00,0.095207,0.192837,0.088542,8.6874581e-06,2026-08-15T11:25:50.776+08:00,8.158,3.891526222229004
296,20,2026-08-15T11:25:56.897+08:00,0.096266,0.220461,0.075149,8.6874581e-06,2026-08-15T11:26:05.047+08:00,8.144,6.179958343505859
297,20,2026-08-15T11:26:11.095+08:00,0.110565,0.292244,0.066667,8.6874581e-06,2026-08-15T11:26:19.251+08:00,8.151,2.9517040252685547
298,20,2026-08-15T11:26:25.335+08:00,0.032783,0.201637,0.107639,8.6874581e-06,2026-08-15T11:26:33.497+08:00,8.157,3.6095118522644043
299,20,2026-08-15T11:26:39.531+08:00,0.036694,0.183314,0.115865,8.6874581e-06,2026-08-15T11:26:47.688+08:00,8.152,3.202224016189575
300,20,2026-08-15T11:26:53.778+08:00,0.014436,0.287784,0.201442,8.6874581e-06,2026-08-15T11:27:01.944+08:00,8.16,4.148770809173584
301,20,2026-08-15T11:27:07.851+08:00,0.104845,0.218796,0.139583,8.6005835e-06,2026-08-15T11:27:16.011+08:00,8.154,2.1773016452789307
302,20,2026-08-15T11:27:22.151+08:00,0.171703,0.24533,0.025,8.6005835e-06,2026-08-15T11:27:30.321+08:00,8.165,5.649516582489014
303,20,2026-08-15T11:27:36.457+08:00,0.324897,0.353549,0.071429,8.6005835e-06,2026-08-15T11:27:44.609+08:00,8.146,5.585630893707275
304,20,2026-08-15T11:27:50.728+08:00,0.081107,0.17996,0.15,8.6005835e-06,2026-08-15T11:27:58.909+08:00,8.176,2.4366257190704346
305,20,2026-08-15T11:28:04.903+08:00,0.281396,0.3625,0.145833,8.6005835e-06,2026-08-15T11:28:13.065+08:00,8.157,0.1263403743505478
306,20,2026-08-15T11:28:19.280+08:00,0.182359,0.350473,0.09375,8.6005835e-06,2026-08-15T11:28:27.433+08:00,8.146,1.581946849822998
307,20,2026-08-15T11:28:33.457+08:00,0.132044,0.166741,0.088745,8.6005835e-06,2026-08-15T11:28:41.621+08:00,8.158,2.4438247680664062
308,20,2026-08-15T11:28:47.667+08:00,0.082643,0.110262,0.130208,8.6005835e-06,2026-08-15T11:28:55.826+08:00,8.153,1.0460821390151978
309,20,2026-08-15T11:29:01.897+08:00,0.097292,0.214447,0.237153,8.6005835e-06,2026-08-15T11:29:10.053+08:00,8.151,3.2848682403564453
310,20,2026-08-15T11:29:16.176+08:00,0.202232,0.327227,0.0625,8.6005835e-06,2026-08-15T11:29:24.311+08:00,8.129,1.7568551301956177
311,20,2026-08-15T11:29:30.429+08:00,0.080966,0.130966,0.094567,8.6005835e-06,2026-08-15T11:29:38.597+08:00,8.162,2.54821515083313
312,20,2026-08-15T11:29:44.706+08:00,0.317989,0.442527,0.0875,8.6005835e-06,2026-08-15T11:29:52.857+08:00,8.144,2.726511001586914
313,20,2026-08-15T11:29:58.922+08:00,0.048836,0.288294,0.142857,8.6005835e-06,2026-08-15T11:30:07.073+08:00,8.146,3.6347403526306152
314,20,2026-08-15T11:30:13.230+08:00,0.185073,0.252084,0.05625,8.6005835e-06,2026-08-15T11:30:21.389+08:00,8.153,3.6484761238098145
315,20,2026-08-15T11:30:27.537+08:00,0.263603,0.3136,0.0625,8.6005835e-06,2026-08-15T11:30:35.688+08:00,8.145,4.026941299438477
316,20,2026-08-15T11:30:41.697+08:00,0.204669,0.22512,0.025,8.6005835e-06,2026-08-15T11:30:49.863+08:00,8.16,2.0507519245147705
317,20,2026-08-15T11:30:55.966+08:00,0.035494,0.084251,0.099958,8.6005835e-06,2026-08-15T11:31:04.129+08:00,8.158,0.8026713728904724
318,20,2026-08-15T11:31:10.246+08:00,0.046439,0.090432,0.099199,8.6005835e-06,2026-08-15T11:31:18.396+08:00,8.144,1.8829301595687866
319,20,2026-08-15T11:31:24.482+08:00,0.158235,0.241564,0.104167,8.6005835e-06,2026-08-15T11:31:32.634+08:00,8.147,1.7449121475219727
320,20,2026-08-15T11:31:38.787+08:00,0.152969,0.177366,0.099107,8.6005835e-06,2026-08-15T11:31:46.947+08:00,8.154,1.0840516090393066
321,20,2026-08-15T11:31:53.007+08:00,0.231442,0.231442,0.008929,8.5145777e-06,2026-08-15T11:32:01.152+08:00,8.139,1.1715458631515503
322,20,2026-08-15T11:32:07.248+08:00,0.151071,0.184537,0.05625,8.5145777e-06,2026-08-15T11:32:15.394+08:00,8.14,-0.28002023696899414
323,20,2026-08-15T11:32:21.500+08:00,0.047142,0.229739,0.201103,8.5145777e-06,2026-08-15T11:32:29.653+08:00,8.148,2.017697334289551
324,20,2026-08-15T11:32:36.274+08:00,0.142902,0.24171,0.075149,8.5145777e-06,2026-08-15T11:32:44.420+08:00,8.141,1.1659489870071411
325,20,2026-08-15T11:32:50.547+08:00,0.208487,0.358153,0.13961,8.5145777e-06,2026-08-15T11:32:58.703+08:00,8.15,3.265984535217285
326,20,2026-08-15T11:33:04.737+08:00,0.153191,0.178159,0.041667,8.5145777e-06,2026-08-15T11:33:12.884+08:00,8.141,1.2532845735549927
327,20,2026-08-15T11:33:18.937+08:00,0.14212,0.218502,0.175,8.5145777e-06,2026-08-15T11:33:27.086+08:00,8.143,2.159118413925171
328,20,2026-08-15T11:33:33.239+08:00,0.14901,0.275694,0.186756,8.5145777e-06,2026-08-15T11:33:41.394+08:00,8.149,3.6401431560516357
329,20,2026-08-15T11:33:47.443+08:00,0.044747,0.097438,0.051339,8.5145777e-06,2026-08-15T11:33:55.584+08:00,8.135,1.5123023986816406
330,20,2026-08-15T11:34:01.690+08:00,0.07836,0.124187,0.039912,8.5145777e-06,2026-08-15T11:34:09.841+08:00,8.145,0.8104724884033203
331,20,2026-08-15T11:34:15.877+08:00,0.130643,0.245139,0.091667,8.5145777e-06,2026-08-15T11:34:24.030+08:00,8.148,1.419889211654663
332,20,2026-08-15T11:34:30.110+08:00,0.139877,0.286362,0.128086,8.5145777e-06,2026-08-15T11:34:38.245+08:00,8.13,0.9790313243865967
333,20,2026-08-15T11:34:44.383+08:00,0.098278,0.139423,0.05625,8.5145777e-06,2026-08-15T11:34:52.530+08:00,8.142,0.9463793039321899
334,20,2026-08-15T11:34:58.618+08:00,0.176629,0.345138,0.124167,8.5145777e-06,2026-08-15T11:35:06.773+08:00,8.149,1.7007484436035156
335,20,2026-08-15T11:35:12.819+08:00,0.163376,0.337995,0.141369,8.5145777e-06,2026-08-15T11:35:20.981+08:00,8.155,2.3479197025299072
336,20,2026-08-15T11:35:27.103+08:00,0.01979,0.098907,0.107476,8.5145777e-06,2026-08-15T11:35:35.269+08:00,8.16,1.6437386274337769
337,20,2026-08-15T11:35:41.314+08:00,0.067671,0.130315,0.090436,8.5145777e-06,2026-08-15T11:35:49.468+08:00,8.149,-0.2792505621910095
338,20,2026-08-15T11:35:55.629+08:00,0.150392,0.205966,0.125502,8.5145777e-06,2026-08-15T11:36:03.785+08:00,8.15,1.1389920711517334
339,20,2026-08-15T11:36:09.824+08:00,0.115201,0.122743,0.02963,8.5145777e-06,2026-08-15T11:36:17.974+08:00,8.145,0.732184648513794
340,20,2026-08-15T11:36:24.052+08:00,0.013696,0.134722,0.122396,8.5145777e-06,2026-08-15T11:36:32.209+08:00,8.152,1.1151237487792969
341,20,2026-08-15T11:36:38.259+08:00,0.024931,0.249999,0.183239,8.4294319e-06,2026-08-15T11:36:46.393+08:00,8.128,-1.5269737243652344
342,20,2026-08-15T11:36:52.493+08:00,0.019329,0.261087,0.15625,8.4294319e-06,2026-08-15T11:37:00.645+08:00,8.147,0.9045566320419312
343,20,2026-08-15T11:37:06.719+08:00,0.153522,0.228066,0.077381,8.4294319e-06,2026-08-15T11:37:14.841+08:00,8.098,-0.45434296131134033
344,20,2026-08-15T11:37:20.882+08:00,0.32419,0.343887,0.055556,8.4294319e-06,2026-08-15T11:37:29.030+08:00,8.142,1.2896357774734497
345,20,2026-08-15T11:37:35.098+08:00,0.194967,0.218128,0.0125,8.4294319e-06,2026-08-15T11:37:43.257+08:00,8.154,2.1636619567871094
346,20,2026-08-15T11:37:49.291+08:00,0.092015,0.18425,0.055691,8.4294319e-06,2026-08-15T11:37:57.446+08:00,8.15,0.7816336154937744
347,20,2026-08-15T11:38:03.511+08:00,0.374246,0.436121,0.018697,8.4294319e-06,2026-08-15T11:38:11.666+08:00,8.15,-0.7870564460754395
348,20,2026-08-15T11:38:17.759+08:00,0.140367,0.273106,0.150649,8.4294319e-06,2026-08-15T11:38:25.915+08:00,8.15,1.240452527999878
349,20,2026-08-15T11:38:31.956+08:00,0.145713,0.209789,0.068287,8.4294319e-06,2026-08-15T11:38:40.108+08:00,8.145,-0.06792330741882324
350,25,2026-08-15T11:38:46.133+08:00,0.12277,0.263296,0.139286,8.4294319e-06,2026-08-15T11:38:54.272+08:00,8.134,2.75537109375
351,25,2026-08-15T11:39:00.283+08:00,0.169188,0.324247,0.168452,8.4294319e-06,2026-08-15T11:39:08.431+08:00,8.143,-0.49228253960609436
352,25,2026-08-15T11:39:14.411+08:00,0.224613,0.271451,0.035714,8.4294319e-06,2026-08-15T11:39:22.559+08:00,8.143,2.679612636566162
353,25,2026-08-15T11:39:28.665+08:00,0.23714,0.350934,0.082292,8.4294319e-06,2026-08-15T11:39:36.824+08:00,8.153,-0.027715623378753662
354,25,2026-08-15T11:39:42.898+08:00,0.160656,0.327081,0.125,8.4294319e-06,2026-08-15T11:39:51.059+08:00,8.155,1.7222141027450562
355,25,2026-08-15T11:39:57.150+08:00,0.112353,0.208903,0.035714,8.4294319e-06,2026-08-15T11:40:05.312+08:00,8.157,-0.1702253818511963
356,25,2026-08-15T11:40:11.436+08:00,0.097953,0.144678,0.017857,8.4294319e-06,2026-08-15T11:40:19.596+08:00,8.155,2.429795742034912
357,25,2026-08-15T11:40:25.682+08:00,0.078788,0.098388,0.064907,8.4294319e-06,2026-08-15T11:40:33.838+08:00,8.15,-0.7022465467453003
358,25,2026-08-15T11:40:39.984+08:00,0.161674,0.254845,0.057292,8.4294319e-06,2026-08-15T11:40:48.138+08:00,8.148,3.2647106647491455
359,25,2026-08-15T11:40:54.716+08:00,0.024936,0.282008,0.22619,8.4294319e-06,2026-08-15T11:41:02.854+08:00,8.133,1.969863772392273
360,25,2026-08-15T11:41:09.094+08:00,0.04115,0.079946,0.046875,8.4294319e-06,2026-08-15T11:41:17.241+08:00,8.141,2.6806640625
361,25,2026-08-15T11:41:23.318+08:00,0.067444,0.168719,0.109703,8.3451376e-06,2026-08-15T11:41:31.481+08:00,8.157,2.9421238899230957
362,25,2026-08-15T11:41:37.586+08:00,0.111784,0.148044,0.068452,8.3451376e-06,2026-08-15T11:41:45.745+08:00,8.153,4.13931941986084
363,25,2026-08-15T11:41:51.904+08:00,0.219066,0.22077,0.007812,8.3451376e-06,2026-08-15T11:42:00.059+08:00,8.15,1.9251047372817993
364,25,2026-08-15T11:42:06.155+08:00,0.11982,0.126146,0.005952,8.3451376e-06,2026-08-15T11:42:14.312+08:00,8.152,-0.2673746347427368
365,25,2026-08-15T11:42:20.401+08:00,0.115111,0.171929,0.083333,8.3451376e-06,2026-08-15T11:42:28.560+08:00,8.153,1.9079599380493164
366,25,2026-08-15T11:42:34.677+08:00,0.273079,0.322541,0.057292,8.3451376e-06,2026-08-15T11:42:42.833+08:00,8.15,2.7773399353027344
367,25,2026-08-15T11:42:48.970+08:00,0.13208,0.197638,0.066667,8.3451376e-06,2026-08-15T11:42:57.123+08:00,8.147,0.7476977109909058
368,25,2026-08-15T11:43:03.228+08:00,0.097279,0.216613,0.096591,8.3451376e-06,2026-08-15T11:43:11.382+08:00,8.148,0.5914149284362793
369,25,2026-08-15T11:43:17.488+08:00,0.120766,0.279701,0.12963,8.3451376e-06,2026-08-15T11:43:25.636+08:00,8.143,0.280570924282074
370,25,2026-08-15T11:43:31.732+08:00,0.178835,0.392498,0.161458,8.3451376e-06,2026-08-15T11:43:39.890+08:00,8.152,0.7823110222816467
371,25,2026-08-15T11:43:46.048+08:00,0.163708,0.319958,0.125,8.3451376e-06,2026-08-15T11:43:54.210+08:00,8.156,1.8518328666687012
372,25,2026-08-15T11:44:00.430+08:00,0.150237,0.174849,0.020833,8.3451376e-06,2026-08-15T11:44:08.578+08:00,8.143,0.9901246428489685
373,25,2026-08-15T11:44:14.758+08:00,0.174618,0.19169,0.022204,8.3451376e-06,2026-08-15T11:44:22.915+08:00,8.154,2.5255770683288574
374,25,2026-08-15T11:44:29.000+08:00,0.065682,0.090811,0.042615,8.3451376e-06,2026-08-15T11:44:37.164+08:00,8.158,1.374592661857605
375,25,2026-08-15T11:44:43.227+08:00,0.090378,0.091844,0.013523,8.3451376e-06,2026-08-15T11:44:51.397+08:00,8.165,2.7149274349212646
376,25,2026-08-15T11:44:57.415+08:00,0.042556,0.042556,0.007812,8.3451376e-06,2026-08-15T11:45:05.581+08:00,8.16,0.5886043906211853
377,25,2026-08-15T11:45:11.629+08:00,0.128426,0.296461,0.176282,8.3451376e-06,2026-08-15T11:45:19.767+08:00,8.132,2.937062978744507
378,25,2026-08-15T11:45:25.856+08:00,0.092016,0.200054,0.114706,8.3451376e-06,2026-08-15T11:45:33.999+08:00,8.137,0.4289606511592865
379,25,2026-08-15T11:45:40.036+08:00,0.041987,0.119474,0.139583,8.3451376e-06,2026-08-15T11:45:48.173+08:00,8.131,0.14329057931900024
380,25,2026-08-15T11:45:54.286+08:00,0.107304,0.211993,0.142857,8.3451376e-06,2026-08-15T11:46:02.427+08:00,8.135,1.801985502243042
381,25,2026-08-15T11:46:08.623+08:00,0.046143,0.093098,0.051515,8.2616862e-06,2026-08-15T11:46:16.777+08:00,8.148,2.5398976802825928
382,25,2026-08-15T11:46:23.006+08:00,0.111412,0.150554,0.125,8.2616862e-06,2026-08-15T11:46:31.165+08:00,8.153,1.143371343612671
383,25,2026-08-15T11:46:37.266+08:00,0.127437,0.246996,0.131696,8.2616862e-06,2026-08-15T11:46:45.419+08:00,8.148,1.637397050857544
384,25,2026-08-15T11:46:51.504+08:00,0.135137,0.343134,0.134375,8.2616862e-06,2026-08-15T11:46:59.653+08:00,8.144,0.4937443733215332
385,25,2026-08-15T11:47:05.864+08:00,0.143332,0.346225,0.108974,8.2616862e-06,2026-08-15T11:47:14.024+08:00,8.154,-0.5987259745597839
386,25,2026-08-15T11:47:20.108+08:00,0.162965,0.208682,0.102056,8.2616862e-06,2026-08-15T11:47:28.259+08:00,8.146,3.992201328277588
387,25,2026-08-15T11:47:34.412+08:00,0.187292,0.378013,0.127687,8.2616862e-06,2026-08-15T11:47:42.555+08:00,8.138,-0.375957727432251
388,25,2026-08-15T11:47:48.729+08:00,0.146122,0.192906,0.052083,8.2616862e-06,2026-08-15T11:47:56.885+08:00,8.15,1.9688570499420166
389,25,2026-08-15T11:48:03.122+08:00,0.116817,0.172157,0.083333,8.2616862e-06,2026-08-15T11:48:11.282+08:00,8.154,2.308971881866455
390,25,2026-08-15T11:48:17.370+08:00,0.238218,0.275718,0.083333,8.2616862e-06,2026-08-15T11:48:25.524+08:00,8.148,2.2371692657470703
391,25,2026-08-15T11:48:31.591+08:00,0.151559,0.276558,0.0875,8.2616862e-06,2026-08-15T11:48:39.746+08:00,8.149,3.628312587738037
392,25,2026-08-15T11:48:45.812+08:00,0.177844,0.179033,0.00625,8.2616862e-06,2026-08-15T11:48:53.966+08:00,8.148,3.140955924987793
393,25,2026-08-15T11:49:00.032+08:00,0.021203,0.120464,0.08927,8.2616862e-06,2026-08-15T11:49:08.190+08:00,8.152,-1.8779451847076416
394,25,2026-08-15T11:49:14.868+08:00,0.234337,0.302595,0.11875,8.2616862e-06,2026-08-15T11:49:23.016+08:00,8.143,1.116793155670166
395,25,2026-08-15T11:49:29.203+08:00,0.133791,0.258341,0.10928,8.2616862e-06,2026-08-15T11:49:37.316+08:00,8.108,1.2957594394683838
396,25,2026-08-15T11:49:43.428+08:00,0.089803,0.266783,0.184524,8.2616862e-06,2026-08-15T11:49:51.567+08:00,8.134,1.1139211654663086
397,25,2026-08-15T11:49:57.727+08:00,0.133544,0.254575,0.153274,8.2616862e-06,2026-08-15T11:50:05.882+08:00,8.15,1.3091480731964111
398,25,2026-08-15T11:50:12.013+08:00,0.020349,0.151853,0.119444,8.2616862e-06,2026-08-15T11:50:20.158+08:00,8.139,1.3243829011917114
399,25,2026-08-15T11:50:26.302+08:00,0.003606,0.051384,0.06087,8.2616862e-06,2026-08-15T11:50:34.456+08:00,8.149,0.8975501656532288
400,25,2026-08-15T11:50:40.532+08:00,0.075477,0.179353,0.11305,8.2616862e-06,2026-08-15T11:50:48.702+08:00,8.142,-0.043466150760650635
401,25,2026-08-15T11:50:54.707+08:00,0.192762,0.282048,0.075,8.1790694e-06,2026-08-15T11:51:02.850+08:00,8.137,3.027491807937622
402,25,2026-08-15T11:51:08.915+08:00,0.056245,0.116089,0.086806,8.1790694e-06,2026-08-15T11:51:17.065+08:00,8.144,5.804702281951904
403,25,2026-08-15T11:51:23.125+08:00,0.14771,0.24735,0.09375,8.1790694e-06,2026-08-15T11:51:31.271+08:00,8.14,6.797906875610352
404,25,2026-08-15T11:51:37.275+08:00,0.233394,0.264079,0.031944,8.1790694e-06,2026-08-15T11:51:45.431+08:00,8.15,2.7256579399108887
405,25,2026-08-15T11:51:51.487+08:00,0.11444,0.156488,0.060049,8.1790694e-06,2026-08-15T11:51:59.630+08:00,8.138,1.9141807556152344
406,25,2026-08-15T11:52:05.683+08:00,0.052753,0.052753,0.016207,8.1790694e-06,2026-08-15T11:52:13.828+08:00,8.138,1.8456099033355713
407,25,2026-08-15T11:52:19.958+08:00,0.162673,0.309029,0.130556,8.1790694e-06,2026-08-15T11:52:28.104+08:00,8.139,0.7737553119659424
408,25,2026-08-15T11:52:34.109+08:00,0.090768,0.108803,0.013889,8.1790694e-06,2026-08-15T11:52:42.272+08:00,8.157,1.467494010925293
409,25,2026-08-15T11:52:48.294+08:00,0.235506,0.262694,0.028503,8.1790694e-06,2026-08-15T11:52:56.427+08:00,8.13,2.1232540607452393
410,25,2026-08-15T11:53:02.603+08:00,0.143637,0.147256,0.004808,8.1790694e-06,2026-08-15T11:53:10.757+08:00,8.149,2.849388599395752
411,25,2026-08-15T11:53:16.841+08:00,0.082391,0.146522,0.095963,8.1790694e-06,2026-08-15T11:53:24.988+08:00,8.142,-0.11117330193519592
412,25,2026-08-15T11:53:31.019+08:00,0.124989,0.270261,0.106731,8.1790694e-06,2026-08-15T11:53:39.145+08:00,8.12,1.32718026638031
413,25,2026-08-15T11:53:45.238+08:00,0.167209,0.309663,0.112872,8.1790694e-06,2026-08-15T11:53:53.385+08:00,8.142,0.11158359050750732
414,25,2026-08-15T11:53:59.447+08:00,0.144444,0.144444,0.025,8.1790694e-06,2026-08-15T11:54:07.600+08:00,8.148,1.448904275894165
415,25,2026-08-15T11:54:13.670+08:00,0.103518,0.114786,0.043644,8.1790694e-06,2026-08-15T11:54:21.824+08:00,8.149,0.10263794660568237
416,25,2026-08-15T11:54:27.892+08:00,0.234834,0.364583,0.062431,8.1790694e-06,2026-08-15T11:54:36.041+08:00,8.143,1.2618392705917358
417,25,2026-08-15T11:54:42.227+08:00,0.179408,0.225342,0.059615,8.1790694e-06,2026-08-15T11:54:50.378+08:00,8.146,4.24733829498291
418,25,2026-08-15T11:54:56.532+08:00,0.023974,0.150376,0.126562,8.1790694e-06,2026-08-15T11:55:04.683+08:00,8.145,3.445880889892578
419,25,2026-08-15T11:55:10.716+08:00,0.078143,0.12766,0.046327,8.1790694e-06,2026-08-15T11:55:18.863+08:00,8.142,3.917728900909424
420,25,2026-08-15T11:55:24.936+08:00,0.180762,0.20506,0.017857,8.1790694e-06,2026-08-15T11:55:33.090+08:00,8.148,3.3031492233276367
421,25,2026-08-15T11:55:39.238+08:00,0.19576,0.244243,0.05953,8.0972787e-06,2026-08-15T11:55:47.391+08:00,8.149,0.3787371814250946
422,25,2026-08-15T11:55:53.427+08:00,0.160774,0.262228,0.08774,8.0972787e-06,2026-08-15T11:56:01.584+08:00,8.152,1.526183843612671
423,25,2026-08-15T11:56:07.615+08:00,0.261905,0.261905,0.0,8.0972787e-06,2026-08-15T11:56:15.719+08:00,8.099,0.19703739881515503
424,25,2026-08-15T11:56:21.750+08:00,0.147927,0.2457,0.124242,8.0972787e-06,2026-08-15T11:56:29.906+08:00,8.15,4.281033039093018
425,25,2026-08-15T11:56:35.995+08:00,0.080855,0.202581,0.092431,8.0972787e-06,2026-08-15T11:56:44.155+08:00,8.155,1.512524962425232
426,25,2026-08-15T11:56:50.231+08:00,0.000849,0.102841,0.126339,8.0972787e-06,2026-08-15T11:56:58.391+08:00,8.153,1.8278898000717163
427,25,2026-08-15T11:57:04.449+08:00,0.077956,0.184268,0.100481,8.0972787e-06,2026-08-15T11:57:12.587+08:00,8.133,3.617581844329834
428,25,2026-08-15T11:57:19.126+08:00,0.200943,0.2188,0.064261,8.0972787e-06,2026-08-15T11:57:27.276+08:00,8.144,1.257303237915039
429,25,2026-08-15T11:57:33.305+08:00,0.104115,0.262649,0.049107,8.0972787e-06,2026-08-15T11:57:41.450+08:00,8.14,-0.5511492490768433
430,25,2026-08-15T11:57:47.479+08:00,0.151536,0.301488,0.114583,8.0972787e-06,2026-08-15T11:57:55.624+08:00,8.14,0.2581428289413452
431,25,2026-08-15T11:58:01.710+08:00,0.044518,0.094518,0.0625,8.0972787e-06,2026-08-15T11:58:09.859+08:00,8.143,1.9673442840576172
432,25,2026-08-15T11:58:15.951+08:00,0.135432,0.203092,0.062014,8.0972787e-06,2026-08-15T11:58:24.111+08:00,8.153,0.6932958364486694
433,25,2026-08-15T11:58:30.322+08:00,0.159911,0.251401,0.0625,8.0972787e-06,2026-08-15T11:58:38.464+08:00,8.134,2.8450024127960205
434,25,2026-08-15T11:58:44.618+08:00,0.036938,0.123531,0.09375,8.0972787e-06,2026-08-15T11:58:52.757+08:00,8.134,0.9563974142074585
435,25,2026-08-15T11:58:58.875+08:00,0.145247,0.219742,0.025,8.0972787e-06,2026-08-15T11:59:07.025+08:00,8.144,0.5083082914352417
436,25,2026-08-15T11:59:13.131+08:00,0.178783,0.263192,0.108333,8.0972787e-06,2026-08-15T11:59:21.285+08:00,8.149,0.06293308734893799
437,25,2026-08-15T11:59:27.377+08:00,0.021378,0.186742,0.143308,8.0972787e-06,2026-08-15T11:59:35.535+08:00,8.154,2.157566547393799
438,25,2026-08-15T11:59:41.611+08:00,0.133207,0.158606,0.084707,8.0972787e-06,2026-08-15T11:59:49.767+08:00,8.15,1.0293605327606201
439,25,2026-08-15T11:59:55.849+08:00,0.05005,0.137149,0.046667,8.0972787e-06,2026-08-15T12:00:04.006+08:00,8.151,0.9836890697479248
440,25,2026-08-15T12:00:10.065+08:00,0.057162,0.271622,0.180556,8.0972787e-06,2026-08-15T12:00:18.211+08:00,8.139,1.3851184844970703
441,25,2026-08-15T12:00:24.292+08:00,0.060211,0.127824,0.104397,8.0163059e-06,2026-08-15T12:00:32.442+08:00,8.143,3.8755619525909424
442,25,2026-08-15T12:00:38.548+08:00,0.084872,0.222572,0.083333,8.0163059e-06,2026-08-15T12:00:46.701+08:00,8.147,1.312900424003601
443,25,2026-08-15T12:00:52.874+08:00,0.069226,0.222546,0.136905,8.0163059e-06,2026-08-15T12:01:01.031+08:00,8.151,1.7257121801376343
444,25,2026-08-15T12:01:07.148+08:00,0.052421,0.162518,0.134734,8.0163059e-06,2026-08-15T12:01:15.286+08:00,8.133,0.9445661306381226
445,25,2026-08-15T12:01:21.336+08:00,0.06484,0.161762,0.097222,8.0163059e-06,2026-08-15T12:01:29.495+08:00,8.154,4.187070369720459
446,25,2026-08-15T12:01:35.591+08:00,0.168439,0.281128,0.099185,8.0163059e-06,2026-08-15T12:01:43.752+08:00,8.155,2.1604278087615967
447,25,2026-08-15T12:01:49.810+08:00,0.201001,0.239279,0.045833,8.0163059e-06,2026-08-15T12:01:57.961+08:00,8.146,0.15448540449142456
448,25,2026-08-15T12:02:03.943+08:00,0.232639,0.300821,0.071429,8.0163059e-06,2026-08-15T12:02:12.096+08:00,8.147,4.720643043518066
449,25,2026-08-15T12:02:18.195+08:00,0.136361,0.178027,0.0625,8.0163059e-06,2026-08-15T12:02:26.348+08:00,8.148,2.467829465866089
450,25,2026-08-15T12:02:32.357+08:00,0.025229,0.120315,0.092949,8.0163059e-06,2026-08-15T12:02:40.500+08:00,8.137,-2.3237335681915283
451,25,2026-08-15T12:02:46.762+08:00,0.173582,0.236082,0.104167,8.0163059e-06,2026-08-15T12:02:54.912+08:00,8.145,3.1632444858551025
452,25,2026-08-15T12:03:00.918+08:00,0.143386,0.24819,0.043067,8.0163059e-06,2026-08-15T12:03:09.065+08:00,8.141,1.6212408542633057
453,25,2026-08-15T12:03:15.186+08:00,0.021931,0.146761,0.072399,8.0163059e-06,2026-08-15T12:03:23.340+08:00,8.149,2.632398843765259
454,25,2026-08-15T12:03:29.391+08:00,0.191963,0.26755,0.064006,8.0163059e-06,2026-08-15T12:03:37.549+08:00,8.152,1.9948722124099731
455,25,2026-08-15T12:03:43.675+08:00,0.09898,0.288244,0.118939,8.0163059e-06,2026-08-15T12:03:51.817+08:00,8.136,0.7229261994361877
456,25,2026-08-15T12:03:57.912+08:00,0.171308,0.246308,0.064145,8.0163059e-06,2026-08-15T12:04:06.065+08:00,8.147,1.9355695247650146
457,25,2026-08-15T12:04:12.233+08:00,0.051787,0.093444,0.041667,8.0163059e-06,2026-08-15T12:04:20.399+08:00,8.147,2.5021800994873047
458,25,2026-08-15T12:04:26.484+08:00,0.15105,0.174951,0.015625,8.0163059e-06,2026-08-15T12:04:34.650+08:00,8.16,-2.219404697418213
459,25,2026-08-15T12:04:40.707+08:00,0.070663,0.192842,0.226042,8.0163059e-06,2026-08-15T12:04:48.861+08:00,8.148,1.5917670726776123
460,25,2026-08-15T12:04:54.898+08:00,0.093591,0.129297,0.041667,8.0163059e-06,2026-08-15T12:05:03.051+08:00,8.147,1.8285666704177856
461,25,2026-08-15T12:05:09.139+08:00,0.013334,0.099346,0.11331,7.9361428e-06,2026-08-15T12:05:17.312+08:00,8.166,0.6626513600349426
462,25,2026-08-15T12:05:24.102+08:00,0.311555,0.311555,0.0,7.9361428e-06,2026-08-15T12:05:32.273+08:00,8.164,4.273138046264648
463,25,2026-08-15T12:05:38.496+08:00,0.364647,0.364647,0.0,7.9361428e-06,2026-08-15T12:05:46.651+08:00,8.149,7.556289196014404
464,25,2026-08-15T12:05:52.717+08:00,0.088783,0.193871,0.122917,7.9361428e-06,2026-08-15T12:06:00.870+08:00,8.147,1.5505210161209106
465,25,2026-08-15T12:06:06.948+08:00,0.122186,0.147186,0.070312,7.9361428e-06,2026-08-15T12:06:15.110+08:00,8.156,-0.3675503730773926
466,25,2026-08-15T12:06:21.169+08:00,0.349417,0.399405,0.04902,7.9361428e-06,2026-08-15T12:06:29.303+08:00,8.128,0.8769651651382446
467,25,2026-08-15T12:06:35.426+08:00,0.077509,0.156845,0.128377,7.9361428e-06,2026-08-15T12:06:43.579+08:00,8.147,2.8052408695220947
468,25,2026-08-15T12:06:49.597+08:00,0.168594,0.243608,0.038393,7.9361428e-06,2026-08-15T12:06:57.739+08:00,8.136,0.9389278888702393
469,25,2026-08-15T12:07:03.776+08:00,0.1799,0.206685,0.1125,7.9361428e-06,2026-08-15T12:07:11.927+08:00,8.145,3.2249867916107178
470,25,2026-08-15T12:07:17.966+08:00,0.119888,0.169792,0.037202,7.9361428e-06,2026-08-15T12:07:26.125+08:00,8.154,0.8807162642478943
471,25,2026-08-15T12:07:32.237+08:00,0.274697,0.290494,0.020468,7.9361428e-06,2026-08-15T12:07:40.394+08:00,8.152,1.2605808973312378
472,25,2026-08-15T12:07:46.490+08:00,0.080298,0.110836,0.051339,7.9361428e-06,2026-08-15T12:07:54.643+08:00,8.148,3.7229385375976562
473,25,2026-08-15T12:08:00.733+08:00,0.142658,0.380729,0.125,7.9361428e-06,2026-08-15T12:08:08.865+08:00,8.126,0.21024608612060547
474,25,2026-08-15T12:08:14.934+08:00,0.093154,0.155069,0.156015,7.9361428e-06,2026-08-15T12:08:23.088+08:00,8.148,4.858968734741211
475,25,2026-08-15T12:08:29.152+08:00,0.249456,0.278942,0.034028,7.9361428e-06,2026-08-15T12:08:37.308+08:00,8.15,1.9862867593765259
476,25,2026-08-15T12:08:43.356+08:00,0.0578,0.0578,0.0,7.9361428e-06,2026-08-15T12:08:51.524+08:00,8.163,0.85524982213974
477,25,2026-08-15T12:08:57.697+08:00,0.07324,0.240069,0.184896,7.9361428e-06,2026-08-15T12:09:05.844+08:00,8.141,-1.0580763816833496
478,25,2026-08-15T12:09:11.914+08:00,0.14971,0.23613,0.070312,7.9361428e-06,2026-08-15T12:09:20.062+08:00,8.143,0.9508758187294006
479,25,2026-08-15T12:09:26.099+08:00,0.099353,0.193276,0.184615,7.9361428e-06,2026-08-15T12:09:34.256+08:00,8.151,0.24908015131950378
480,25,2026-08-15T12:09:40.324+08:00,0.098233,0.282651,0.106845,7.9361428e-06,2026-08-15T12:09:48.465+08:00,8.135,-0.7327684760093689
481,25,2026-08-15T12:09:54.564+08:00,0.157455,0.172158,0.041667,7.8567814e-06,2026-08-15T12:10:02.719+08:00,8.151,0.14175456762313843
482,25,2026-08-15T12:10:08.785+08:00,0.077707,0.358383,0.161111,7.8567814e-06,2026-08-15T12:10:16.927+08:00,8.136,2.9429075717926025
483,25,2026-08-15T12:10:22.956+08:00,0.292677,0.333454,0.029647,7.8567814e-06,2026-08-15T12:10:31.089+08:00,8.128,2.6337456703186035
484,25,2026-08-15T12:10:37.180+08:00,0.003474,0.108295,0.113368,7.8567814e-06,2026-08-15T12:10:45.321+08:00,8.136,0.024420440196990967
485,25,2026-08-15T12:10:51.409+08:00,0.222612,0.352431,0.070312,7.8567814e-06,2026-08-15T12:10:59.551+08:00,8.137,1.2562854290008545
486,25,2026-08-15T12:11:05.636+08:00,0.226202,0.226202,0.01056,7.8567814e-06,2026-08-15T12:11:13.786+08:00,8.144,1.3962610960006714
487,25,2026-08-15T12:11:19.843+08:00,0.17445,0.254713,0.085227,7.8567814e-06,2026-08-15T12:11:28.005+08:00,8.155,-0.009265586733818054
488,25,2026-08-15T12:11:34.195+08:00,0.060032,0.14548,0.095833,7.8567814e-06,2026-08-15T12:11:42.358+08:00,8.157,2.18630313873291
489,25,2026-08-15T12:11:48.689+08:00,0.048049,0.080894,0.083742,7.8567814e-06,2026-08-15T12:11:56.853+08:00,8.158,1.2765642404556274
490,25,2026-08-15T12:12:03.059+08:00,0.095292,0.227848,0.139015,7.8567814e-06,2026-08-15T12:12:11.204+08:00,8.14,-0.31557390093803406
491,25,2026-08-15T12:12:17.420+08:00,0.086889,0.146303,0.040368,7.8567814e-06,2026-08-15T12:12:25.580+08:00,8.154,2.2649459838867188
492,25,2026-08-15T12:12:31.863+08:00,0.247444,0.326015,0.116071,7.8567814e-06,2026-08-15T12:12:40.016+08:00,8.147,2.0181264877319336
493,25,2026-08-15T12:12:46.266+08:00,0.299958,0.34362,0.04212,7.8567814e-06,2026-08-15T12:12:54.418+08:00,8.146,0.04407741129398346
494,25,2026-08-15T12:13:00.661+08:00,0.10682,0.23494,0.1125,7.8567814e-06,2026-08-15T12:13:08.821+08:00,8.154,0.23405690491199493
495,25,2026-08-15T12:13:15.013+08:00,0.041803,0.293119,0.198232,7.8567814e-06,2026-08-15T12:13:23.158+08:00,8.139,0.9586091637611389
496,25,2026-08-15T12:13:29.370+08:00,0.155925,0.298591,0.1875,7.8567814e-06,2026-08-15T12:13:37.899+08:00,8.524,-0.39599117636680603
497,25,2026-08-15T12:13:44.126+08:00,0.230734,0.303587,0.041667,7.8567814e-06,2026-08-15T12:13:52.314+08:00,8.183,1.804466724395752
498,25,2026-08-15T12:13:58.608+08:00,0.209302,0.317361,0.04968,7.8567814e-06,2026-08-15T12:14:06.775+08:00,8.163,0.20391297340393066
499,25,2026-08-15T12:14:13.190+08:00,0.059075,0.286438,0.10535,7.8567814e-06,2026-08-15T12:14:21.353+08:00,8.157,-0.20470741391181946
500,25,2026-08-15T12:14:27.557+08:00,0.051447,0.129553,0.041667,7.8567814e-06,2026-08-15T12:14:35.712+08:00,8.15,3.350842237472534
501,25,2026-08-15T12:14:45.188+08:00,0.276584,0.276584,0.0,7.7782136e-06,2026-08-15T12:14:53.324+08:00,8.129,0.8180241584777832
502,25,2026-08-15T12:14:59.539+08:00,0.09411,0.161972,0.146341,7.7782136e-06,2026-08-15T12:15:07.687+08:00,8.143,4.831183433532715
503,25,2026-08-15T12:15:13.980+08:00,0.164631,0.196922,0.163892,7.7782136e-06,2026-08-15T12:15:22.065+08:00,8.079,-2.761441230773926
504,25,2026-08-15T12:15:28.414+08:00,0.015608,0.083319,0.074551,7.7782136e-06,2026-08-15T12:15:36.567+08:00,8.147,3.070812702178955
505,25,2026-08-15T12:15:42.898+08:00,0.092433,0.157271,0.101562,7.7782136e-06,2026-08-15T12:15:51.057+08:00,8.152,3.7548441886901855
506,25,2026-08-15T12:15:57.285+08:00,0.109919,0.169507,0.073611,7.7782136e-06,2026-08-15T12:16:05.441+08:00,8.15,-0.6337233781814575
507,25,2026-08-15T12:16:11.899+08:00,0.10314,0.124843,0.08125,7.7782136e-06,2026-08-15T12:16:20.045+08:00,8.142,0.20982536673545837
508,25,2026-08-15T12:16:26.279+08:00,0.122546,0.254022,0.108333,7.7782136e-06,2026-08-15T12:16:34.431+08:00,8.146,2.924950122833252
509,25,2026-08-15T12:16:40.722+08:00,0.040344,0.121635,0.126984,7.7782136e-06,2026-08-15T12:16:48.874+08:00,8.146,0.9816982746124268
510,25,2026-08-15T12:16:55.156+08:00,0.137785,0.231792,0.104167,7.7782136e-06,2026-08-15T12:17:03.304+08:00,8.143,2.954251527786255
511,25,2026-08-15T12:17:09.653+08:00,0.137609,0.176167,0.074038,7.7782136e-06,2026-08-15T12:17:17.808+08:00,8.149,-1.634235143661499
512,25,2026-08-15T12:17:24.115+08:00,0.110714,0.211676,0.205357,7.7782136e-06,2026-08-15T12:17:32.264+08:00,8.143,1.8615912199020386
513,25,2026-08-15T12:17:38.586+08:00,0.092637,0.095723,0.007882,7.7782136e-06,2026-08-15T12:17:46.743+08:00,8.151,1.7888176441192627
514,25,2026-08-15T12:17:53.066+08:00,0.22389,0.323889,0.0625,7.7782136e-06,2026-08-15T12:18:01.328+08:00,8.125,0.27418088912963867
515,25,2026-08-15T12:18:07.473+08:00,0.21661,0.31116,0.090278,7.7782136e-06,2026-08-15T12:18:15.615+08:00,8.137,2.4520630836486816
516,25,2026-08-15T12:18:21.701+08:00,0.10423,0.173884,0.136905,7.7782136e-06,2026-08-15T12:18:29.858+08:00,8.15,1.389182209968567
517,25,2026-08-15T12:18:35.928+08:00,0.133955,0.164022,0.052827,7.7782136e-06,2026-08-15T12:18:44.082+08:00,8.148,2.9085493087768555
518,25,2026-08-15T12:18:50.182+08:00,0.118192,0.26385,0.072917,7.7782136e-06,2026-08-15T12:18:58.309+08:00,8.122,1.200405478477478
519,25,2026-08-15T12:19:04.532+08:00,0.154015,0.204003,0.041667,7.7782136e-06,2026-08-15T12:19:12.686+08:00,8.149,3.0792346000671387
520,25,2026-08-15T12:19:18.727+08:00,0.189563,0.193257,0.009341,7.7782136e-06,2026-08-15T12:19:26.887+08:00,8.154,-0.09631791710853577
521,25,2026-08-15T12:19:32.953+08:00,0.121793,0.121793,0.0,7.7004315e-06,2026-08-15T12:19:41.114+08:00,8.155,0.9683533310890198
522,25,2026-08-15T12:19:47.179+08:00,0.157684,0.27282,0.144697,7.7004315e-06,2026-08-15T12:19:55.329+08:00,8.144,2.1516480445861816
523,25,2026-08-15T12:20:01.451+08:00,0.213063,0.261754,0.071759,7.7004315e-06,2026-08-15T12:20:09.551+08:00,8.095,0.5950713157653809
524,25,2026-08-15T12:20:15.688+08:00,0.156286,0.26533,0.15,7.7004315e-06,2026-08-15T12:20:23.853+08:00,8.16,2.6633126735687256
525,25,2026-08-15T12:20:30.048+08:00,0.000766,0.179151,0.133477,7.7004315e-06,2026-08-15T12:20:38.194+08:00,8.14,0.04577374458312988
526,25,2026-08-15T12:20:44.290+08:00,0.15977,0.15977,0.041667,7.7004315e-06,2026-08-15T12:20:52.438+08:00,8.142,0.7890536785125732
527,25,2026-08-15T12:20:58.510+08:00,0.146429,0.259744,0.076389,7.7004315e-06,2026-08-15T12:21:06.663+08:00,8.147,0.3594171404838562
528,25,2026-08-15T12:21:12.733+08:00,0.138495,0.242261,0.05625,7.7004315e-06,2026-08-15T12:21:20.864+08:00,8.126,-1.2132313251495361
529,25,2026-08-15T12:21:26.928+08:00,0.024869,0.383772,0.210714,7.7004315e-06,2026-08-15T12:21:35.086+08:00,8.152,1.1324530839920044
530,25,2026-08-15T12:21:41.183+08:00,0.184989,0.327225,0.119048,7.7004315e-06,2026-08-15T12:21:49.340+08:00,8.15,3.6165237426757812
531,25,2026-08-15T12:21:55.910+08:00,0.171104,0.202832,0.063492,7.7004315e-06,2026-08-15T12:22:04.068+08:00,8.152,2.923215627670288
532,25,2026-08-15T12:22:10.144+08:00,0.127278,0.229373,0.098214,7.7004315e-06,2026-08-15T12:22:18.296+08:00,8.146,1.7908592224121094
533,25,2026-08-15T12:22:24.425+08:00,0.269419,0.365904,0.151042,7.7004315e-06,2026-08-15T12:22:32.562+08:00,8.132,1.6067575216293335
534,25,2026-08-15T12:22:38.639+08:00,0.107859,0.174041,0.027639,7.7004315e-06,2026-08-15T12:22:46.800+08:00,8.155,1.1651674509048462
535,25,2026-08-15T12:22:52.955+08:00,0.233777,0.233777,0.0,7.7004315e-06,2026-08-15T12:23:01.108+08:00,8.147,1.2297236919403076
536,25,2026-08-15T12:23:07.223+08:00,0.032765,0.216135,0.21875,7.7004315e-06,2026-08-15T12:23:15.381+08:00,8.152,1.139204502105713
537,25,2026-08-15T12:23:21.490+08:00,0.172015,0.239322,0.0625,7.7004315e-06,2026-08-15T12:23:29.653+08:00,8.158,0.8281346559524536
538,25,2026-08-15T12:23:35.768+08:00,0.086012,0.111172,0.015625,7.7004315e-06,2026-08-15T12:23:43.928+08:00,8.154,2.729217529296875
539,25,2026-08-15T12:23:50.047+08:00,0.070238,0.17634,0.078125,7.7004315e-06,2026-08-15T12:23:58.210+08:00,8.157,1.4329273700714111
540,25,2026-08-15T12:24:04.269+08:00,0.081801,0.152673,0.078328,7.7004315e-06,2026-08-15T12:24:12.419+08:00,8.144,2.7797064781188965
541,25,2026-08-15T12:24:18.643+08:00,0.089099,0.139087,0.041667,7.6234271e-06,2026-08-15T12:24:26.778+08:00,8.128,2.1379332542419434
542,25,2026-08-15T12:24:32.848+08:00,0.170508,0.252022,0.109375,7.6234271e-06,2026-08-15T12:24:41.000+08:00,8.147,2.0612246990203857
543,25,2026-08-15T12:24:47.036+08:00,0.042681,0.09519,0.064394,7.6234271e-06,2026-08-15T12:24:55.188+08:00,8.146,2.4927868843078613
544,25,2026-08-15T12:25:01.253+08:00,0.146628,0.196159,0.072917,7.6234271e-06,2026-08-15T12:25:09.402+08:00,8.143,1.2807306051254272
545,25,2026-08-15T12:25:15.524+08:00,0.09871,0.09871,0.027412,7.6234271e-06,2026-08-15T12:25:23.683+08:00,8.153,0.17176955938339233
546,25,2026-08-15T12:25:29.757+08:00,0.010238,0.158181,0.200947,7.6234271e-06,2026-08-15T12:25:37.914+08:00,8.151,1.960553765296936
547,25,2026-08-15T12:25:43.981+08:00,0.070834,0.206069,0.200149,7.6234271e-06,2026-08-15T12:25:52.131+08:00,8.144,3.118011474609375
548,25,2026-08-15T12:25:58.223+08:00,0.115949,0.204504,0.1625,7.6234271e-06,2026-08-15T12:26:06.376+08:00,8.146,0.08266931772232056
549,25,2026-08-15T12:26:12.449+08:00,0.114934,0.126408,0.0125,7.6234271e-06,2026-08-15T12:26:20.609+08:00,8.155,2.355522871017456
550,25,2026-08-15T12:26:26.729+08:00,0.178475,0.331908,0.118186,7.6234271e-06,2026-08-15T12:26:34.872+08:00,8.14,3.5096890926361084
551,25,2026-08-15T12:26:40.993+08:00,0.024519,0.278869,0.232639,7.6234271e-06,2026-08-15T12:26:49.143+08:00,8.143,4.640805721282959
552,25,2026-08-15T12:26:55.318+08:00,0.195382,0.243447,0.041667,7.6234271e-06,2026-08-15T12:27:03.473+08:00,8.15,4.605281829833984
553,25,2026-08-15T12:27:09.536+08:00,0.012491,0.037491,0.138889,7.6234271e-06,2026-08-15T12:27:17.698+08:00,8.156,0.4310661852359772
554,25,2026-08-15T12:27:23.774+08:00,0.218878,0.25225,0.066667,7.6234271e-06,2026-08-15T12:27:31.926+08:00,8.147,1.5407919883728027
555,25,2026-08-15T12:27:38.021+08:00,0.019214,0.115857,0.134601,7.6234271e-06,2026-08-15T12:27:46.179+08:00,8.152,3.079756259918213
556,25,2026-08-15T12:27:52.314+08:00,0.08741,0.234276,0.200149,7.6234271e-06,2026-08-15T12:28:00.468+08:00,8.148,2.3307018280029297
557,25,2026-08-15T12:28:06.552+08:00,0.114654,0.122451,0.046875,7.6234271e-06,2026-08-15T12:28:14.714+08:00,8.156,3.9183034896850586
558,25,2026-08-15T12:28:20.910+08:00,0.037321,0.121551,0.09494,7.6234271e-06,2026-08-15T12:28:29.074+08:00,8.158,2.518519639968872
559,25,2026-08-15T12:28:35.283+08:00,0.087733,0.087733,0.044025,7.6234271e-06,2026-08-15T12:28:43.446+08:00,8.157,2.9474682807922363
560,25,2026-08-15T12:28:49.659+08:00,0.008408,0.241204,0.170238,7.6234271e-06,2026-08-15T12:28:57.824+08:00,8.159,1.7077692747116089
561,25,2026-08-15T12:29:04.119+08:00,0.0681,0.138354,0.078692,7.5471929e-06,2026-08-15T12:29:12.281+08:00,8.157,2.587644100189209
562,25,2026-08-15T12:29:18.535+08:00,0.184759,0.18961,0.009615,7.5471929e-06,2026-08-15T12:29:26.693+08:00,8.153,2.736166477203369
563,25,2026-08-15T12:29:32.843+08:00,0.062132,0.077641,0.098558,7.5471929e-06,2026-08-15T12:29:41.008+08:00,8.159,4.705151557922363
564,25,2026-08-15T12:29:47.184+08:00,0.122304,0.180843,0.098699,7.5471929e-06,2026-08-15T12:29:55.325+08:00,8.136,5.127203464508057
565,25,2026-08-15T12:30:01.371+08:00,0.177706,0.223044,0.020833,7.5471929e-06,2026-08-15T12:30:09.527+08:00,8.149,2.3987011909484863
566,25,2026-08-15T12:30:16.105+08:00,0.237864,0.366071,0.116667,7.5471929e-06,2026-08-15T12:30:24.253+08:00,8.142,2.421077251434326
567,25,2026-08-15T12:30:30.296+08:00,0.019452,0.198046,0.259239,7.5471929e-06,2026-08-15T12:30:38.455+08:00,8.153,5.232119083404541
568,25,2026-08-15T12:30:44.527+08:00,0.122144,0.184524,0.03125,7.5471929e-06,2026-08-15T12:30:52.663+08:00,8.13,0.604327917098999
569,25,2026-08-15T12:30:58.738+08:00,0.142262,0.227076,0.125,7.5471929e-06,2026-08-15T12:31:06.887+08:00,8.146,2.5968830585479736
570,25,2026-08-15T12:31:13.029+08:00,0.112224,0.270276,0.080853,7.5471929e-06,2026-08-15T12:31:21.179+08:00,8.145,3.528668165206909
571,25,2026-08-15T12:31:27.263+08:00,0.152696,0.294441,0.14277,7.5471929e-06,2026-08-15T12:31:35.453+08:00,8.17,0.597033679485321
572,25,2026-08-15T12:31:41.722+08:00,0.190629,0.208482,0.057292,7.5471929e-06,2026-08-15T12:31:49.828+08:00,8.099,1.806113839149475
573,25,2026-08-15T12:31:56.070+08:00,0.02503,0.160895,0.186418,7.5471929e-06,2026-08-15T12:32:04.227+08:00,8.151,2.741609573364258
574,25,2026-08-15T12:32:10.282+08:00,0.07232,0.203206,0.172101,7.5471929e-06,2026-08-15T12:32:18.427+08:00,8.14,2.7775723934173584
575,25,2026-08-15T12:32:24.442+08:00,0.221966,0.265962,0.078755,7.5471929e-06,2026-08-15T12:32:32.579+08:00,8.133,4.351490020751953
576,25,2026-08-15T12:32:38.655+08:00,0.046996,0.061774,0.022125,7.5471929e-06,2026-08-15T12:32:46.804+08:00,8.144,2.1175479888916016
577,25,2026-08-15T12:32:52.830+08:00,0.208618,0.217529,0.03125,7.5471929e-06,2026-08-15T12:33:00.971+08:00,8.135,0.8942196369171143
578,25,2026-08-15T12:33:06.993+08:00,0.11197,0.334154,0.145833,7.5471929e-06,2026-08-15T12:33:15.152+08:00,8.152,1.8864991664886475
579,25,2026-08-15T12:33:21.217+08:00,0.111223,0.302244,0.261418,7.5471929e-06,2026-08-15T12:33:29.365+08:00,8.144,1.7788710594177246
580,25,2026-08-15T12:33:35.529+08:00,0.069707,0.088414,0.049603,7.5471929e-06,2026-08-15T12:33:43.693+08:00,8.159,1.3677520751953125
581,25,2026-08-15T12:33:49.925+08:00,0.100401,0.106968,0.03125,7.4717209e-06,2026-08-15T12:33:58.089+08:00,8.159,3.889497756958008
582,25,2026-08-15T12:34:04.237+08:00,0.110245,0.362467,0.229167,7.4717209e-06,2026-08-15T12:34:12.391+08:00,8.148,3.364971160888672
583,25,2026-08-15T12:34:18.611+08:00,0.169288,0.232918,0.030449,7.4717209e-06,2026-08-15T12:34:26.762+08:00,8.146,5.184630870819092
584,25,2026-08-15T12:34:33.019+08:00,0.146658,0.146658,0.041667,7.4717209e-06,2026-08-15T12:34:41.173+08:00,8.148,1.5219309329986572
585,25,2026-08-15T12:34:47.342+08:00,0.197145,0.224361,0.044773,7.4717209e-06,2026-08-15T12:34:55.498+08:00,8.15,1.9297116994857788
586,25,2026-08-15T12:35:01.552+08:00,0.070571,0.128477,0.133929,7.4717209e-06,2026-08-15T12:35:09.703+08:00,8.145,3.2694287300109863
587,25,2026-08-15T12:35:15.782+08:00,0.046105,0.105223,0.0625,7.4717209e-06,2026-08-15T12:35:23.928+08:00,8.141,-0.36036133766174316
588,25,2026-08-15T12:35:30.004+08:00,0.128557,0.20762,0.061458,7.4717209e-06,2026-08-15T12:35:38.158+08:00,8.148,3.7950925827026367
589,25,2026-08-15T12:35:44.178+08:00,0.125558,0.193662,0.044384,7.4717209e-06,2026-08-15T12:35:52.318+08:00,8.135,2.6895394325256348
590,25,2026-08-15T12:35:58.359+08:00,0.140511,0.140511,0.0,7.4717209e-06,2026-08-15T12:36:06.492+08:00,8.128,2.8814449310302734
591,25,2026-08-15T12:36:12.542+08:00,0.053287,0.134277,0.017857,7.4717209e-06,2026-08-15T12:36:20.696+08:00,8.149,0.9931098818778992
592,25,2026-08-15T12:36:26.783+08:00,0.133915,0.202827,0.046875,7.4717209e-06,2026-08-15T12:36:34.940+08:00,8.151,2.462484359741211
593,25,2026-08-15T12:36:40.967+08:00,0.066887,0.223136,0.133333,7.4717209e-06,2026-08-15T12:36:49.115+08:00,8.144,0.5205096006393433
594,25,2026-08-15T12:36:55.233+08:00,0.068842,0.068842,0.0,7.4717209e-06,2026-08-15T12:37:03.390+08:00,8.151,-0.0590168833732605
595,25,2026-08-15T12:37:09.435+08:00,0.005299,0.460282,0.210714,7.4717209e-06,2026-08-15T12:37:17.572+08:00,8.131,4.24033784866333
596,25,2026-08-15T12:37:23.724+08:00,0.168562,0.221561,0.092262,7.4717209e-06,2026-08-15T12:37:31.881+08:00,8.151,3.8812193870544434
597,25,2026-08-15T12:37:38.015+08:00,0.096973,0.183512,0.0625,7.4717209e-06,2026-08-15T12:37:46.167+08:00,8.146,0.6741603016853333
598,25,2026-08-15T12:37:52.210+08:00,0.158767,0.32082,0.11875,7.4717209e-06,2026-08-15T12:38:00.363+08:00,8.148,0.7493484020233154
599,25,2026-08-15T12:38:06.433+08:00,0.139699,0.20532,0.104167,7.4717209e-06,2026-08-15T12:38:14.588+08:00,8.15,1.2026615142822266
600,25,2026-08-15T12:38:20.657+08:00,0.045938,0.17298,0.12642,7.4717209e-06,2026-08-15T12:38:28.814+08:00,8.151,2.3038530349731445
601,25,2026-08-15T12:38:34.871+08:00,0.055783,0.161351,0.122366,7.3970037e-06,2026-08-15T12:38:43.020+08:00,8.143,0.5988337397575378
602,25,2026-08-15T12:38:49.603+08:00,0.111111,0.111111,0.006296,7.3970037e-06,2026-08-15T12:38:57.749+08:00,8.14,2.320324659347534
603,25,2026-08-15T12:39:03.795+08:00,0.328271,0.436932,0.091667,7.3970037e-06,2026-08-15T12:39:11.937+08:00,8.136,2.3869059085845947
604,25,2026-08-15T12:39:18.248+08:00,0.074241,0.084984,0.019301,7.3970037e-06,2026-08-15T12:39:26.405+08:00,8.153,3.997783660888672
605,25,2026-08-15T12:39:32.550+08:00,0.0105,0.11309,0.0875,7.3970037e-06,2026-08-15T12:39:40.697+08:00,8.141,0.480915367603302
606,25,2026-08-15T12:39:46.878+08:00,0.160767,0.250317,0.154332,7.3970037e-06,2026-08-15T12:39:55.030+08:00,8.147,3.2894811630249023
607,25,2026-08-15T12:40:01.136+08:00,0.082224,0.127233,0.061012,7.3970037e-06,2026-08-15T12:40:09.297+08:00,8.155,0.10631465911865234
608,25,2026-08-15T12:40:15.403+08:00,0.162563,0.162563,0.0,7.3970037e-06,2026-08-15T12:40:23.559+08:00,8.15,1.4303030967712402
609,25,2026-08-15T12:40:29.686+08:00,0.119405,0.260328,0.118025,7.3970037e-06,2026-08-15T12:40:37.837+08:00,8.145,1.9776241779327393
610,25,2026-08-15T12:40:43.936+08:00,0.104364,0.181163,0.061458,7.3970037e-06,2026-08-15T12:40:52.078+08:00,8.136,0.7328127026557922
611,25,2026-08-15T12:40:58.159+08:00,0.072096,0.198797,0.119203,7.3970037e-06,2026-08-15T12:41:06.311+08:00,8.146,0.31508567929267883
612,25,2026-08-15T12:41:12.324+08:00,0.191253,0.30944,0.136719,7.3970037e-06,2026-08-15T12:41:20.464+08:00,8.134,2.5498921871185303
613,25,2026-08-15T12:41:26.534+08:00,0.164784,0.29802,0.09375,7.3970037e-06,2026-08-15T12:41:34.685+08:00,8.145,1.8620773553848267
614,25,2026-08-15T12:41:40.779+08:00,0.129473,0.251142,0.12706,7.3970037e-06,2026-08-15T12:41:48.926+08:00,8.141,1.0915180444717407
615,25,2026-08-15T12:41:54.970+08:00,0.170777,0.181942,0.013889,7.3970037e-06,2026-08-15T12:42:03.121+08:00,8.146,5.239995002746582
616,25,2026-08-15T12:42:09.299+08:00,0.138176,0.222243,0.06017,7.3970037e-06,2026-08-15T12:42:17.451+08:00,8.146,0.5069838166236877
617,25,2026-08-15T12:42:23.523+08:00,0.201817,0.24401,0.087302,7.3970037e-06,2026-08-15T12:42:31.670+08:00,8.142,0.5200072526931763
618,25,2026-08-15T12:42:37.883+08:00,0.10946,0.10946,0.0,7.3970037e-06,2026-08-15T12:42:45.981+08:00,8.092,3.6274642944335938
619,25,2026-08-15T12:42:52.025+08:00,0.061435,0.223404,0.046875,7.3970037e-06,2026-08-15T12:43:00.173+08:00,8.142,2.5476834774017334
620,25,2026-08-15T12:43:06.263+08:00,0.189495,0.270644,0.083333,7.3970037e-06,2026-08-15T12:43:14.408+08:00,8.14,-0.004134088754653931
621,25,2026-08-15T12:43:20.433+08:00,0.087688,0.175571,0.129167,7.3230337e-06,2026-08-15T12:43:28.587+08:00,8.149,0.25003737211227417
622,25,2026-08-15T12:43:34.676+08:00,0.053464,0.22257,0.115526,7.3230337e-06,2026-08-15T12:43:42.830+08:00,8.147,1.9182682037353516
623,25,2026-08-15T12:43:48.941+08:00,0.199539,0.208047,0.029167,7.3230337e-06,2026-08-15T12:43:57.093+08:00,8.146,0.8544927835464478
624,25,2026-08-15T12:44:03.172+08:00,0.068704,0.158044,0.125,7.3230337e-06,2026-08-15T12:44:11.321+08:00,8.143,2.281954526901245
625,25,2026-08-15T12:44:17.355+08:00,0.047758,0.233911,0.213603,7.3230337e-06,2026-08-15T12:44:25.503+08:00,8.143,1.7950093746185303
626,25,2026-08-15T12:44:31.567+08:00,0.168651,0.168651,0.0,7.3230337e-06,2026-08-15T12:44:39.715+08:00,8.142,1.3210560083389282
627,25,2026-08-15T12:44:45.828+08:00,0.107122,0.33229,0.21875,7.3230337e-06,2026-08-15T12:44:53.979+08:00,8.146,0.07350346446037292
628,25,2026-08-15T12:45:00.013+08:00,0.169783,0.343927,0.082589,7.3230337e-06,2026-08-15T12:45:08.179+08:00,8.146,1.0748810768127441
629,25,2026-08-15T12:45:14.195+08:00,0.065083,0.13345,0.0625,7.3230337e-06,2026-08-15T12:45:22.347+08:00,8.147,1.966362476348877
630,25,2026-08-15T12:45:28.416+08:00,0.038581,0.137538,0.081899,7.3230337e-06,2026-08-15T12:45:36.574+08:00,8.152,1.94242525100708
631,25,2026-08-15T12:45:42.589+08:00,0.234089,0.317262,0.03125,7.3230337e-06,2026-08-15T12:45:50.750+08:00,8.156,1.9200259447097778
632,25,2026-08-15T12:45:56.888+08:00,0.146384,0.269979,0.089286,7.3230337e-06,2026-08-15T12:46:05.039+08:00,8.145,0.2187671661376953
633,25,2026-08-15T12:46:11.119+08:00,0.187257,0.251326,0.011364,7.3230337e-06,2026-08-15T12:46:19.270+08:00,8.146,1.2061736583709717
634,25,2026-08-15T12:46:25.355+08:00,0.180886,0.189163,0.108333,7.3230337e-06,2026-08-15T12:46:33.506+08:00,8.145,1.6710052490234375
635,25,2026-08-15T12:46:39.578+08:00,0.073525,0.148027,0.071429,7.3230337e-06,2026-08-15T12:46:47.712+08:00,8.128,1.5096899271011353
636,25,2026-08-15T12:46:53.747+08:00,0.057224,0.061969,0.012755,7.3230337e-06,2026-08-15T12:47:01.889+08:00,8.137,-0.31585535407066345
637,25,2026-08-15T12:47:07.967+08:00,0.117462,0.341864,0.229167,7.3230337e-06,2026-08-15T12:47:16.110+08:00,8.137,3.406186580657959
638,25,2026-08-15T12:47:22.644+08:00,0.060414,0.060414,0.0,7.3230337e-06,2026-08-15T12:47:30.795+08:00,8.146,0.8595453500747681
639,25,2026-08-15T12:47:36.861+08:00,0.157784,0.183223,0.04344,7.3230337e-06,2026-08-15T12:47:45.010+08:00,8.143,3.747020721435547
640,25,2026-08-15T12:47:51.031+08:00,0.029374,0.176294,0.116815,7.3230337e-06,2026-08-15T12:47:59.193+08:00,8.153,1.1301108598709106
641,25,2026-08-15T12:48:05.247+08:00,0.166148,0.166148,0.0,7.2498034e-06,2026-08-15T12:48:13.391+08:00,8.138,3.7829465866088867
642,25,2026-08-15T12:48:19.455+08:00,0.197813,0.341801,0.074107,7.2498034e-06,2026-08-15T12:48:27.617+08:00,8.157,5.646114826202393
643,25,2026-08-15T12:48:33.683+08:00,0.169127,0.231627,0.171875,7.2498034e-06,2026-08-15T12:48:41.834+08:00,8.145,2.4716854095458984
644,25,2026-08-15T12:48:47.927+08:00,0.201171,0.203383,0.013889,7.2498034e-06,2026-08-15T12:48:56.087+08:00,8.155,4.266173362731934
645,25,2026-08-15T12:49:02.191+08:00,0.067887,0.246875,0.138663,7.2498034e-06,2026-08-15T12:49:10.338+08:00,8.141,1.8656318187713623
646,25,2026-08-15T12:49:16.419+08:00,0.050968,0.185337,0.140625,7.2498034e-06,2026-08-15T12:49:24.568+08:00,8.144,6.803014278411865
647,25,2026-08-15T12:49:30.681+08:00,0.056391,0.056391,0.0,7.2498034e-06,2026-08-15T12:49:38.834+08:00,8.146,1.877997875213623
648,25,2026-08-15T12:49:44.925+08:00,0.143684,0.190548,0.041667,7.2498034e-06,2026-08-15T12:49:53.085+08:00,8.153,3.3377113342285156
649,25,2026-08-15T12:49:59.152+08:00,0.320519,0.424405,0.133333,7.2498034e-06,2026-08-15T12:50:07.296+08:00,8.138,6.917661190032959
650,25,2026-08-15T12:50:13.424+08:00,0.124824,0.191578,0.09375,7.2498034e-06,2026-08-15T12:50:21.572+08:00,8.142,1.9996204376220703
651,25,2026-08-15T12:50:27.683+08:00,0.072858,0.1531,0.179598,7.2498034e-06,2026-08-15T12:50:35.843+08:00,8.154,0.5884741544723511
652,25,2026-08-15T12:50:41.992+08:00,0.110352,0.204315,0.049107,7.2498034e-06,2026-08-15T12:50:50.144+08:00,8.146,1.4501795768737793
653,25,2026-08-15T12:50:56.267+08:00,0.084393,0.145924,0.094697,7.2498034e-06,2026-08-15T12:51:04.436+08:00,8.163,3.92600154876709
654,25,2026-08-15T12:51:10.647+08:00,0.024473,0.151748,0.20119,7.2498034e-06,2026-08-15T12:51:18.787+08:00,8.135,9.25726318359375
655,25,2026-08-15T12:51:25.095+08:00,0.078652,0.206146,0.083333,7.2498034e-06,2026-08-15T12:51:33.248+08:00,8.147,1.7486038208007812
656,25,2026-08-15T12:51:39.422+08:00,0.059448,0.172635,0.114583,7.2498034e-06,2026-08-15T12:51:47.575+08:00,8.147,1.3115804195404053
657,25,2026-08-15T12:51:53.805+08:00,0.071659,0.423324,0.231339,7.2498034e-06,2026-08-15T12:52:01.958+08:00,8.148,0.8706327676773071
658,25,2026-08-15T12:52:08.132+08:00,0.291667,0.441667,0.125,7.2498034e-06,2026-08-15T12:52:16.293+08:00,8.156,4.995542526245117
659,25,2026-08-15T12:52:22.423+08:00,0.090195,0.218837,0.220833,7.2498034e-06,2026-08-15T12:52:30.569+08:00,8.141,2.113992214202881
660,25,2026-08-15T12:52:36.730+08:00,0.027179,0.154599,0.129464,7.2498034e-06,2026-08-15T12:52:44.884+08:00,8.149,2.6541635990142822
661,25,2026-08-15T12:52:50.908+08:00,0.164423,0.322024,0.206639,7.1773053e-06,2026-08-15T12:52:59.059+08:00,8.145,3.0864028930664062
662,25,2026-08-15T12:53:05.107+08:00,0.028326,0.10645,0.135737,7.1773053e-06,2026-08-15T12:53:13.243+08:00,8.13,3.557662010192871
663,25,2026-08-15T12:53:19.305+08:00,0.086346,0.105744,0.10914,7.1773053e-06,2026-08-15T12:53:27.455+08:00,8.145,2.2651917934417725
664,25,2026-08-15T12:53:33.515+08:00,0.102312,0.238982,0.119079,7.1773053e-06,2026-08-15T12:53:41.676+08:00,8.155,2.7186269760131836
665,25,2026-08-15T12:53:47.742+08:00,0.08046,0.154156,0.050481,7.1773053e-06,2026-08-15T12:53:55.882+08:00,8.136,2.0505003929138184
666,25,2026-08-15T12:54:01.929+08:00,0.03125,0.15,0.2125,7.1773053e-06,2026-08-15T12:54:10.088+08:00,8.153,5.3275580406188965
667,25,2026-08-15T12:54:16.149+08:00,0.000163,0.188889,0.213889,7.1773053e-06,2026-08-15T12:54:24.305+08:00,8.151,4.005431652069092
668,25,2026-08-15T12:54:30.364+08:00,0.186052,0.206845,0.052083,7.1773053e-06,2026-08-15T12:54:38.516+08:00,8.145,6.108808994293213
669,25,2026-08-15T12:54:44.554+08:00,0.148975,0.268576,0.131944,7.1773053e-06,2026-08-15T12:54:52.706+08:00,8.147,8.919612884521484
670,25,2026-08-15T12:54:58.807+08:00,0.12618,0.176168,0.041667,7.1773053e-06,2026-08-15T12:55:06.966+08:00,8.153,3.697622060775757
671,25,2026-08-15T12:55:13.178+08:00,0.224314,0.301129,0.045833,7.1773053e-06,2026-08-15T12:55:21.326+08:00,8.143,2.100444793701172
672,25,2026-08-15T12:55:27.401+08:00,0.326501,0.410867,0.086806,7.1773053e-06,2026-08-15T12:55:35.554+08:00,8.147,5.629536151885986
673,25,2026-08-15T12:55:42.149+08:00,0.16697,0.253224,0.128274,7.1773053e-06,2026-08-15T12:55:50.290+08:00,8.135,3.4824724197387695
674,25,2026-08-15T12:55:56.394+08:00,0.185593,0.379041,0.175,7.1773053e-06,2026-08-15T12:56:04.556+08:00,8.157,4.141139984130859
675,25,2026-08-15T12:56:10.690+08:00,0.130065,0.308927,0.182456,7.1773053e-06,2026-08-15T12:56:18.835+08:00,8.139,1.5592105388641357
676,25,2026-08-15T12:56:24.970+08:00,0.042531,0.204722,0.177083,7.1773053e-06,2026-08-15T12:56:33.117+08:00,8.144,2.5413124561309814
677,25,2026-08-15T12:56:39.121+08:00,0.240625,0.407292,0.145833,7.1773053e-06,2026-08-15T12:56:47.271+08:00,8.144,3.5696420669555664
678,25,2026-08-15T12:56:53.396+08:00,0.031117,0.073535,0.088126,7.1773053e-06,2026-08-15T12:57:01.557+08:00,8.155,2.521493911743164
679,25,2026-08-15T12:57:07.485+08:00,0.089666,0.160362,0.054414,7.1773053e-06,2026-08-15T12:57:15.630+08:00,8.139,3.8736844062805176
680,25,2026-08-15T12:57:21.672+08:00,0.009915,0.266735,0.094742,7.1773053e-06,2026-08-15T12:57:29.828+08:00,8.151,5.8233184814453125
681,25,2026-08-15T12:57:35.910+08:00,0.060745,0.216116,0.126653,7.1055323e-06,2026-08-15T12:57:44.057+08:00,8.14,3.910613536834717
682,25,2026-08-15T12:57:50.199+08:00,0.078221,0.120591,0.13132,7.1055323e-06,2026-08-15T12:57:58.351+08:00,8.147,5.8259124755859375
683,25,2026-08-15T12:58:04.370+08:00,0.09464,0.145712,0.085565,7.1055323e-06,2026-08-15T12:58:12.521+08:00,8.145,7.63972282409668
684,25,2026-08-15T12:58:18.630+08:00,0.027613,0.3652,0.308929,7.1055323e-06,2026-08-15T12:58:26.783+08:00,8.151,-0.5225021839141846
685,25,2026-08-15T12:58:32.863+08:00,0.099432,0.211834,0.110054,7.1055323e-06,2026-08-15T12:58:41.020+08:00,8.131,2.877805709838867
686,25,2026-08-15T12:58:47.043+08:00,0.138112,0.171701,0.03125,7.1055323e-06,2026-08-15T12:58:55.210+08:00,8.159,3.108222246170044
687,25,2026-08-15T12:59:01.477+08:00,0.140674,0.235069,0.09375,7.1055323e-06,2026-08-15T12:59:09.641+08:00,8.158,4.981960296630859
688,25,2026-08-15T12:59:15.886+08:00,0.045024,0.251488,0.186787,7.1055323e-06,2026-08-15T12:59:24.044+08:00,8.152,5.41111946105957
689,25,2026-08-15T12:59:30.226+08:00,0.199184,0.221207,0.022665,7.1055323e-06,2026-08-15T12:59:38.375+08:00,8.144,1.443567156791687
690,25,2026-08-15T12:59:44.450+08:00,0.262072,0.273359,0.025,7.1055323e-06,2026-08-15T12:59:52.604+08:00,8.148,3.105937957763672
691,25,2026-08-15T12:59:58.651+08:00,0.175129,0.275569,0.088359,7.1055323e-06,2026-08-15T13:00:06.798+08:00,8.142,5.376979827880859
692,25,2026-08-15T13:00:12.844+08:00,0.174611,0.185054,0.036905,7.1055323e-06,2026-08-15T13:00:20.999+08:00,8.15,2.5097761154174805
693,25,2026-08-15T13:00:27.034+08:00,0.098825,0.136142,0.038352,7.1055323e-06,2026-08-15T13:00:35.183+08:00,8.143,3.9115195274353027
694,25,2026-08-15T13:00:41.230+08:00,0.101346,0.317222,0.141531,7.1055323e-06,2026-08-15T13:00:49.380+08:00,8.144,-0.9953408241271973
695,25,2026-08-15T13:00:55.420+08:00,0.101364,0.129828,0.03588,7.1055323e-06,2026-08-15T13:01:03.577+08:00,8.152,0.9012181758880615
696,25,2026-08-15T13:01:09.563+08:00,0.305105,0.415433,0.068182,7.1055323e-06,2026-08-15T13:01:17.706+08:00,8.137,4.1570940017700195
697,25,2026-08-15T13:01:23.765+08:00,0.004618,0.148223,0.096979,7.1055323e-06,2026-08-15T13:01:31.906+08:00,8.137,1.7252997159957886
698,25,2026-08-15T13:01:37.954+08:00,0.04727,0.097258,0.041667,7.1055323e-06,2026-08-15T13:01:46.112+08:00,8.152,1.517892599105835
699,25,2026-08-15T13:01:52.229+08:00,0.117502,0.196957,0.060471,7.1055323e-06,2026-08-15T13:02:00.383+08:00,8.148,1.0877001285552979
700,30,2026-08-15T13:02:06.432+08:00,0.098958,0.116815,0.083333,7.1055323e-06,2026-08-15T13:02:14.581+08:00,8.143,2.7644951343536377
701,30,2026-08-15T13:02:20.627+08:00,0.100235,0.332143,0.125,7.0344769e-06,2026-08-15T13:02:28.777+08:00,8.144,4.15195894241333
702,30,2026-08-15T13:02:34.874+08:00,0.144156,0.181656,0.09375,7.0344769e-06,2026-08-15T13:02:43.028+08:00,8.149,1.883967399597168
703,30,2026-08-15T13:02:49.083+08:00,0.018808,0.066149,0.066877,7.0344769e-06,2026-08-15T13:02:57.246+08:00,8.158,0.728878915309906
704,30,2026-08-15T13:03:03.326+08:00,0.116589,0.199267,0.125,7.0344769e-06,2026-08-15T13:03:11.484+08:00,8.153,6.130287170410156
705,30,2026-08-15T13:03:17.623+08:00,0.170489,0.172848,0.013988,7.0344769e-06,2026-08-15T13:03:25.773+08:00,8.144,2.6255104541778564
706,30,2026-08-15T13:03:31.792+08:00,0.177996,0.301244,0.043899,7.0344769e-06,2026-08-15T13:03:39.936+08:00,8.138,3.789240837097168
707,30,2026-08-15T13:03:46.442+08:00,0.127236,0.202232,0.041667,7.0344769e-06,2026-08-15T13:03:54.566+08:00,8.119,-0.42106276750564575
708,30,2026-08-15T13:04:00.564+08:00,0.111173,0.129085,0.063564,7.0344769e-06,2026-08-15T13:04:08.719+08:00,8.15,1.8049685955047607
709,30,2026-08-15T13:04:14.794+08:00,0.100458,0.216851,0.092325,7.0344769e-06,2026-08-15T13:04:22.952+08:00,8.153,3.444303035736084
710,30,2026-08-15T13:04:29.000+08:00,0.139442,0.259568,0.097222,7.0344769e-06,2026-08-15T13:04:37.155+08:00,8.149,1.3398545980453491
711,30,2026-08-15T13:04:43.096+08:00,0.003731,0.067895,0.056944,7.0344769e-06,2026-08-15T13:04:51.242+08:00,8.141,2.226208209991455
712,30,2026-08-15T13:04:57.243+08:00,0.014682,0.166508,0.187042,7.0344769e-06,2026-08-15T13:05:05.392+08:00,8.143,1.777532935142517
713,30,2026-08-15T13:05:11.469+08:00,0.28236,0.481532,0.175,7.0344769e-06,2026-08-15T13:05:19.613+08:00,8.137,2.04579496383667
714,30,2026-08-15T13:05:25.643+08:00,0.05921,0.250461,0.197917,7.0344769e-06,2026-08-15T13:05:33.774+08:00,8.126,1.6455979347229004
715,30,2026-08-15T13:05:39.909+08:00,0.062806,0.134191,0.057143,7.0344769e-06,2026-08-15T13:05:48.049+08:00,8.135,1.5980479717254639
716,30,2026-08-15T13:05:54.116+08:00,0.103841,0.103882,0.02135,7.0344769e-06,2026-08-15T13:06:02.269+08:00,8.148,2.182887554168701
717,30,2026-08-15T13:06:08.409+08:00,0.128302,0.241865,0.113951,7.0344769e-06,2026-08-15T13:06:16.535+08:00,8.121,0.4272182285785675
718,30,2026-08-15T13:06:22.607+08:00,0.350399,0.472421,0.1875,7.0344769e-06,2026-08-15T13:06:30.741+08:00,8.129,0.9462635517120361
719,30,2026-08-15T13:06:36.821+08:00,0.113837,0.12321,0.017014,7.0344769e-06,2026-08-15T13:06:44.959+08:00,8.133,-0.6441327333450317
720,30,2026-08-15T13:06:51.013+08:00,0.062986,0.1649,0.109375,7.0344769e-06,2026-08-15T13:06:59.171+08:00,8.151,2.4918434619903564
721,30,2026-08-15T13:07:05.244+08:00,0.065318,0.106647,0.140909,6.9641322e-06,2026-08-15T13:07:13.398+08:00,8.149,0.27469879388809204
722,30,2026-08-15T13:07:19.475+08:00,0.045404,0.107632,0.060937,6.9641322e-06,2026-08-15T13:07:27.629+08:00,8.149,4.325690269470215
723,30,2026-08-15T13:07:33.729+08:00,0.014971,0.086626,0.067445,6.9641322e-06,2026-08-15T13:07:41.886+08:00,8.151,2.1743245124816895
724,30,2026-08-15T13:07:47.924+08:00,0.034733,0.210253,0.083171,6.9641322e-06,2026-08-15T13:07:56.040+08:00,8.111,-1.0770241022109985
725,30,2026-08-15T13:08:02.058+08:00,0.178782,0.327295,0.091667,6.9641322e-06,2026-08-15T13:08:10.208+08:00,8.145,-0.022464781999588013
726,30,2026-08-15T13:08:16.318+08:00,0.113427,0.161582,0.040972,6.9641322e-06,2026-08-15T13:08:24.477+08:00,8.153,0.6909642219543457
727,30,2026-08-15T13:08:30.757+08:00,0.141603,0.327323,0.200658,6.9641322e-06,2026-08-15T13:08:38.910+08:00,8.147,1.0150303840637207
728,30,2026-08-15T13:08:44.970+08:00,0.182582,0.201844,0.06891,6.9641322e-06,2026-08-15T13:08:53.134+08:00,8.158,1.2870005369186401
729,30,2026-08-15T13:08:59.253+08:00,0.06231,0.146453,0.062277,6.9641322e-06,2026-08-15T13:09:07.409+08:00,8.151,-0.8305263519287109
730,30,2026-08-15T13:09:13.663+08:00,0.074915,0.173805,0.145513,6.9641322e-06,2026-08-15T13:09:21.826+08:00,8.158,2.0738182067871094
731,30,2026-08-15T13:09:28.092+08:00,0.157702,0.257697,0.111111,6.9641322e-06,2026-08-15T13:09:36.238+08:00,8.14,-0.8357649445533752
732,30,2026-08-15T13:09:42.519+08:00,0.09179,0.15002,0.074966,6.9641322e-06,2026-08-15T13:09:50.682+08:00,8.157,0.17555487155914307
733,30,2026-08-15T13:09:56.922+08:00,0.065932,0.146302,0.133578,6.9641322e-06,2026-08-15T13:10:05.066+08:00,8.14,3.7341182231903076
734,30,2026-08-15T13:10:11.195+08:00,0.038918,0.160983,0.171131,6.9641322e-06,2026-08-15T13:10:19.351+08:00,8.15,0.36129462718963623
735,30,2026-08-15T13:10:25.472+08:00,0.368631,0.368631,0.0,6.9641322e-06,2026-08-15T13:10:33.632+08:00,8.153,-0.4377301037311554
736,30,2026-08-15T13:10:39.834+08:00,0.066913,0.225424,0.128788,6.9641322e-06,2026-08-15T13:10:47.985+08:00,8.145,1.2472420930862427
737,30,2026-08-15T13:10:54.274+08:00,0.039099,0.140972,0.0625,6.9641322e-06,2026-08-15T13:11:02.413+08:00,8.133,2.134596347808838
738,30,2026-08-15T13:11:08.567+08:00,0.09482,0.223641,0.120982,6.9641322e-06,2026-08-15T13:11:16.714+08:00,8.141,1.899975061416626
739,30,2026-08-15T13:11:22.793+08:00,0.078199,0.160111,0.064062,6.9641322e-06,2026-08-15T13:11:30.948+08:00,8.149,5.1426496505737305
740,30,2026-08-15T13:11:37.034+08:00,0.138885,0.174838,0.038061,6.9641322e-06,2026-08-15T13:11:45.188+08:00,8.149,0.8444188237190247
741,30,2026-08-15T13:11:51.820+08:00,0.034218,0.239335,0.136364,6.8944909e-06,2026-08-15T13:11:59.969+08:00,8.144,-2.0468006134033203
742,30,2026-08-15T13:12:06.028+08:00,0.050132,0.068895,0.031096,6.8944909e-06,2026-08-15T13:12:14.181+08:00,8.148,3.3930890560150146
743,30,2026-08-15T13:12:20.350+08:00,0.188508,0.261168,0.114583,6.8944909e-06,2026-08-15T13:12:28.529+08:00,8.15,-0.6046426296234131
744,30,2026-08-15T13:12:34.586+08:00,0.003643,0.126014,0.216667,6.8944909e-06,2026-08-15T13:12:42.746+08:00,8.153,1.9955558776855469
745,30,2026-08-15T13:12:48.805+08:00,0.153131,0.209201,0.075824,6.8944909e-06,2026-08-15T13:12:56.953+08:00,8.141,0.8478679656982422
746,30,2026-08-15T13:13:02.963+08:00,0.194482,0.317874,0.11875,6.8944909e-06,2026-08-15T13:13:11.118+08:00,8.15,-0.7088686227798462
747,30,2026-08-15T13:13:17.172+08:00,0.04361,0.164423,0.114583,6.8944909e-06,2026-08-15T13:13:25.322+08:00,8.144,1.082033395767212
748,30,2026-08-15T13:13:31.364+08:00,0.001768,0.196572,0.25486,6.8944909e-06,2026-08-15T13:13:39.514+08:00,8.145,-0.7765580415725708
749,30,2026-08-15T13:13:45.605+08:00,0.112374,0.299874,0.199405,6.8944909e-06,2026-08-15T13:13:53.752+08:00,8.139,-0.04753595590591431
750,30,2026-08-15T13:13:59.821+08:00,0.143611,0.214137,0.129464,6.8944909e-06,2026-08-15T13:14:07.981+08:00,8.154,3.144695520401001
751,30,2026-08-15T13:14:14.061+08:00,0.006985,0.349107,0.271875,6.8944909e-06,2026-08-15T13:14:22.206+08:00,8.139,-0.09052301943302155
752,30,2026-08-15T13:14:28.307+08:00,0.157204,0.373699,0.142857,6.8944909e-06,2026-08-15T13:14:36.447+08:00,8.135,-0.2691926956176758
753,30,2026-08-15T13:14:42.540+08:00,0.066892,0.243277,0.234167,6.8944909e-06,2026-08-15T13:14:50.694+08:00,8.148,0.7851207852363586
754,30,2026-08-15T13:14:56.768+08:00,0.097344,0.274703,0.079861,6.8944909e-06,2026-08-15T13:15:04.904+08:00,8.131,-0.22361695766448975
755,30,2026-08-15T13:15:11.012+08:00,0.187542,0.242464,0.083333,6.8944909e-06,2026-08-15T13:15:19.172+08:00,8.154,1.3135511875152588
756,30,2026-08-15T13:15:25.271+08:00,0.145223,0.206313,0.084425,6.8944909e-06,2026-08-15T13:15:33.437+08:00,8.16,2.4982705116271973
757,30,2026-08-15T13:15:39.554+08:00,0.100413,0.166389,0.046577,6.8944909e-06,2026-08-15T13:15:47.709+08:00,8.15,1.504404902458191
758,30,2026-08-15T13:15:53.823+08:00,0.023539,0.310654,0.28125,6.8944909e-06,2026-08-15T13:16:01.948+08:00,8.12,-1.5176128149032593
759,30,2026-08-15T13:16:08.120+08:00,0.065775,0.137905,0.058248,6.8944909e-06,2026-08-15T13:16:16.274+08:00,8.148,1.1589914560317993
760,30,2026-08-15T13:16:22.321+08:00,0.1464,0.263063,0.104167,6.8944909e-06,2026-08-15T13:16:30.455+08:00,8.128,1.7175981998443604
761,30,2026-08-15T13:16:36.576+08:00,0.100304,0.177422,0.070312,6.825546e-06,2026-08-15T13:16:44.721+08:00,8.139,1.449474573135376
762,30,2026-08-15T13:16:50.781+08:00,0.22516,0.269974,0.030449,6.825546e-06,2026-08-15T13:16:58.927+08:00,8.14,1.3580093383789062
763,30,2026-08-15T13:17:05.047+08:00,0.063531,0.079156,0.070565,6.825546e-06,2026-08-15T13:17:13.206+08:00,8.153,0.4813274145126343
764,30,2026-08-15T13:17:19.258+08:00,0.064886,0.22735,0.140625,6.825546e-06,2026-08-15T13:17:27.414+08:00,8.15,1.3240702152252197
765,30,2026-08-15T13:17:33.473+08:00,0.145572,0.265649,0.09375,6.825546e-06,2026-08-15T13:17:41.623+08:00,8.144,2.661910057067871
766,30,2026-08-15T13:17:47.707+08:00,0.076894,0.179573,0.29902,6.825546e-06,2026-08-15T13:17:55.854+08:00,8.142,2.492189407348633
767,30,2026-08-15T13:18:01.980+08:00,0.193765,0.193765,0.0,6.825546e-06,2026-08-15T13:18:10.143+08:00,8.158,2.049342632293701
768,30,2026-08-15T13:18:16.358+08:00,0.041634,0.180964,0.107736,6.825546e-06,2026-08-15T13:18:24.520+08:00,8.158,1.5464178323745728
769,30,2026-08-15T13:18:30.613+08:00,0.143497,0.214995,0.064583,6.825546e-06,2026-08-15T13:18:38.769+08:00,8.151,-0.858059287071228
770,30,2026-08-15T13:18:44.899+08:00,0.187506,0.197917,0.05625,6.825546e-06,2026-08-15T13:18:53.059+08:00,8.154,0.15648575127124786
771,30,2026-08-15T13:18:59.113+08:00,0.145404,0.156484,0.023438,6.825546e-06,2026-08-15T13:19:07.261+08:00,8.143,2.0046420097351074
772,30,2026-08-15T13:19:13.388+08:00,0.156124,0.235099,0.096591,6.825546e-06,2026-08-15T13:19:21.536+08:00,8.139,1.4235198497772217
773,30,2026-08-15T13:19:27.625+08:00,0.074771,0.213644,0.191964,6.825546e-06,2026-08-15T13:19:35.718+08:00,8.087,0.20198047161102295
774,30,2026-08-15T13:19:41.839+08:00,0.220555,0.345486,0.03125,6.825546e-06,2026-08-15T13:19:49.975+08:00,8.13,2.1664586067199707
775,30,2026-08-15T13:19:56.568+08:00,0.197332,0.31104,0.065865,6.825546e-06,2026-08-15T13:20:04.722+08:00,8.149,1.2966649532318115
776,30,2026-08-15T13:20:10.774+08:00,0.078648,0.263721,0.119228,6.825546e-06,2026-08-15T13:20:18.910+08:00,8.131,3.7051024436950684
777,30,2026-08-15T13:20:25.084+08:00,0.087917,0.116763,0.05,6.825546e-06,2026-08-15T13:20:33.237+08:00,8.148,0.42937567830085754
778,30,2026-08-15T13:20:39.350+08:00,0.154938,0.176678,0.095614,6.825546e-06,2026-08-15T13:20:47.492+08:00,8.136,0.6006434559822083
779,30,2026-08-15T13:20:53.516+08:00,0.089649,0.129034,0.094889,6.825546e-06,2026-08-15T13:21:01.664+08:00,8.143,2.2746710777282715
780,30,2026-08-15T13:21:07.716+08:00,0.209326,0.276997,0.0625,6.825546e-06,2026-08-15T13:21:15.864+08:00,8.143,4.673267364501953
781,30,2026-08-15T13:21:22.063+08:00,0.107891,0.17299,0.076432,6.7572905e-06,2026-08-15T13:21:30.211+08:00,8.142,2.1552064418792725
782,30,2026-08-15T13:21:36.232+08:00,0.137986,0.137986,0.0,6.7572905e-06,2026-08-15T13:21:44.392+08:00,8.155,-0.044744908809661865
783,30,2026-08-15T13:21:50.389+08:00,0.138366,0.212229,0.020313,6.7572905e-06,2026-08-15T13:21:58.539+08:00,8.144,0.8715631365776062
784,30,2026-08-15T13:22:04.691+08:00,0.081238,0.10196,0.116432,6.7572905e-06,2026-08-15T13:22:12.841+08:00,8.143,1.2801427841186523
785,30,2026-08-15T13:22:18.886+08:00,0.135734,0.185732,0.041667,6.7572905e-06,2026-08-15T13:22:27.032+08:00,8.14,-0.4500774145126343
786,30,2026-08-15T13:22:33.149+08:00,0.19789,0.414556,0.1125,6.7572905e-06,2026-08-15T13:22:41.298+08:00,8.144,1.66526198387146
787,30,2026-08-15T13:22:47.369+08:00,0.332845,0.386283,0.025,6.7572905e-06,2026-08-15T13:22:55.525+08:00,8.15,0.8033014535903931
788,30,2026-08-15T13:23:01.636+08:00,0.151671,0.292296,0.19375,6.7572905e-06,2026-08-15T13:23:09.791+08:00,8.149,-0.16651883721351624
789,30,2026-08-15T13:23:15.927+08:00,0.197768,0.197915,0.033364,6.7572905e-06,2026-08-15T13:23:24.083+08:00,8.15,1.7021048069000244
790,30,2026-08-15T13:23:30.198+08:00,0.026323,0.079749,0.083913,6.7572905e-06,2026-08-15T13:23:38.353+08:00,8.151,-1.3291079998016357
791,30,2026-08-15T13:23:44.364+08:00,0.160381,0.260195,0.0875,6.7572905e-06,2026-08-15T13:23:52.518+08:00,8.15,0.6879810094833374
792,30,2026-08-15T13:23:58.731+08:00,0.222588,0.22747,0.021577,6.7572905e-06,2026-08-15T13:24:06.896+08:00,8.162,1.981557011604309
793,30,2026-08-15T13:24:13.114+08:00,0.19186,0.19186,0.0,6.7572905e-06,2026-08-15T13:24:21.278+08:00,8.158,3.5488972663879395
794,30,2026-08-15T13:24:27.342+08:00,0.113281,0.233135,0.076042,6.7572905e-06,2026-08-15T13:24:35.492+08:00,8.146,1.792150616645813
795,30,2026-08-15T13:24:41.618+08:00,0.035976,0.067313,0.217282,6.7572905e-06,2026-08-15T13:24:49.774+08:00,8.153,1.5061063766479492
796,30,2026-08-15T13:24:55.984+08:00,0.078155,0.181696,0.09375,6.7572905e-06,2026-08-15T13:25:04.132+08:00,8.145,0.8243314027786255
797,30,2026-08-15T13:25:10.378+08:00,0.244918,0.319914,0.041667,6.7572905e-06,2026-08-15T13:25:18.523+08:00,8.141,0.7727896571159363
798,30,2026-08-15T13:25:24.564+08:00,0.12075,0.151042,0.049588,6.7572905e-06,2026-08-15T13:25:32.715+08:00,8.147,-0.9291506409645081
799,30,2026-08-15T13:25:38.953+08:00,0.175223,0.362689,0.15625,6.7572905e-06,2026-08-15T13:25:47.090+08:00,8.135,2.0614781379699707
800,30,2026-08-15T13:25:53.123+08:00,0.134096,0.390563,0.156716,6.7572905e-06,2026-08-15T13:26:01.271+08:00,8.123,1.6129505634307861
801,30,2026-08-15T13:26:07.305+08:00,0.100439,0.197421,0.052083,6.6897176e-06,2026-08-15T13:26:15.454+08:00,8.143,3.1826107501983643
802,30,2026-08-15T13:26:21.505+08:00,0.138474,0.284781,0.1875,6.6897176e-06,2026-08-15T13:26:29.651+08:00,8.141,2.878380298614502
803,30,2026-08-15T13:26:35.665+08:00,0.093517,0.216915,0.15625,6.6897176e-06,2026-08-15T13:26:43.826+08:00,8.159,1.0019617080688477
804,30,2026-08-15T13:26:49.852+08:00,0.206506,0.327556,0.125758,6.6897176e-06,2026-08-15T13:26:58.007+08:00,8.15,-0.9462071657180786
805,30,2026-08-15T13:27:04.052+08:00,0.070344,0.105136,0.055333,6.6897176e-06,2026-08-15T13:27:12.205+08:00,8.148,1.572007179260254
806,30,2026-08-15T13:27:18.308+08:00,0.283334,0.372619,0.078646,6.6897176e-06,2026-08-15T13:27:26.466+08:00,8.152,-0.6709555983543396
807,30,2026-08-15T13:27:32.506+08:00,0.117581,0.304382,0.1875,6.6897176e-06,2026-08-15T13:27:40.664+08:00,8.152,-0.07474711537361145
808,30,2026-08-15T13:27:46.741+08:00,0.19712,0.344985,0.079342,6.6897176e-06,2026-08-15T13:27:54.898+08:00,8.151,2.6664533615112305
809,30,2026-08-15T13:28:01.439+08:00,0.116548,0.116548,0.0625,6.6897176e-06,2026-08-15T13:28:09.582+08:00,8.138,-0.1010238528251648
810,30,2026-08-15T13:28:15.673+08:00,0.134897,0.23029,0.096429,6.6897176e-06,2026-08-15T13:28:23.817+08:00,8.138,1.174790382385254
811,30,2026-08-15T13:28:29.871+08:00,0.191817,0.44781,0.15625,6.6897176e-06,2026-08-15T13:28:38.007+08:00,8.13,-0.9659174680709839
812,30,2026-08-15T13:28:44.075+08:00,0.143045,0.288335,0.113782,6.6897176e-06,2026-08-15T13:28:52.212+08:00,8.132,1.4356322288513184
813,30,2026-08-15T13:28:58.290+08:00,0.087336,0.185944,0.100694,6.6897176e-06,2026-08-15T13:29:06.453+08:00,8.157,2.0339605808258057
814,30,2026-08-15T13:29:12.643+08:00,0.110551,0.152605,0.030357,6.6897176e-06,2026-08-15T13:29:20.802+08:00,8.153,1.5179874897003174
815,30,2026-08-15T13:29:26.984+08:00,0.125345,0.168409,0.038903,6.6897176e-06,2026-08-15T13:29:35.137+08:00,8.148,-0.13979235291481018
816,30,2026-08-15T13:29:41.123+08:00,0.038688,0.185714,0.104832,6.6897176e-06,2026-08-15T13:29:49.281+08:00,8.153,1.562829852104187
817,30,2026-08-15T13:29:55.275+08:00,0.064469,0.095718,0.05,6.6897176e-06,2026-08-15T13:30:03.431+08:00,8.15,1.1364690065383911
818,30,2026-08-15T13:30:09.424+08:00,0.099503,0.09984,0.000992,6.6897176e-06,2026-08-15T13:30:17.574+08:00,8.144,2.0145249366760254
819,30,2026-08-15T13:30:23.575+08:00,0.118592,0.195325,0.025,6.6897176e-06,2026-08-15T13:30:31.723+08:00,8.143,2.01345157623291
820,30,2026-08-15T13:30:37.821+08:00,0.1884,0.280788,0.053977,6.6897176e-06,2026-08-15T13:30:45.977+08:00,8.15,3.2159085273742676
821,30,2026-08-15T13:30:52.001+08:00,0.144619,0.144619,0.0,6.6228204e-06,2026-08-15T13:31:00.156+08:00,8.15,2.4768989086151123
822,30,2026-08-15T13:31:06.210+08:00,0.060623,0.15348,0.145833,6.6228204e-06,2026-08-15T13:31:14.310+08:00,8.095,2.246509313583374
823,30,2026-08-15T13:31:20.436+08:00,0.1783,0.185651,0.065341,6.6228204e-06,2026-08-15T13:31:28.585+08:00,8.143,-0.621644139289856
824,30,2026-08-15T13:31:34.702+08:00,0.273485,0.351669,0.083333,6.6228204e-06,2026-08-15T13:31:42.854+08:00,8.147,2.2003705501556396
825,30,2026-08-15T13:31:48.861+08:00,0.109735,0.174116,0.08125,6.6228204e-06,2026-08-15T13:31:56.978+08:00,8.111,-0.6221985816955566
826,30,2026-08-15T13:32:02.992+08:00,0.079459,0.22495,0.078125,6.6228204e-06,2026-08-15T13:32:11.140+08:00,8.142,0.7932894229888916
827,30,2026-08-15T13:32:17.204+08:00,0.103476,0.199358,0.097917,6.6228204e-06,2026-08-15T13:32:25.361+08:00,8.153,2.6007072925567627
828,30,2026-08-15T13:32:31.432+08:00,0.277746,0.298579,0.075,6.6228204e-06,2026-08-15T13:32:39.586+08:00,8.148,1.7494783401489258
829,30,2026-08-15T13:32:45.672+08:00,0.092601,0.188954,0.166667,6.6228204e-06,2026-08-15T13:32:53.827+08:00,8.15,1.7052565813064575
830,30,2026-08-15T13:32:59.853+08:00,0.198673,0.298333,0.104167,6.6228204e-06,2026-08-15T13:33:08.003+08:00,8.145,2.323854684829712
831,30,2026-08-15T13:33:14.083+08:00,0.202656,0.397294,0.125,6.6228204e-06,2026-08-15T13:33:22.234+08:00,8.145,0.9332108497619629
832,30,2026-08-15T13:33:28.275+08:00,0.098006,0.298992,0.201389,6.6228204e-06,2026-08-15T13:33:36.432+08:00,8.151,1.0910001993179321
833,30,2026-08-15T13:33:42.565+08:00,0.062864,0.171092,0.060308,6.6228204e-06,2026-08-15T13:33:50.718+08:00,8.148,0.7204948663711548
834,30,2026-08-15T13:33:56.863+08:00,0.127141,0.192903,0.113839,6.6228204e-06,2026-08-15T13:34:05.021+08:00,8.152,0.8550729751586914
835,30,2026-08-15T13:34:11.152+08:00,0.181242,0.242453,0.05,6.6228204e-06,2026-08-15T13:34:19.306+08:00,8.148,1.4594550132751465
836,30,2026-08-15T13:34:25.425+08:00,0.226068,0.262431,0.104167,6.6228204e-06,2026-08-15T13:34:33.575+08:00,8.145,-0.010422497987747192
837,30,2026-08-15T13:34:39.712+08:00,0.082886,0.08808,0.015625,6.6228204e-06,2026-08-15T13:34:47.870+08:00,8.152,0.8835389614105225
838,30,2026-08-15T13:34:54.035+08:00,0.09838,0.210753,0.216721,6.6228204e-06,2026-08-15T13:35:02.195+08:00,8.155,4.395018100738525
839,30,2026-08-15T13:35:08.371+08:00,0.105496,0.195774,0.125,6.6228204e-06,2026-08-15T13:35:16.529+08:00,8.155,2.1722819805145264
840,30,2026-08-15T13:35:22.597+08:00,0.118133,0.149306,0.05625,6.6228204e-06,2026-08-15T13:35:30.748+08:00,8.145,4.924846649169922
841,30,2026-08-15T13:35:36.782+08:00,0.228022,0.288068,0.033333,6.5565922e-06,2026-08-15T13:35:44.929+08:00,8.142,1.1861602067947388
842,30,2026-08-15T13:35:51.004+08:00,0.140766,0.153026,0.050595,6.5565922e-06,2026-08-15T13:35:59.150+08:00,8.141,1.9949597120285034
843,30,2026-08-15T13:36:05.222+08:00,0.066101,0.195076,0.05625,6.5565922e-06,2026-08-15T13:36:13.371+08:00,8.144,0.5023088455200195
844,30,2026-08-15T13:36:19.958+08:00,0.0302,0.0302,0.0,6.5565922e-06,2026-08-15T13:36:28.120+08:00,8.157,2.0947957038879395
845,30,2026-08-15T13:36:33.927+08:00,0.178318,0.186902,0.009453,6.5565922e-06,2026-08-15T13:36:42.097+08:00,8.164,1.3524212837219238
846,30,2026-08-15T13:36:48.382+08:00,0.133225,0.1801,0.068452,6.5565922e-06,2026-08-15T13:36:56.550+08:00,8.162,2.4126157760620117
847,30,2026-08-15T13:37:02.739+08:00,0.246904,0.356738,0.102679,6.5565922e-06,2026-08-15T13:37:10.900+08:00,8.155,1.34917151927948
848,30,2026-08-15T13:37:17.139+08:00,0.137738,0.18771,0.03766,6.5565922e-06,2026-08-15T13:37:25.287+08:00,8.145,1.4919052124023438
849,30,2026-08-15T13:37:31.507+08:00,0.050486,0.146963,0.066288,6.5565922e-06,2026-08-15T13:37:39.665+08:00,8.152,2.110058307647705
850,30,2026-08-15T13:37:45.715+08:00,0.07516,0.168014,0.122917,6.5565922e-06,2026-08-15T13:37:53.862+08:00,8.141,2.8904340267181396
851,30,2026-08-15T13:37:59.920+08:00,0.090532,0.222673,0.091667,6.5565922e-06,2026-08-15T13:38:08.068+08:00,8.143,2.129756450653076
852,30,2026-08-15T13:38:14.153+08:00,0.093344,0.239488,0.066335,6.5565922e-06,2026-08-15T13:38:22.294+08:00,8.135,1.959137201309204
853,30,2026-08-15T13:38:28.310+08:00,0.11141,0.239181,0.103053,6.5565922e-06,2026-08-15T13:38:36.466+08:00,8.15,-0.0804242491722107
854,30,2026-08-15T13:38:42.529+08:00,0.035802,0.27338,0.159269,6.5565922e-06,2026-08-15T13:38:50.683+08:00,8.148,1.5555955171585083
855,30,2026-08-15T13:38:56.784+08:00,0.026792,0.047136,0.095895,6.5565922e-06,2026-08-15T13:39:04.929+08:00,8.139,3.532289981842041
856,30,2026-08-15T13:39:11.171+08:00,0.089441,0.089441,0.010417,6.5565922e-06,2026-08-15T13:39:19.296+08:00,8.118,0.4074721336364746
857,30,2026-08-15T13:39:25.341+08:00,0.170891,0.270729,0.06994,6.5565922e-06,2026-08-15T13:39:33.509+08:00,8.151,1.9970299005508423
858,30,2026-08-15T13:39:39.591+08:00,0.109209,0.164784,0.08855,6.5565922e-06,2026-08-15T13:39:47.742+08:00,8.146,2.0417768955230713
859,30,2026-08-15T13:39:53.795+08:00,0.011811,0.250339,0.217935,6.5565922e-06,2026-08-15T13:40:01.887+08:00,8.086,-1.9607456922531128
860,30,2026-08-15T13:40:08.018+08:00,0.219048,0.219048,0.0,6.5565922e-06,2026-08-15T13:40:16.168+08:00,8.144,3.8949105739593506
861,30,2026-08-15T13:40:22.294+08:00,0.152082,0.152082,0.0,6.4910263e-06,2026-08-15T13:40:30.441+08:00,8.141,3.047844648361206
862,30,2026-08-15T13:40:36.535+08:00,0.19228,0.20029,0.020833,6.4910263e-06,2026-08-15T13:40:44.685+08:00,8.144,2.348158359527588
863,30,2026-08-15T13:40:50.806+08:00,0.243912,0.285577,0.072917,6.4910263e-06,2026-08-15T13:40:58.956+08:00,8.144,-0.5387505292892456
864,30,2026-08-15T13:41:05.067+08:00,0.032022,0.137649,0.032948,6.4910263e-06,2026-08-15T13:41:13.225+08:00,8.153,2.6381516456604004
865,30,2026-08-15T13:41:19.321+08:00,0.043983,0.09398,0.041667,6.4910263e-06,2026-08-15T13:41:27.477+08:00,8.153,1.2663573026657104
866,30,2026-08-15T13:41:33.486+08:00,0.150423,0.150423,0.022727,6.4910263e-06,2026-08-15T13:41:41.643+08:00,8.152,0.45773249864578247
867,30,2026-08-15T13:41:47.743+08:00,0.144838,0.410534,0.108333,6.4910263e-06,2026-08-15T13:41:55.896+08:00,8.148,0.00376775860786438
868,30,2026-08-15T13:42:01.959+08:00,0.164103,0.234206,0.062202,6.4910263e-06,2026-08-15T13:42:10.108+08:00,8.144,0.9647954702377319
869,30,2026-08-15T13:42:16.171+08:00,0.138402,0.286323,0.107449,6.4910263e-06,2026-08-15T13:42:24.326+08:00,8.149,2.086510419845581
870,30,2026-08-15T13:42:30.384+08:00,0.143983,0.143983,0.041667,6.4910263e-06,2026-08-15T13:42:38.537+08:00,8.147,2.0946602821350098
871,30,2026-08-15T13:42:44.624+08:00,0.137127,0.225662,0.066964,6.4910263e-06,2026-08-15T13:42:52.772+08:00,8.143,6.381902694702148
872,30,2026-08-15T13:42:58.888+08:00,0.047407,0.092035,0.15,6.4910263e-06,2026-08-15T13:43:07.047+08:00,8.153,-0.7481659650802612
873,30,2026-08-15T13:43:13.062+08:00,0.05522,0.113587,0.078571,6.4910263e-06,2026-08-15T13:43:21.222+08:00,8.155,2.6537554264068604
874,30,2026-08-15T13:43:27.364+08:00,0.019889,0.151099,0.053235,6.4910263e-06,2026-08-15T13:43:35.526+08:00,8.157,1.9575231075286865
875,30,2026-08-15T13:43:41.557+08:00,0.029955,0.131343,0.166667,6.4910263e-06,2026-08-15T13:43:49.708+08:00,8.144,2.1673531532287598
876,30,2026-08-15T13:43:55.762+08:00,0.016624,0.23113,0.207532,6.4910263e-06,2026-08-15T13:44:03.907+08:00,8.138,-0.21220725774765015
877,30,2026-08-15T13:44:09.960+08:00,0.092678,0.205987,0.151538,6.4910263e-06,2026-08-15T13:44:18.118+08:00,8.151,0.40593385696411133
878,30,2026-08-15T13:44:24.249+08:00,0.091126,0.124458,0.083333,6.4910263e-06,2026-08-15T13:44:32.412+08:00,8.156,2.6759753227233887
879,30,2026-08-15T13:44:38.962+08:00,0.112108,0.210274,0.097944,6.4910263e-06,2026-08-15T13:44:47.109+08:00,8.141,2.890169620513916
880,30,2026-08-15T13:44:53.240+08:00,0.183849,0.220833,0.033482,6.4910263e-06,2026-08-15T13:45:01.388+08:00,8.143,1.478095293045044
881,30,2026-08-15T13:45:07.518+08:00,0.057129,0.239905,0.18125,6.426116e-06,2026-08-15T13:45:15.631+08:00,8.108,6.4091339111328125
882,30,2026-08-15T13:45:21.736+08:00,0.101945,0.197662,0.131667,6.426116e-06,2026-08-15T13:45:29.894+08:00,8.152,1.456691861152649
883,30,2026-08-15T13:45:35.931+08:00,0.105038,0.181808,0.085203,6.426116e-06,2026-08-15T13:45:44.085+08:00,8.15,1.4898074865341187
884,30,2026-08-15T13:45:50.193+08:00,0.083834,0.123763,0.043561,6.426116e-06,2026-08-15T13:45:58.354+08:00,8.156,1.940033197402954
885,30,2026-08-15T13:46:04.476+08:00,0.219341,0.260985,0.059028,6.426116e-06,2026-08-15T13:46:12.630+08:00,8.148,1.630193829536438
886,30,2026-08-15T13:46:18.656+08:00,0.139137,0.156994,0.05,6.426116e-06,2026-08-15T13:46:26.803+08:00,8.141,2.409998893737793
887,30,2026-08-15T13:46:32.833+08:00,0.08152,0.158277,0.126093,6.426116e-06,2026-08-15T13:46:40.982+08:00,8.145,0.15043124556541443
888,30,2026-08-15T13:46:47.023+08:00,0.148836,0.273835,0.109375,6.426116e-06,2026-08-15T13:46:55.178+08:00,8.15,-0.8087561130523682
889,30,2026-08-15T13:47:01.268+08:00,0.094878,0.144734,0.05625,6.426116e-06,2026-08-15T13:47:09.425+08:00,8.151,2.596480369567871
890,30,2026-08-15T13:47:15.456+08:00,0.102102,0.125061,0.0875,6.426116e-06,2026-08-15T13:47:23.592+08:00,8.131,0.17213794589042664
891,30,2026-08-15T13:47:29.674+08:00,0.045065,0.132561,0.207917,6.426116e-06,2026-08-15T13:47:37.828+08:00,8.148,1.3208792209625244
892,30,2026-08-15T13:47:43.967+08:00,0.046226,0.107846,0.136103,6.426116e-06,2026-08-15T13:47:52.123+08:00,8.15,-0.019436120986938477
893,30,2026-08-15T13:47:58.170+08:00,0.033744,0.164946,0.072917,6.426116e-06,2026-08-15T13:48:06.322+08:00,8.146,0.005252242088317871
894,30,2026-08-15T13:48:12.390+08:00,0.025734,0.173562,0.141414,6.426116e-06,2026-08-15T13:48:20.522+08:00,8.126,2.497502326965332
895,30,2026-08-15T13:48:26.602+08:00,0.160787,0.160787,0.0,6.426116e-06,2026-08-15T13:48:34.753+08:00,8.145,1.8670650720596313
896,30,2026-08-15T13:48:40.873+08:00,0.182674,0.232646,0.03125,6.426116e-06,2026-08-15T13:48:49.026+08:00,8.148,1.2165104150772095
897,30,2026-08-15T13:48:55.066+08:00,0.18208,0.219578,0.041667,6.426116e-06,2026-08-15T13:49:03.217+08:00,8.146,2.305917978286743
898,30,2026-08-15T13:49:09.325+08:00,0.051279,0.122607,0.086774,6.426116e-06,2026-08-15T13:49:17.419+08:00,8.088,3.9134137630462646
899,30,2026-08-15T13:49:23.600+08:00,0.130765,0.20161,0.065694,6.426116e-06,2026-08-15T13:49:31.752+08:00,8.146,-0.6348407864570618
900,30,2026-08-15T13:49:37.841+08:00,0.25054,0.286255,0.0625,6.426116e-06,2026-08-15T13:49:45.999+08:00,8.153,-0.35579872131347656
901,30,2026-08-15T13:49:52.085+08:00,0.160092,0.195806,0.05,6.3618549e-06,2026-08-15T13:50:00.246+08:00,8.155,2.9755616188049316
902,30,2026-08-15T13:50:06.348+08:00,0.205324,0.205324,0.013393,6.3618549e-06,2026-08-15T13:50:14.514+08:00,8.159,2.133650302886963
903,30,2026-08-15T13:50:20.618+08:00,0.187708,0.268153,0.151042,6.3618549e-06,2026-08-15T13:50:28.767+08:00,8.143,2.096737861633301
904,30,2026-08-15T13:50:34.867+08:00,0.1875,0.25,0.084722,6.3618549e-06,2026-08-15T13:50:43.011+08:00,8.139,2.1745638847351074
905,30,2026-08-15T13:50:49.133+08:00,0.319471,0.42207,0.116071,6.3618549e-06,2026-08-15T13:50:57.279+08:00,8.14,0.4640994668006897
906,30,2026-08-15T13:51:03.345+08:00,0.095196,0.095196,0.008333,6.3618549e-06,2026-08-15T13:51:11.502+08:00,8.152,1.2537248134613037
907,30,2026-08-15T13:51:17.711+08:00,0.087091,0.117799,0.112302,6.3618549e-06,2026-08-15T13:51:25.856+08:00,8.139,1.2413983345031738
908,30,2026-08-15T13:51:31.905+08:00,0.233479,0.377099,0.10625,6.3618549e-06,2026-08-15T13:51:40.061+08:00,8.15,0.8858956098556519
909,30,2026-08-15T13:51:46.109+08:00,0.110034,0.110034,0.0,6.3618549e-06,2026-08-15T13:51:54.260+08:00,8.147,3.0913853645324707
910,30,2026-08-15T13:52:00.369+08:00,0.008511,0.066856,0.13679,6.3618549e-06,2026-08-15T13:52:08.529+08:00,8.155,2.250216245651245
911,30,2026-08-15T13:52:14.591+08:00,0.074215,0.129771,0.0625,6.3618549e-06,2026-08-15T13:52:22.727+08:00,8.13,4.110292434692383
912,30,2026-08-15T13:52:28.778+08:00,0.131393,0.191132,0.055556,6.3618549e-06,2026-08-15T13:52:36.933+08:00,8.149,0.9074879884719849
913,30,2026-08-15T13:52:43.033+08:00,0.121289,0.246586,0.097917,6.3618549e-06,2026-08-15T13:52:51.153+08:00,8.114,0.9487619996070862
914,30,2026-08-15T13:52:57.695+08:00,0.06179,0.08679,0.079167,6.3618549e-06,2026-08-15T13:53:05.857+08:00,8.144,1.942527413368225
915,30,2026-08-15T13:53:11.909+08:00,0.073838,0.152453,0.191667,6.3618549e-06,2026-08-15T13:53:20.045+08:00,8.131,0.7903025150299072
916,30,2026-08-15T13:53:26.038+08:00,0.062998,0.079992,0.113791,6.3618549e-06,2026-08-15T13:53:34.193+08:00,8.149,2.7890124320983887
917,30,2026-08-15T13:53:40.266+08:00,0.020119,0.147444,0.121046,6.3618549e-06,2026-08-15T13:53:48.421+08:00,8.149,2.5250589847564697
918,30,2026-08-15T13:53:54.525+08:00,0.178753,0.220139,0.020833,6.3618549e-06,2026-08-15T13:54:02.681+08:00,8.151,1.2054486274719238
919,30,2026-08-15T13:54:08.882+08:00,0.169311,0.322245,0.09277,6.3618549e-06,2026-08-15T13:54:17.016+08:00,8.129,1.6018221378326416
920,30,2026-08-15T13:54:23.041+08:00,0.159211,0.182192,0.050342,6.3618549e-06,2026-08-15T13:54:31.196+08:00,8.15,2.141824722290039
921,30,2026-08-15T13:54:37.262+08:00,0.024656,0.183437,0.214885,6.2982363e-06,2026-08-15T13:54:45.409+08:00,8.142,0.5429368615150452
922,30,2026-08-15T13:54:51.453+08:00,0.165234,0.165747,0.0025,6.2982363e-06,2026-08-15T13:54:59.606+08:00,8.147,2.8273377418518066
923,30,2026-08-15T13:55:05.631+08:00,0.044288,0.186449,0.157292,6.2982363e-06,2026-08-15T13:55:13.764+08:00,8.127,0.047979772090911865
924,30,2026-08-15T13:55:19.833+08:00,0.174017,0.257347,0.07045,6.2982363e-06,2026-08-15T13:55:27.984+08:00,8.146,1.4266078472137451
925,30,2026-08-15T13:55:34.042+08:00,0.146488,0.148614,0.003623,6.2982363e-06,2026-08-15T13:55:42.179+08:00,8.131,3.075106143951416
926,30,2026-08-15T13:55:48.210+08:00,0.048254,0.136936,0.216346,6.2982363e-06,2026-08-15T13:55:56.368+08:00,8.153,1.7200530767440796
927,30,2026-08-15T13:56:02.442+08:00,0.240338,0.40635,0.0875,6.2982363e-06,2026-08-15T13:56:10.583+08:00,8.135,1.630173683166504
928,30,2026-08-15T13:56:16.667+08:00,0.046159,0.212798,0.260417,6.2982363e-06,2026-08-15T13:56:24.834+08:00,8.161,3.859143018722534
929,30,2026-08-15T13:56:31.004+08:00,0.056737,0.171312,0.119921,6.2982363e-06,2026-08-15T13:56:39.160+08:00,8.15,3.622915506362915
930,30,2026-08-15T13:56:45.248+08:00,0.188851,0.228668,0.068401,6.2982363e-06,2026-08-15T13:56:53.396+08:00,8.143,0.6747980713844299
931,30,2026-08-15T13:56:59.570+08:00,0.10945,0.222801,0.168561,6.2982363e-06,2026-08-15T13:57:07.718+08:00,8.142,1.7429544925689697
932,30,2026-08-15T13:57:13.855+08:00,0.039167,0.076636,0.108333,6.2982363e-06,2026-08-15T13:57:22.009+08:00,8.148,0.5480281114578247
933,30,2026-08-15T13:57:28.157+08:00,0.125604,0.273353,0.128571,6.2982363e-06,2026-08-15T13:57:36.316+08:00,8.153,0.8678469657897949
934,30,2026-08-15T13:57:42.381+08:00,0.046686,0.135952,0.163603,6.2982363e-06,2026-08-15T13:57:50.528+08:00,8.142,1.9116911888122559
935,30,2026-08-15T13:57:56.628+08:00,0.146792,0.178817,0.06994,6.2982363e-06,2026-08-15T13:58:04.791+08:00,8.157,1.5557444095611572
936,30,2026-08-15T13:58:10.908+08:00,0.219381,0.28188,0.0625,6.2982363e-06,2026-08-15T13:58:19.068+08:00,8.155,2.2137112617492676
937,30,2026-08-15T13:58:25.129+08:00,0.20303,0.240278,0.020833,6.2982363e-06,2026-08-15T13:58:33.264+08:00,8.13,0.46696722507476807
938,30,2026-08-15T13:58:39.409+08:00,0.073142,0.14033,0.029514,6.2982363e-06,2026-08-15T13:58:47.564+08:00,8.149,2.15401554107666
939,30,2026-08-15T13:58:53.729+08:00,0.139184,0.177516,0.042964,6.2982363e-06,2026-08-15T13:59:01.892+08:00,8.156,2.834306240081787
940,30,2026-08-15T13:59:07.979+08:00,0.086796,0.093331,0.034722,6.2982363e-06,2026-08-15T13:59:16.103+08:00,8.119,-0.21097928285598755
941,30,2026-08-15T13:59:22.169+08:00,0.205883,0.304861,0.15501,6.2352539e-06,2026-08-15T13:59:30.316+08:00,8.141,-0.015743792057037354
942,30,2026-08-15T13:59:36.425+08:00,0.05604,0.228054,0.075,6.2352539e-06,2026-08-15T13:59:44.585+08:00,8.155,2.174013614654541
943,30,2026-08-15T13:59:50.752+08:00,0.119634,0.310225,0.15625,6.2352539e-06,2026-08-15T13:59:58.900+08:00,8.142,1.7448725700378418
944,30,2026-08-15T14:00:04.997+08:00,0.251273,0.303298,0.069079,6.2352539e-06,2026-08-15T14:00:13.149+08:00,8.145,2.225306510925293
945,30,2026-08-15T14:00:19.281+08:00,0.239452,0.333198,0.047101,6.2352539e-06,2026-08-15T14:00:27.445+08:00,8.157,0.9295504093170166
946,30,2026-08-15T14:00:33.649+08:00,0.169973,0.169973,0.0,6.2352539e-06,2026-08-15T14:00:41.808+08:00,8.153,1.512010097503662
947,30,2026-08-15T14:00:47.952+08:00,0.195949,0.195949,0.043683,6.2352539e-06,2026-08-15T14:00:56.118+08:00,8.16,2.8020315170288086
948,30,2026-08-15T14:01:02.180+08:00,0.099584,0.187042,0.09375,6.2352539e-06,2026-08-15T14:01:10.322+08:00,8.136,2.346165657043457
949,30,2026-08-15T14:01:16.475+08:00,0.230877,0.305876,0.077778,6.2352539e-06,2026-08-15T14:01:24.900+08:00,8.42,1.57843017578125
950,30,2026-08-15T14:01:30.998+08:00,0.075129,0.146995,0.060764,6.2352539e-06,2026-08-15T14:01:39.168+08:00,8.164,0.6209632754325867
951,30,2026-08-15T14:01:45.432+08:00,0.083971,0.146471,0.0625,6.2352539e-06,2026-08-15T14:01:53.585+08:00,8.147,0.6469155550003052
952,30,2026-08-15T14:01:59.695+08:00,0.149917,0.173785,0.076168,6.2352539e-06,2026-08-15T14:02:07.791+08:00,8.09,0.899505615234375
953,30,2026-08-15T14:02:13.885+08:00,0.144976,0.226636,0.031723,6.2352539e-06,2026-08-15T14:02:22.040+08:00,8.149,0.9954433441162109
954,30,2026-08-15T14:02:28.114+08:00,0.02559,0.394097,0.21099,6.2352539e-06,2026-08-15T14:02:36.258+08:00,8.138,-0.9038511514663696
955,30,2026-08-15T14:02:42.337+08:00,0.076971,0.195971,0.104167,6.2352539e-06,2026-08-15T14:02:50.492+08:00,8.149,2.9523563385009766
956,30,2026-08-15T14:02:56.644+08:00,0.182753,0.20548,0.104167,6.2352539e-06,2026-08-15T14:03:04.800+08:00,8.15,-0.7503486275672913
957,30,2026-08-15T14:03:10.963+08:00,0.185535,0.185535,0.014706,6.2352539e-06,2026-08-15T14:03:19.118+08:00,8.15,0.5882596969604492
958,30,2026-08-15T14:03:25.256+08:00,0.086571,0.122994,0.064649,6.2352539e-06,2026-08-15T14:03:33.418+08:00,8.156,1.8971338272094727
959,30,2026-08-15T14:03:39.512+08:00,0.094792,0.273958,0.1375,6.2352539e-06,2026-08-15T14:03:47.635+08:00,8.118,0.43341323733329773
960,30,2026-08-15T14:03:53.736+08:00,0.131043,0.145409,0.033482,6.2352539e-06,2026-08-15T14:04:01.889+08:00,8.148,0.2121446132659912
961,30,2026-08-15T14:04:07.972+08:00,0.061837,0.14517,0.138889,6.1729014e-06,2026-08-15T14:04:16.127+08:00,8.149,2.7480404376983643
962,30,2026-08-15T14:04:22.304+08:00,0.134761,0.150386,0.0625,6.1729014e-06,2026-08-15T14:04:30.441+08:00,8.131,1.7768681049346924
963,30,2026-08-15T14:04:36.661+08:00,0.084191,0.208906,0.075658,6.1729014e-06,2026-08-15T14:04:44.820+08:00,8.154,2.668360948562622
964,30,2026-08-15T14:04:50.972+08:00,0.057479,0.119257,0.07906,6.1729014e-06,2026-08-15T14:04:59.127+08:00,8.15,2.328402042388916
965,30,2026-08-15T14:05:05.214+08:00,0.120341,0.204789,0.139881,6.1729014e-06,2026-08-15T14:05:13.372+08:00,8.152,2.368271827697754
966,30,2026-08-15T14:05:19.515+08:00,0.016805,0.187253,0.1625,6.1729014e-06,2026-08-15T14:05:27.643+08:00,8.125,2.527271032333374
967,30,2026-08-15T14:05:33.730+08:00,0.080095,0.142595,0.05,6.1729014e-06,2026-08-15T14:05:41.887+08:00,8.151,0.9088075160980225
968,30,2026-08-15T14:05:48.037+08:00,0.196273,0.197883,0.027389,6.1729014e-06,2026-08-15T14:05:56.198+08:00,8.156,2.93477725982666
969,30,2026-08-15T14:06:02.249+08:00,0.09736,0.112968,0.017708,6.1729014e-06,2026-08-15T14:06:10.409+08:00,8.154,-0.4201350212097168
970,30,2026-08-15T14:06:16.519+08:00,0.143325,0.198557,0.182738,6.1729014e-06,2026-08-15T14:06:24.678+08:00,8.152,1.2214444875717163
971,30,2026-08-15T14:06:30.823+08:00,0.065254,0.182418,0.107253,6.1729014e-06,2026-08-15T14:06:38.983+08:00,8.147,2.9197866916656494
972,30,2026-08-15T14:06:45.115+08:00,0.137578,0.166704,0.040103,6.1729014e-06,2026-08-15T14:06:53.283+08:00,8.162,2.887922525405884
973,30,2026-08-15T14:06:59.556+08:00,0.305021,0.305021,0.004808,6.1729014e-06,2026-08-15T14:07:07.712+08:00,8.15,0.6442263126373291
974,30,2026-08-15T14:07:13.929+08:00,0.227785,0.246886,0.020833,6.1729014e-06,2026-08-15T14:07:22.074+08:00,8.138,1.2874516248703003
975,30,2026-08-15T14:07:28.288+08:00,0.116411,0.172009,0.091304,6.1729014e-06,2026-08-15T14:07:36.445+08:00,8.152,1.6219494342803955
976,30,2026-08-15T14:07:42.550+08:00,0.025712,0.04536,0.052536,6.1729014e-06,2026-08-15T14:07:50.704+08:00,8.149,1.9868758916854858
977,30,2026-08-15T14:07:56.797+08:00,0.24561,0.24561,0.0,6.1729014e-06,2026-08-15T14:08:04.935+08:00,8.133,2.8671956062316895
978,30,2026-08-15T14:08:11.032+08:00,0.071133,0.172709,0.07457,6.1729014e-06,2026-08-15T14:08:19.192+08:00,8.155,1.1191110610961914
979,30,2026-08-15T14:08:25.257+08:00,0.176467,0.202353,0.026268,6.1729014e-06,2026-08-15T14:08:33.377+08:00,8.114,3.062067985534668
980,30,2026-08-15T14:08:39.452+08:00,0.043675,0.330359,0.2007,6.1729014e-06,2026-08-15T14:08:47.609+08:00,8.151,0.39695990085601807
981,30,2026-08-15T14:08:53.672+08:00,0.182449,0.19073,0.031746,6.1111724e-06,2026-08-15T14:09:01.835+08:00,8.157,-0.7439287304878235
982,30,2026-08-15T14:09:07.883+08:00,0.178207,0.397917,0.14375,6.1111724e-06,2026-08-15T14:09:16.014+08:00,8.125,1.6739110946655273
983,30,2026-08-15T14:09:22.052+08:00,0.105616,0.147994,0.05,6.1111724e-06,2026-08-15T14:09:30.185+08:00,8.131,2.4955201148986816
984,30,2026-08-15T14:09:36.212+08:00,0.108148,0.201098,0.05,6.1111724e-06,2026-08-15T14:09:44.351+08:00,8.133,2.505735158920288
985,30,2026-08-15T14:09:50.925+08:00,0.059266,0.175184,0.159578,6.1111724e-06,2026-08-15T14:09:59.054+08:00,8.124,0.2508458197116852
986,30,2026-08-15T14:10:05.174+08:00,0.229952,0.294745,0.099696,6.1111724e-06,2026-08-15T14:10:13.303+08:00,8.124,0.45251330733299255
987,30,2026-08-15T14:10:19.376+08:00,0.045743,0.107906,0.083333,6.1111724e-06,2026-08-15T14:10:27.531+08:00,8.149,0.41576439142227173
988,30,2026-08-15T14:10:33.657+08:00,0.059658,0.103968,0.04375,6.1111724e-06,2026-08-15T14:10:41.808+08:00,8.148,0.5723652839660645
989,30,2026-08-15T14:10:47.998+08:00,0.065353,0.177583,0.086602,6.1111724e-06,2026-08-15T14:10:56.161+08:00,8.157,2.0521557331085205
990,30,2026-08-15T14:11:02.339+08:00,0.084419,0.124056,0.075887,6.1111724e-06,2026-08-15T14:11:10.480+08:00,8.135,0.03391525149345398
991,30,2026-08-15T14:11:16.632+08:00,0.129061,0.312879,0.078358,6.1111724e-06,2026-08-15T14:11:24.723+08:00,8.086,3.480161190032959
992,30,2026-08-15T14:11:30.795+08:00,0.169433,0.223766,0.042296,6.1111724e-06,2026-08-15T14:11:38.940+08:00,8.14,-0.188228577375412
993,30,2026-08-15T14:11:44.990+08:00,0.183702,0.255091,0.03125,6.1111724e-06,2026-08-15T14:11:53.140+08:00,8.145,1.6492332220077515
994,30,2026-08-15T14:11:59.341+08:00,0.082313,0.305574,0.139583,6.1111724e-06,2026-08-15T14:12:07.484+08:00,8.137,2.9343454837799072
995,30,2026-08-15T14:12:13.616+08:00,0.045168,0.045168,0.013889,6.1111724e-06,2026-08-15T14:12:21.782+08:00,8.16,4.559606552124023
996,30,2026-08-15T14:12:28.021+08:00,0.181331,0.236887,0.1125,6.1111724e-06,2026-08-15T14:12:36.156+08:00,8.129,1.3887990713119507
997,30,2026-08-15T14:12:42.270+08:00,0.091018,0.212774,0.069574,6.1111724e-06,2026-08-15T14:12:50.426+08:00,8.15,2.789376735687256
998,30,2026-08-15T14:12:56.609+08:00,0.059787,0.213953,0.208333,6.1111724e-06,2026-08-15T14:13:04.751+08:00,8.136,2.026364326477051
999,30,2026-08-15T14:13:10.874+08:00,0.197804,0.197804,0.0,6.1111724e-06,2026-08-15T14:13:19.017+08:00,8.137,3.2615933418273926
1000,30,2026-08-15T14:13:25.133+08:00,0.004724,0.063817,0.074059,6.1111724e-06,2026-08-15T14:13:33.277+08:00,8.138,0.14320528507232666
1001,30,2026-08-15T14:13:42.788+08:00,0.08631,0.141865,0.066318,6.0500607e-06,2026-08-15T14:13:50.912+08:00,8.119,2.931365728378296
1002,30,2026-08-15T14:13:57.277+08:00,0.28953,0.28953,0.0625,6.0500607e-06,2026-08-15T14:14:05.424+08:00,8.141,3.803860664367676
1003,30,2026-08-15T14:14:11.748+08:00,0.054988,0.188736,0.083333,6.0500607e-06,2026-08-15T14:14:19.893+08:00,8.139,1.0071890354156494
1004,30,2026-08-15T14:14:26.303+08:00,0.15614,0.176922,0.0375,6.0500607e-06,2026-08-15T14:14:34.449+08:00,8.14,1.4962360858917236
1005,30,2026-08-15T14:14:40.839+08:00,0.129789,0.231864,0.079167,6.0500607e-06,2026-08-15T14:14:48.989+08:00,8.143,-0.4781579077243805
1006,30,2026-08-15T14:14:55.224+08:00,0.139169,0.219329,0.078125,6.0500607e-06,2026-08-15T14:15:03.386+08:00,8.157,1.160454273223877
1007,30,2026-08-15T14:15:09.628+08:00,0.125067,0.139953,0.059615,6.0500607e-06,2026-08-15T14:15:17.780+08:00,8.147,2.5760185718536377
1008,30,2026-08-15T14:15:24.079+08:00,0.036617,0.061029,0.046875,6.0500607e-06,2026-08-15T14:15:32.233+08:00,8.149,1.3936258554458618
1009,30,2026-08-15T14:15:38.610+08:00,0.277551,0.417212,0.080736,6.0500607e-06,2026-08-15T14:15:46.745+08:00,8.129,-0.15044869482517242
1010,30,2026-08-15T14:15:53.006+08:00,0.127189,0.29375,0.129167,6.0500607e-06,2026-08-15T14:16:01.139+08:00,8.128,3.079291582107544
1011,30,2026-08-15T14:16:07.374+08:00,0.088738,0.115517,0.037202,6.0500607e-06,2026-08-15T14:16:15.522+08:00,8.142,0.84446781873703
1012,30,2026-08-15T14:16:21.743+08:00,0.007825,0.168884,0.208036,6.0500607e-06,2026-08-15T14:16:29.893+08:00,8.145,3.010592460632324
1013,30,2026-08-15T14:16:36.160+08:00,0.13195,0.204695,0.076099,6.0500607e-06,2026-08-15T14:16:44.295+08:00,8.13,1.9658105373382568
1014,30,2026-08-15T14:16:50.591+08:00,0.106465,0.209821,0.114583,6.0500607e-06,2026-08-15T14:16:58.745+08:00,8.151,2.37809157371521
1015,30,2026-08-15T14:17:05.134+08:00,0.063559,0.084389,0.040923,6.0500607e-06,2026-08-15T14:17:13.290+08:00,8.15,-0.2439173460006714
1016,30,2026-08-15T14:17:19.639+08:00,0.116697,0.116697,0.0,6.0500607e-06,2026-08-15T14:17:27.763+08:00,8.119,-0.03917522728443146
1017,30,2026-08-15T14:17:34.102+08:00,0.156253,0.308532,0.220833,6.0500607e-06,2026-08-15T14:17:42.239+08:00,8.132,0.5365320444107056
1018,30,2026-08-15T14:17:48.721+08:00,0.156247,0.176035,0.076236,6.0500607e-06,2026-08-15T14:17:56.867+08:00,8.142,2.2311835289001465
1019,30,2026-08-15T14:18:03.685+08:00,0.056282,0.074139,0.094216,6.0500607e-06,2026-08-15T14:18:11.830+08:00,8.14,1.3303678035736084
1020,30,2026-08-15T14:18:18.286+08:00,0.154188,0.197699,0.087366,6.0500607e-06,2026-08-15T14:18:26.436+08:00,8.144,0.4990079998970032
1021,30,2026-08-15T14:18:32.906+08:00,0.155097,0.155468,0.002982,5.9895601e-06,2026-08-15T14:18:41.061+08:00,8.149,2.0203020572662354
1022,30,2026-08-15T14:18:47.514+08:00,0.124252,0.12667,0.01,5.9895601e-06,2026-08-15T14:18:55.672+08:00,8.153,2.451977014541626
1023,30,2026-08-15T14:19:02.060+08:00,0.104289,0.211996,0.134615,5.9895601e-06,2026-08-15T14:19:10.206+08:00,8.141,1.0947562456130981
1024,30,2026-08-15T14:19:16.567+08:00,0.199021,0.29055,0.109738,5.9895601e-06,2026-08-15T14:19:24.712+08:00,8.139,1.6681512594223022
1025,30,2026-08-15T14:19:30.928+08:00,0.213447,0.213447,0.017857,5.9895601e-06,2026-08-15T14:19:39.075+08:00,8.143,1.1797235012054443
1026,30,2026-08-15T14:19:45.277+08:00,0.312353,0.312353,0.0,5.9895601e-06,2026-08-15T14:19:53.391+08:00,8.11,3.4322004318237305
1027,30,2026-08-15T14:19:59.824+08:00,0.077898,0.165339,0.124146,5.9895601e-06,2026-08-15T14:20:07.976+08:00,8.146,0.14159873127937317
1028,30,2026-08-15T14:20:14.208+08:00,0.254464,0.254464,0.013889,5.9895601e-06,2026-08-15T14:20:22.456+08:00,8.141,-1.5631965398788452
1029,30,2026-08-15T14:20:28.540+08:00,0.062205,0.097899,0.03125,5.9895601e-06,2026-08-15T14:20:36.687+08:00,8.143,-0.2593899369239807
1030,30,2026-08-15T14:20:42.717+08:00,0.046721,0.106005,0.059926,5.9895601e-06,2026-08-15T14:20:50.872+08:00,8.149,2.590278148651123
1031,30,2026-08-15T14:20:56.963+08:00,0.091381,0.118677,0.044444,5.9895601e-06,2026-08-15T14:21:05.120+08:00,8.152,1.3980841636657715
1032,30,2026-08-15T14:21:11.268+08:00,0.11466,0.212486,0.142708,5.9895601e-06,2026-08-15T14:21:19.426+08:00,8.153,1.3659796714782715
1033,30,2026-08-15T14:21:25.575+08:00,0.11461,0.294501,0.153186,5.9895601e-06,2026-08-15T14:21:33.703+08:00,8.122,0.9294030666351318
1034,30,2026-08-15T14:21:39.842+08:00,0.202046,0.243501,0.076389,5.9895601e-06,2026-08-15T14:21:47.995+08:00,8.148,1.8042364120483398
1035,30,2026-08-15T14:21:54.095+08:00,0.014138,0.184947,0.197917,5.9895601e-06,2026-08-15T14:22:02.225+08:00,8.124,-1.473527431488037
1036,30,2026-08-15T14:22:08.456+08:00,0.221385,0.449046,0.21875,5.9895601e-06,2026-08-15T14:22:16.613+08:00,8.151,2.8269309997558594
1037,30,2026-08-15T14:22:22.923+08:00,0.164647,0.225061,0.083333,5.9895601e-06,2026-08-15T14:22:31.065+08:00,8.136,0.5384302735328674
1038,30,2026-08-15T14:22:37.287+08:00,0.029585,0.097462,0.04375,5.9895601e-06,2026-08-15T14:22:45.435+08:00,8.143,1.4524790048599243
1039,30,2026-08-15T14:22:51.651+08:00,0.089469,0.28286,0.244697,5.9895601e-06,2026-08-15T14:22:59.808+08:00,8.154,1.423093557357788
1040,30,2026-08-15T14:23:06.181+08:00,0.097666,0.209767,0.114042,5.9895601e-06,2026-08-15T14:23:14.348+08:00,8.164,1.3173071146011353
1041,30,2026-08-15T14:23:20.596+08:00,0.242916,0.280416,0.109375,5.9296645e-06,2026-08-15T14:23:28.741+08:00,8.139,2.2976231575012207
1042,30,2026-08-15T14:23:34.907+08:00,0.092897,0.14566,0.09375,5.9296645e-06,2026-08-15T14:23:43.050+08:00,8.138,1.2832462787628174
1043,30,2026-08-15T14:23:49.154+08:00,0.051115,0.181475,0.146429,5.9296645e-06,2026-08-15T14:23:57.302+08:00,8.142,1.318960428237915
1044,30,2026-08-15T14:24:03.502+08:00,0.136739,0.207921,0.054167,5.9296645e-06,2026-08-15T14:24:11.652+08:00,8.144,3.7127180099487305
1045,30,2026-08-15T14:24:17.944+08:00,0.053464,0.263514,0.156579,5.9296645e-06,2026-08-15T14:24:26.097+08:00,8.147,3.3638486862182617
1046,30,2026-08-15T14:24:32.287+08:00,0.112088,0.156846,0.047676,5.9296645e-06,2026-08-15T14:24:40.427+08:00,8.134,0.12552902102470398
1047,30,2026-08-15T14:24:46.579+08:00,0.216369,0.216369,0.003641,5.9296645e-06,2026-08-15T14:24:54.737+08:00,8.152,-0.07658863067626953
1048,30,2026-08-15T14:25:00.930+08:00,0.164137,0.164137,0.005,5.9296645e-06,2026-08-15T14:25:09.086+08:00,8.15,0.2259621024131775
1049,30,2026-08-15T14:25:15.329+08:00,0.11605,0.247425,0.099702,5.9296645e-06,2026-08-15T14:25:23.489+08:00,8.155,3.8777384757995605
1050,35,2026-08-15T14:25:29.768+08:00,0.259109,0.292956,0.045833,5.9296645e-06,2026-08-15T14:25:37.919+08:00,8.145,2.0395002365112305
1051,35,2026-08-15T14:25:44.136+08:00,0.163889,0.248008,0.096688,5.9296645e-06,2026-08-15T14:25:52.291+08:00,8.149,-0.3803751766681671
1052,35,2026-08-15T14:25:58.491+08:00,0.089759,0.254905,0.105159,5.9296645e-06,2026-08-15T14:26:06.652+08:00,8.157,1.7395590543746948
1053,35,2026-08-15T14:26:12.879+08:00,0.12344,0.183018,0.136607,5.9296645e-06,2026-08-15T14:26:21.038+08:00,8.154,2.3539462089538574
1054,35,2026-08-15T14:26:27.221+08:00,0.131062,0.239899,0.161979,5.9296645e-06,2026-08-15T14:26:35.384+08:00,8.157,1.3555762767791748
1055,35,2026-08-15T14:26:42.031+08:00,0.08765,0.165464,0.060285,5.9296645e-06,2026-08-15T14:26:50.196+08:00,8.159,1.3531986474990845
1056,35,2026-08-15T14:26:56.450+08:00,0.098584,0.340819,0.247917,5.9296645e-06,2026-08-15T14:27:04.623+08:00,8.168,2.522397518157959
1057,35,2026-08-15T14:27:10.861+08:00,0.174738,0.229167,0.065138,5.9296645e-06,2026-08-15T14:27:19.008+08:00,8.142,2.01039457321167
1058,35,2026-08-15T14:27:25.208+08:00,0.138012,0.311623,0.258333,5.9296645e-06,2026-08-15T14:27:33.375+08:00,8.161,1.9069477319717407
1059,35,2026-08-15T14:27:39.560+08:00,0.213253,0.356951,0.061699,5.9296645e-06,2026-08-15T14:27:47.713+08:00,8.147,2.2389566898345947
1060,35,2026-08-15T14:27:53.797+08:00,0.186458,0.186458,0.090479,5.9296645e-06,2026-08-15T14:28:01.956+08:00,8.153,0.21472236514091492
1061,35,2026-08-15T14:28:08.033+08:00,0.104001,0.117042,0.061699,5.8703678e-06,2026-08-15T14:28:16.169+08:00,8.131,1.0297294855117798
1062,35,2026-08-15T14:28:22.204+08:00,0.073945,0.211884,0.178571,5.8703678e-06,2026-08-15T14:28:30.347+08:00,8.138,0.14259584248065948
1063,35,2026-08-15T14:28:36.488+08:00,0.135485,0.268819,0.1875,5.8703678e-06,2026-08-15T14:28:44.618+08:00,8.125,0.3123234510421753
1064,35,2026-08-15T14:28:50.631+08:00,0.186359,0.228026,0.059524,5.8703678e-06,2026-08-15T14:28:58.778+08:00,8.141,1.111006736755371
1065,35,2026-08-15T14:29:04.949+08:00,0.206769,0.257626,0.053378,5.8703678e-06,2026-08-15T14:29:13.105+08:00,8.15,0.013663947582244873
1066,35,2026-08-15T14:29:19.296+08:00,0.083586,0.135601,0.05,5.8703678e-06,2026-08-15T14:29:27.454+08:00,8.152,1.9858481884002686
1067,35,2026-08-15T14:29:33.652+08:00,0.018367,0.183897,0.142628,5.8703678e-06,2026-08-15T14:29:41.804+08:00,8.146,3.391206979751587
1068,35,2026-08-15T14:29:47.898+08:00,0.052179,0.298512,0.220644,5.8703678e-06,2026-08-15T14:29:56.037+08:00,8.133,-0.7434142827987671
1069,35,2026-08-15T14:30:02.125+08:00,0.172705,0.192411,0.09375,5.8703678e-06,2026-08-15T14:30:10.275+08:00,8.143,1.5218170881271362
1070,35,2026-08-15T14:30:16.367+08:00,0.087543,0.229167,0.104861,5.8703678e-06,2026-08-15T14:30:24.525+08:00,8.151,2.4860856533050537
1071,35,2026-08-15T14:30:30.602+08:00,0.10542,0.188735,0.145833,5.8703678e-06,2026-08-15T14:30:38.772+08:00,8.164,2.0309789180755615
1072,35,2026-08-15T14:30:45.030+08:00,0.191574,0.288165,0.145833,5.8703678e-06,2026-08-15T14:30:53.184+08:00,8.148,0.26640260219573975
1073,35,2026-08-15T14:30:59.482+08:00,0.202762,0.20575,0.009615,5.8703678e-06,2026-08-15T14:31:07.636+08:00,8.148,1.564903736114502
1074,35,2026-08-15T14:31:13.964+08:00,0.11732,0.123898,0.044792,5.8703678e-06,2026-08-15T14:31:22.111+08:00,8.142,0.7469857335090637
1075,35,2026-08-15T14:31:28.343+08:00,0.243352,0.401194,0.152778,5.8703678e-06,2026-08-15T14:31:36.500+08:00,8.151,1.351041316986084
1076,35,2026-08-15T14:31:42.765+08:00,0.167334,0.282634,0.113782,5.8703678e-06,2026-08-15T14:31:50.900+08:00,8.131,0.9348999857902527
1077,35,2026-08-15T14:31:57.126+08:00,0.240677,0.2563,0.03125,5.8703678e-06,2026-08-15T14:32:05.257+08:00,8.126,2.814805507659912
1078,35,2026-08-15T14:32:11.516+08:00,0.014705,0.199678,0.126786,5.8703678e-06,2026-08-15T14:32:19.657+08:00,8.135,1.1752369403839111
1079,35,2026-08-15T14:32:25.805+08:00,0.155586,0.155586,0.0,5.8703678e-06,2026-08-15T14:32:33.960+08:00,8.149,0.505437970161438
1080,35,2026-08-15T14:32:40.128+08:00,0.096478,0.121478,0.091667,5.8703678e-06,2026-08-15T14:32:48.262+08:00,8.13,0.3620937466621399
1081,35,2026-08-15T14:32:54.420+08:00,0.241667,0.241667,0.041667,5.8116641e-06,2026-08-15T14:33:02.577+08:00,8.151,-0.39819633960723877
1082,35,2026-08-15T14:33:08.863+08:00,0.157683,0.27132,0.09375,5.8116641e-06,2026-08-15T14:33:17.021+08:00,8.152,1.838149905204773
1083,35,2026-08-15T14:33:23.168+08:00,0.089391,0.097724,0.041667,5.8116641e-06,2026-08-15T14:33:31.321+08:00,8.147,-0.3809282183647156
1084,35,2026-08-15T14:33:37.562+08:00,0.030667,0.071289,0.072917,5.8116641e-06,2026-08-15T14:33:45.720+08:00,8.152,3.822978973388672
1085,35,2026-08-15T14:33:51.802+08:00,0.080251,0.194509,0.140851,5.8116641e-06,2026-08-15T14:33:59.963+08:00,8.147,2.3797106742858887
1086,35,2026-08-15T14:34:06.122+08:00,0.181399,0.181399,0.0,5.8116641e-06,2026-08-15T14:34:14.272+08:00,8.144,3.5741982460021973
1087,35,2026-08-15T14:34:20.387+08:00,0.189667,0.20256,0.030449,5.8116641e-06,2026-08-15T14:34:28.542+08:00,8.149,1.3995466232299805
1088,35,2026-08-15T14:34:34.598+08:00,0.145801,0.169238,0.05,5.8116641e-06,2026-08-15T14:34:42.741+08:00,8.137,2.2980868816375732
1089,35,2026-08-15T14:34:48.875+08:00,0.053269,0.085839,0.062526,5.8116641e-06,2026-08-15T14:34:57.041+08:00,8.16,0.8128783702850342
1090,35,2026-08-15T14:35:03.704+08:00,0.137762,0.265441,0.179167,5.8116641e-06,2026-08-15T14:35:11.866+08:00,8.156,-0.37972891330718994
1091,35,2026-08-15T14:35:17.970+08:00,0.111664,0.255267,0.114062,5.8116641e-06,2026-08-15T14:35:26.126+08:00,8.15,1.1200977563858032
1092,35,2026-08-15T14:35:32.232+08:00,0.014069,0.064069,0.0625,5.8116641e-06,2026-08-15T14:35:40.395+08:00,8.157,0.6339501738548279
1093,35,2026-08-15T14:35:46.486+08:00,0.171051,0.259673,0.027083,5.8116641e-06,2026-08-15T14:35:54.640+08:00,8.148,0.1947048306465149
1094,35,2026-08-15T14:36:00.671+08:00,0.041442,0.068952,0.08195,5.8116641e-06,2026-08-15T14:36:08.830+08:00,8.154,2.5107262134552
1095,35,2026-08-15T14:36:14.932+08:00,0.09951,0.266176,0.129167,5.8116641e-06,2026-08-15T14:36:23.082+08:00,8.145,0.7571966648101807
1096,35,2026-08-15T14:36:29.221+08:00,0.095156,0.168006,0.026894,5.8116641e-06,2026-08-15T14:36:37.372+08:00,8.146,2.685269355773926
1097,35,2026-08-15T14:36:43.433+08:00,0.133519,0.333519,0.1125,5.8116641e-06,2026-08-15T14:36:51.589+08:00,8.151,3.859489917755127
1098,35,2026-08-15T14:36:57.672+08:00,0.126945,0.292884,0.084524,5.8116641e-06,2026-08-15T14:37:05.824+08:00,8.146,0.109203040599823
1099,35,2026-08-15T14:37:11.867+08:00,0.186926,0.204783,0.052536,5.8116641e-06,2026-08-15T14:37:20.032+08:00,8.159,2.982367992401123
1100,35,2026-08-15T14:37:26.169+08:00,0.112238,0.192893,0.087428,5.8116641e-06,2026-08-15T14:37:34.328+08:00,8.153,2.3467915058135986
1101,35,2026-08-15T14:37:40.462+08:00,0.029294,0.076828,0.092857,5.7535475e-06,2026-08-15T14:37:48.628+08:00,8.161,0.31636491417884827
1102,35,2026-08-15T14:37:54.755+08:00,0.058786,0.177536,0.178571,5.7535475e-06,2026-08-15T14:38:02.914+08:00,8.154,2.556101083755493
1103,35,2026-08-15T14:38:09.013+08:00,0.105773,0.168306,0.027473,5.7535475e-06,2026-08-15T14:38:17.176+08:00,8.157,2.6632328033447266
1104,35,2026-08-15T14:38:23.199+08:00,0.212783,0.214286,0.006579,5.7535475e-06,2026-08-15T14:38:31.338+08:00,8.133,0.8692787885665894
1105,35,2026-08-15T14:38:37.382+08:00,0.157749,0.238831,0.085648,5.7535475e-06,2026-08-15T14:38:45.499+08:00,8.111,2.673762083053589
1106,35,2026-08-15T14:38:51.592+08:00,0.066475,0.149808,0.070833,5.7535475e-06,2026-08-15T14:38:59.756+08:00,8.159,2.637312412261963
1107,35,2026-08-15T14:39:05.782+08:00,0.097208,0.097208,0.0,5.7535475e-06,2026-08-15T14:39:13.911+08:00,8.123,1.2027630805969238
1108,35,2026-08-15T14:39:20.025+08:00,0.126705,0.230871,0.125,5.7535475e-06,2026-08-15T14:39:28.185+08:00,8.156,3.1863155364990234
1109,35,2026-08-15T14:39:34.295+08:00,0.080702,0.155123,0.084821,5.7535475e-06,2026-08-15T14:39:42.441+08:00,8.14,-0.10620191693305969
1110,35,2026-08-15T14:39:48.569+08:00,0.051584,0.065008,0.091964,5.7535475e-06,2026-08-15T14:39:56.690+08:00,8.115,1.0481418371200562
1111,35,2026-08-15T14:40:02.722+08:00,0.063899,0.247302,0.222782,5.7535475e-06,2026-08-15T14:40:10.884+08:00,8.156,1.4553930759429932
1112,35,2026-08-15T14:40:17.024+08:00,0.087747,0.089643,0.005556,5.7535475e-06,2026-08-15T14:40:25.172+08:00,8.143,2.001682758331299
1113,35,2026-08-15T14:40:31.289+08:00,0.091668,0.241667,0.127459,5.7535475e-06,2026-08-15T14:40:39.437+08:00,8.144,0.0980772078037262
1114,35,2026-08-15T14:40:45.531+08:00,0.109088,0.220281,0.0875,5.7535475e-06,2026-08-15T14:40:53.673+08:00,8.137,0.957365870475769
1115,35,2026-08-15T14:40:59.748+08:00,0.227431,0.258316,0.020833,5.7535475e-06,2026-08-15T14:41:07.892+08:00,8.138,1.9552592039108276
1116,35,2026-08-15T14:41:13.971+08:00,0.327231,0.328637,0.002604,5.7535475e-06,2026-08-15T14:41:22.116+08:00,8.138,3.7567343711853027
1117,35,2026-08-15T14:41:28.356+08:00,0.104175,0.195437,0.130208,5.7535475e-06,2026-08-15T14:41:36.513+08:00,8.15,1.066307544708252
1118,35,2026-08-15T14:41:42.781+08:00,0.078917,0.194805,0.070833,5.7535475e-06,2026-08-15T14:41:50.945+08:00,8.158,1.5511552095413208
1119,35,2026-08-15T14:41:57.023+08:00,0.082441,0.170982,0.118056,5.7535475e-06,2026-08-15T14:42:05.162+08:00,8.134,2.4924094676971436
1120,35,2026-08-15T14:42:11.257+08:00,0.050217,0.093153,0.110417,5.7535475e-06,2026-08-15T14:42:19.418+08:00,8.155,3.57415509223938
1121,35,2026-08-15T14:42:25.664+08:00,0.104946,0.181177,0.044841,5.696012e-06,2026-08-15T14:42:33.822+08:00,8.152,0.3316185772418976
1122,35,2026-08-15T14:42:39.930+08:00,0.226339,0.342411,0.1375,5.696012e-06,2026-08-15T14:42:48.081+08:00,8.145,3.0153815746307373
1123,35,2026-08-15T14:42:54.122+08:00,0.219593,0.219593,0.0,5.696012e-06,2026-08-15T14:43:02.277+08:00,8.151,3.456252098083496
1124,35,2026-08-15T14:43:08.891+08:00,0.000623,0.164438,0.228274,5.696012e-06,2026-08-15T14:43:17.046+08:00,8.149,-1.876372218132019
1125,35,2026-08-15T14:43:23.179+08:00,0.139334,0.200392,0.05625,5.696012e-06,2026-08-15T14:43:31.282+08:00,8.097,1.5722575187683105
1126,35,2026-08-15T14:43:37.419+08:00,0.12086,0.27726,0.155572,5.696012e-06,2026-08-15T14:43:45.565+08:00,8.141,3.4857590198516846
1127,35,2026-08-15T14:43:51.700+08:00,0.000818,0.137693,0.208608,5.696012e-06,2026-08-15T14:43:59.837+08:00,8.134,1.8289806842803955
1128,35,2026-08-15T14:44:05.937+08:00,0.186806,0.249306,0.083333,5.696012e-06,2026-08-15T14:44:14.089+08:00,8.146,2.53241229057312
1129,35,2026-08-15T14:44:20.167+08:00,0.033194,0.071884,0.104167,5.696012e-06,2026-08-15T14:44:28.321+08:00,8.148,2.314427137374878
1130,35,2026-08-15T14:44:34.333+08:00,0.089209,0.186431,0.134615,5.696012e-06,2026-08-15T14:44:42.479+08:00,8.14,1.4649462699890137
1131,35,2026-08-15T14:44:48.537+08:00,0.036227,0.036227,0.032292,5.696012e-06,2026-08-15T14:44:56.694+08:00,8.151,0.8410601019859314
1132,35,2026-08-15T14:45:02.774+08:00,0.173611,0.173611,0.0,5.696012e-06,2026-08-15T14:45:10.925+08:00,8.146,1.519351840019226
1133,35,2026-08-15T14:45:16.970+08:00,0.213177,0.251815,0.104167,5.696012e-06,2026-08-15T14:45:25.126+08:00,8.15,-2.0618696212768555
1134,35,2026-08-15T14:45:31.163+08:00,0.046285,0.161173,0.15,5.696012e-06,2026-08-15T14:45:39.317+08:00,8.148,-0.4537770748138428
1135,35,2026-08-15T14:45:45.370+08:00,0.043893,0.199434,0.191829,5.696012e-06,2026-08-15T14:45:53.527+08:00,8.15,1.4581729173660278
1136,35,2026-08-15T14:45:59.651+08:00,0.015691,0.099752,0.091468,5.696012e-06,2026-08-15T14:46:07.805+08:00,8.148,0.698377251625061
1137,35,2026-08-15T14:46:13.899+08:00,0.154224,0.3,0.1125,5.696012e-06,2026-08-15T14:46:22.042+08:00,8.131,2.0605874061584473
1138,35,2026-08-15T14:46:27.965+08:00,0.210612,0.252278,0.041667,5.696012e-06,2026-08-15T14:46:36.125+08:00,8.153,1.0711902379989624
1139,35,2026-08-15T14:46:42.319+08:00,0.062521,0.176164,0.143119,5.696012e-06,2026-08-15T14:46:50.482+08:00,8.157,3.6690006256103516
1140,35,2026-08-15T14:46:56.584+08:00,0.053919,0.135957,0.12999,5.696012e-06,2026-08-15T14:47:04.736+08:00,8.147,-0.24188996851444244
1141,35,2026-08-15T14:47:10.793+08:00,0.074031,0.24553,0.105288,5.6390519e-06,2026-08-15T14:47:18.935+08:00,8.136,2.2702033519744873
1142,35,2026-08-15T14:47:25.041+08:00,0.227366,0.227366,0.0,5.6390519e-06,2026-08-15T14:47:33.195+08:00,8.148,2.964681625366211
1143,35,2026-08-15T14:47:39.246+08:00,0.061697,0.184363,0.067614,5.6390519e-06,2026-08-15T14:47:47.406+08:00,8.146,0.5600647926330566
1144,35,2026-08-15T14:47:53.554+08:00,0.023425,0.151625,0.108333,5.6390519e-06,2026-08-15T14:48:01.710+08:00,8.151,2.0716941356658936
1145,35,2026-08-15T14:48:07.755+08:00,0.110586,0.182014,0.125,5.6390519e-06,2026-08-15T14:48:15.895+08:00,8.134,-0.027814537286758423
1146,35,2026-08-15T14:48:22.051+08:00,0.059228,0.146453,0.095905,5.6390519e-06,2026-08-15T14:48:30.199+08:00,8.143,1.3503426313400269
1147,35,2026-08-15T14:48:36.244+08:00,9.3e-05,0.01777,0.118655,5.6390519e-06,2026-08-15T14:48:44.347+08:00,8.096,0.6514708995819092
1148,35,2026-08-15T14:48:50.412+08:00,0.16693,0.241316,0.0875,5.6390519e-06,2026-08-15T14:48:58.557+08:00,8.139,0.8182002902030945
1149,35,2026-08-15T14:49:04.588+08:00,0.045962,0.048239,0.008621,5.6390519e-06,2026-08-15T14:49:12.729+08:00,8.137,2.233921766281128
1150,35,2026-08-15T14:49:18.787+08:00,0.062352,0.225134,0.10119,5.6390519e-06,2026-08-15T14:49:26.939+08:00,8.146,1.0792090892791748
1151,35,2026-08-15T14:49:32.954+08:00,0.028244,0.094258,0.109856,5.6390519e-06,2026-08-15T14:49:41.117+08:00,8.156,-0.9182447195053101
1152,35,2026-08-15T14:49:47.195+08:00,0.085402,0.167741,0.075576,5.6390519e-06,2026-08-15T14:49:55.358+08:00,8.158,0.835955798625946
1153,35,2026-08-15T14:50:01.469+08:00,0.091262,0.116239,0.05,5.6390519e-06,2026-08-15T14:50:09.620+08:00,8.146,8.409069061279297
1154,35,2026-08-15T14:50:15.674+08:00,0.119849,0.191277,0.041667,5.6390519e-06,2026-08-15T14:50:23.828+08:00,8.149,2.5384745597839355
1155,35,2026-08-15T14:50:29.875+08:00,0.127358,0.128599,0.064549,5.6390519e-06,2026-08-15T14:50:38.022+08:00,8.141,1.236973762512207
1156,35,2026-08-15T14:50:44.111+08:00,0.094665,0.213494,0.098958,5.6390519e-06,2026-08-15T14:50:52.263+08:00,8.145,1.0893021821975708
1157,35,2026-08-15T14:50:58.437+08:00,0.076231,0.155375,0.110471,5.6390519e-06,2026-08-15T14:51:06.612+08:00,8.168,0.15657442808151245
1158,35,2026-08-15T14:51:13.288+08:00,0.085318,0.163095,0.112231,5.6390519e-06,2026-08-15T14:51:21.448+08:00,8.154,1.8238525390625
1159,35,2026-08-15T14:51:27.847+08:00,0.026151,0.130318,0.084288,5.6390519e-06,2026-08-15T14:51:36.009+08:00,8.155,3.1531269550323486
1160,35,2026-08-15T14:51:42.130+08:00,0.056679,0.084311,0.04375,5.6390519e-06,2026-08-15T14:51:50.290+08:00,8.152,4.340552806854248
1161,35,2026-08-15T14:51:56.562+08:00,0.106399,0.181399,0.055556,5.5826614e-06,2026-08-15T14:52:04.721+08:00,8.152,2.5781195163726807
1162,35,2026-08-15T14:52:10.956+08:00,0.068724,0.236323,0.138889,5.5826614e-06,2026-08-15T14:52:19.116+08:00,8.154,1.2897409200668335
1163,35,2026-08-15T14:52:25.502+08:00,0.289317,0.376648,0.059524,5.5826614e-06,2026-08-15T14:52:33.654+08:00,8.146,1.783621907234192
1164,35,2026-08-15T14:52:39.771+08:00,0.203692,0.228692,0.142857,5.5826614e-06,2026-08-15T14:52:47.929+08:00,8.152,0.4119841158390045
1165,35,2026-08-15T14:52:54.052+08:00,0.236046,0.293542,0.052526,5.5826614e-06,2026-08-15T14:53:02.208+08:00,8.151,2.874678373336792
1166,35,2026-08-15T14:53:08.290+08:00,0.097233,0.315418,0.078649,5.5826614e-06,2026-08-15T14:53:16.455+08:00,8.159,0.6226963996887207
1167,35,2026-08-15T14:53:22.652+08:00,0.006571,0.094485,0.124905,5.5826614e-06,2026-08-15T14:53:30.810+08:00,8.152,3.572603702545166
1168,35,2026-08-15T14:53:36.970+08:00,0.140608,0.168386,0.0625,5.5826614e-06,2026-08-15T14:53:45.118+08:00,8.142,-0.23226988315582275
1169,35,2026-08-15T14:53:51.275+08:00,0.132178,0.186398,0.030577,5.5826614e-06,2026-08-15T14:53:59.436+08:00,8.156,-0.733253002166748
1170,35,2026-08-15T14:54:05.568+08:00,0.071805,0.156943,0.025541,5.5826614e-06,2026-08-15T14:54:13.720+08:00,8.147,1.5510212182998657
1171,35,2026-08-15T14:54:19.780+08:00,0.106556,0.198222,0.083333,5.5826614e-06,2026-08-15T14:54:27.936+08:00,8.151,1.7906546592712402
1172,35,2026-08-15T14:54:33.946+08:00,0.16071,0.165326,0.020833,5.5826614e-06,2026-08-15T14:54:42.102+08:00,8.151,0.7687137126922607
1173,35,2026-08-15T14:54:48.135+08:00,0.221908,0.263294,0.017857,5.5826614e-06,2026-08-15T14:54:56.273+08:00,8.133,3.8205323219299316
1174,35,2026-08-15T14:55:02.389+08:00,0.029221,0.148665,0.1875,5.5826614e-06,2026-08-15T14:55:10.548+08:00,8.153,3.8507163524627686
1175,35,2026-08-15T14:55:16.628+08:00,0.114031,0.114031,0.0,5.5826614e-06,2026-08-15T14:55:24.793+08:00,8.159,3.1228106021881104
1176,35,2026-08-15T14:55:30.833+08:00,0.176911,0.314265,0.083333,5.5826614e-06,2026-08-15T14:55:38.989+08:00,8.151,1.1442152261734009
1177,35,2026-08-15T14:55:44.884+08:00,0.162203,0.303274,0.145833,5.5826614e-06,2026-08-15T14:55:53.043+08:00,8.155,3.0051634311676025
1178,35,2026-08-15T14:55:59.186+08:00,0.017937,0.113391,0.091667,5.5826614e-06,2026-08-15T14:56:07.350+08:00,8.158,1.6975101232528687
1179,35,2026-08-15T14:56:13.548+08:00,0.192287,0.250227,0.052083,5.5826614e-06,2026-08-15T14:56:21.712+08:00,8.157,3.1782994270324707
1180,35,2026-08-15T14:56:27.820+08:00,0.142213,0.177162,0.071429,5.5826614e-06,2026-08-15T14:56:35.985+08:00,8.16,2.9316110610961914
1181,35,2026-08-15T14:56:42.098+08:00,0.144102,0.309848,0.19375,5.5268348e-06,2026-08-15T14:56:50.260+08:00,8.156,1.0465145111083984
1182,35,2026-08-15T14:56:56.422+08:00,0.008816,0.081222,0.070833,5.5268348e-06,2026-08-15T14:57:04.585+08:00,8.157,2.78886079788208
1183,35,2026-08-15T14:57:10.650+08:00,0.152205,0.292968,0.104167,5.5268348e-06,2026-08-15T14:57:18.817+08:00,8.161,2.376070737838745
1184,35,2026-08-15T14:57:24.847+08:00,0.111942,0.113172,0.035417,5.5268348e-06,2026-08-15T14:57:33.011+08:00,8.158,0.5283784866333008
1185,35,2026-08-15T14:57:39.238+08:00,0.082525,0.225694,0.107143,5.5268348e-06,2026-08-15T14:57:47.409+08:00,8.166,0.7489231824874878
1186,35,2026-08-15T14:57:53.513+08:00,0.11114,0.235825,0.261458,5.5268348e-06,2026-08-15T14:58:01.671+08:00,8.153,1.5968178510665894
1187,35,2026-08-15T14:58:07.790+08:00,0.020847,0.321772,0.306548,5.5268348e-06,2026-08-15T14:58:15.946+08:00,8.149,2.7955379486083984
1188,35,2026-08-15T14:58:22.036+08:00,0.254825,0.296491,0.0625,5.5268348e-06,2026-08-15T14:58:30.193+08:00,8.152,0.945290207862854
1189,35,2026-08-15T14:58:36.362+08:00,0.156776,0.16856,0.061512,5.5268348e-06,2026-08-15T14:58:44.511+08:00,8.144,2.138674736022949
1190,35,2026-08-15T14:58:50.536+08:00,0.036714,0.072324,0.020833,5.5268348e-06,2026-08-15T14:58:58.706+08:00,8.164,5.103181838989258
1191,35,2026-08-15T14:59:04.762+08:00,0.177786,0.302778,0.18125,5.5268348e-06,2026-08-15T14:59:12.906+08:00,8.139,3.2216110229492188
1192,35,2026-08-15T14:59:19.493+08:00,0.154911,0.348363,0.1875,5.5268348e-06,2026-08-15T14:59:27.655+08:00,8.157,2.1163477897644043
1193,35,2026-08-15T14:59:33.770+08:00,0.136562,0.167812,0.0625,5.5268348e-06,2026-08-15T14:59:41.939+08:00,8.163,-1.139890432357788
1194,35,2026-08-15T14:59:48.044+08:00,0.098951,0.194615,0.06994,5.5268348e-06,2026-08-15T14:59:56.213+08:00,8.162,2.7119948863983154
1195,35,2026-08-15T15:00:02.282+08:00,0.21578,0.215909,0.010656,5.5268348e-06,2026-08-15T15:00:10.437+08:00,8.146,-0.35709935426712036
1196,35,2026-08-15T15:00:16.529+08:00,0.157078,0.195376,0.021439,5.5268348e-06,2026-08-15T15:00:24.694+08:00,8.159,-0.35607805848121643
1197,35,2026-08-15T15:00:30.798+08:00,0.09445,0.146528,0.111378,5.5268348e-06,2026-08-15T15:00:38.957+08:00,8.154,1.7227009534835815
1198,35,2026-08-15T15:00:45.027+08:00,0.144908,0.272761,0.137332,5.5268348e-06,2026-08-15T15:00:53.189+08:00,8.156,3.201085090637207
1199,35,2026-08-15T15:00:59.228+08:00,0.01,0.235625,0.160714,5.5268348e-06,2026-08-15T15:01:07.387+08:00,8.154,2.7864606380462646
1200,35,2026-08-15T15:01:13.452+08:00,0.112501,0.253883,0.195833,5.5268348e-06,2026-08-15T15:01:21.624+08:00,8.154,1.4157733917236328
1201,35,2026-08-15T15:01:27.683+08:00,0.125114,0.314571,0.116918,5.4715664e-06,2026-08-15T15:01:35.864+08:00,8.174,1.744722604751587
1202,35,2026-08-15T15:01:41.997+08:00,0.157684,0.251434,0.072635,5.4715664e-06,2026-08-15T15:01:50.168+08:00,8.165,1.365997552871704
1203,35,2026-08-15T15:01:56.315+08:00,0.092788,0.121635,0.063138,5.4715664e-06,2026-08-15T15:02:04.483+08:00,8.161,0.6772363185882568
1204,35,2026-08-15T15:02:10.616+08:00,0.168395,0.274175,0.06875,5.4715664e-06,2026-08-15T15:02:18.785+08:00,8.162,3.0325779914855957
1205,35,2026-08-15T15:02:24.867+08:00,0.057309,0.271181,0.15625,5.4715664e-06,2026-08-15T15:02:33.025+08:00,8.153,-0.14950549602508545
1206,35,2026-08-15T15:02:39.057+08:00,0.177317,0.284484,0.106525,5.4715664e-06,2026-08-15T15:02:47.213+08:00,8.15,2.355372428894043
1207,35,2026-08-15T15:02:53.394+08:00,0.166616,0.226139,0.1875,5.4715664e-06,2026-08-15T15:03:01.563+08:00,8.163,0.3187764286994934
1208,35,2026-08-15T15:03:07.628+08:00,0.081453,0.156453,0.095833,5.4715664e-06,2026-08-15T15:03:15.762+08:00,8.129,4.493570327758789
1209,35,2026-08-15T15:03:21.832+08:00,0.12041,0.189014,0.0375,5.4715664e-06,2026-08-15T15:03:29.995+08:00,8.158,3.3094961643218994
1210,35,2026-08-15T15:03:36.046+08:00,0.074581,0.111613,0.03125,5.4715664e-06,2026-08-15T15:03:44.213+08:00,8.162,-0.1124454140663147
1211,35,2026-08-15T15:03:50.243+08:00,0.138391,0.206197,0.053846,5.4715664e-06,2026-08-15T15:03:58.413+08:00,8.165,3.0702621936798096
1212,35,2026-08-15T15:04:04.464+08:00,0.127251,0.131219,0.011048,5.4715664e-06,2026-08-15T15:04:12.634+08:00,8.164,1.016082763671875
1213,35,2026-08-15T15:04:18.667+08:00,0.127122,0.211098,0.065833,5.4715664e-06,2026-08-15T15:04:26.833+08:00,8.162,3.983099937438965
1214,35,2026-08-15T15:04:32.903+08:00,0.118693,0.20625,0.10119,5.4715664e-06,2026-08-15T15:04:41.071+08:00,8.163,1.3389930725097656
1215,35,2026-08-15T15:04:47.197+08:00,0.385956,0.385956,0.0,5.4715664e-06,2026-08-15T15:04:55.350+08:00,8.147,0.9293597936630249
1216,35,2026-08-15T15:05:01.352+08:00,0.181484,0.233681,0.026042,5.4715664e-06,2026-08-15T15:05:09.523+08:00,8.165,0.6513323783874512
1217,35,2026-08-15T15:05:15.605+08:00,0.087472,0.129137,0.053571,5.4715664e-06,2026-08-15T15:05:23.770+08:00,8.159,0.7715857028961182
1218,35,2026-08-15T15:05:29.787+08:00,0.275109,0.277499,0.013158,5.4715664e-06,2026-08-15T15:05:37.943+08:00,8.15,0.1328234225511551
1219,35,2026-08-15T15:05:43.976+08:00,0.128307,0.235369,0.089732,5.4715664e-06,2026-08-15T15:05:52.143+08:00,8.162,-0.5776433348655701
1220,35,2026-08-15T15:05:58.224+08:00,0.16632,0.202002,0.078846,5.4715664e-06,2026-08-15T15:06:06.391+08:00,8.162,0.16821491718292236
1221,35,2026-08-15T15:06:12.546+08:00,0.045001,0.074696,0.046359,5.4168508e-06,2026-08-15T15:06:20.722+08:00,8.17,0.17231708765029907
1222,35,2026-08-15T15:06:26.732+08:00,0.124687,0.212327,0.05,5.4168508e-06,2026-08-15T15:06:34.904+08:00,8.166,2.125427484512329
1223,35,2026-08-15T15:06:40.977+08:00,0.140765,0.204315,0.142857,5.4168508e-06,2026-08-15T15:06:49.142+08:00,8.159,1.0642755031585693
1224,35,2026-08-15T15:06:55.190+08:00,0.138222,0.314729,0.142425,5.4168508e-06,2026-08-15T15:07:03.343+08:00,8.147,3.606877326965332
1225,35,2026-08-15T15:07:09.444+08:00,0.237501,0.3,0.041667,5.4168508e-06,2026-08-15T15:07:17.593+08:00,8.143,2.354583740234375
1226,35,2026-08-15T15:07:23.611+08:00,0.071139,0.253948,0.209628,5.4168508e-06,2026-08-15T15:07:31.774+08:00,8.158,0.8717576265335083
1227,35,2026-08-15T15:07:38.378+08:00,0.107414,0.109595,0.032353,5.4168508e-06,2026-08-15T15:07:46.538+08:00,8.154,-0.15750384330749512
1228,35,2026-08-15T15:07:52.759+08:00,0.121126,0.228061,0.150687,5.4168508e-06,2026-08-15T15:08:00.921+08:00,8.156,1.759584665298462
1229,35,2026-08-15T15:08:07.038+08:00,0.127155,0.267264,0.158333,5.4168508e-06,2026-08-15T15:08:15.204+08:00,8.159,0.7288174629211426
1230,35,2026-08-15T15:08:21.336+08:00,0.183387,0.183387,0.0,5.4168508e-06,2026-08-15T15:08:29.506+08:00,8.165,1.641992449760437
1231,35,2026-08-15T15:08:35.555+08:00,0.071619,0.166879,0.11429,5.4168508e-06,2026-08-15T15:08:43.731+08:00,8.171,0.8433873057365417
1232,35,2026-08-15T15:08:49.750+08:00,0.122442,0.127032,0.017045,5.4168508e-06,2026-08-15T15:08:57.926+08:00,8.169,0.6118300557136536
1233,35,2026-08-15T15:09:04.022+08:00,0.121351,0.183563,0.172917,5.4168508e-06,2026-08-15T15:09:12.192+08:00,8.164,2.23234224319458
1234,35,2026-08-15T15:09:18.331+08:00,0.117386,0.140109,0.03125,5.4168508e-06,2026-08-15T15:09:26.499+08:00,8.162,1.476038932800293
1235,35,2026-08-15T15:09:32.728+08:00,0.069393,0.16209,0.036741,5.4168508e-06,2026-08-15T15:09:40.894+08:00,8.16,1.9032564163208008
1236,35,2026-08-15T15:09:47.072+08:00,0.170417,0.189067,0.0125,5.4168508e-06,2026-08-15T15:09:55.240+08:00,8.163,2.643918037414551
1237,35,2026-08-15T15:10:01.375+08:00,0.234851,0.317662,0.089693,5.4168508e-06,2026-08-15T15:10:09.546+08:00,8.165,2.2426743507385254
1238,35,2026-08-15T15:10:15.583+08:00,0.339565,0.388641,0.05625,5.4168508e-06,2026-08-15T15:10:23.737+08:00,8.149,2.2448410987854004
1239,35,2026-08-15T15:10:29.906+08:00,0.09788,0.122857,0.033929,5.4168508e-06,2026-08-15T15:10:38.074+08:00,8.163,1.2263942956924438
1240,35,2026-08-15T15:10:44.103+08:00,0.133944,0.213489,0.06954,5.4168508e-06,2026-08-15T15:10:52.259+08:00,8.152,0.5824008584022522
1241,35,2026-08-15T15:10:58.304+08:00,0.085551,0.188542,0.136607,5.3626823e-06,2026-08-15T15:11:06.471+08:00,8.161,0.24946171045303345
1242,35,2026-08-15T15:11:12.643+08:00,0.228796,0.228796,0.0,5.3626823e-06,2026-08-15T15:11:20.805+08:00,8.157,-1.0951675176620483
1243,35,2026-08-15T15:11:26.975+08:00,0.082371,0.258875,0.1875,5.3626823e-06,2026-08-15T15:11:35.131+08:00,8.15,1.7293726205825806
1244,35,2026-08-15T15:11:41.137+08:00,0.106905,0.145863,0.09375,5.3626823e-06,2026-08-15T15:11:49.296+08:00,8.154,0.27652671933174133
1245,35,2026-08-15T15:11:55.360+08:00,0.129789,0.160583,0.099702,5.3626823e-06,2026-08-15T15:12:03.532+08:00,8.166,-0.5096573829650879
1246,35,2026-08-15T15:12:09.719+08:00,0.148093,0.185667,0.098699,5.3626823e-06,2026-08-15T15:12:17.885+08:00,8.16,0.6286523938179016
1247,35,2026-08-15T15:12:24.111+08:00,0.152228,0.41917,0.150298,5.3626823e-06,2026-08-15T15:12:32.269+08:00,8.152,0.06034278869628906
1248,35,2026-08-15T15:12:38.330+08:00,0.147668,0.182834,0.06746,5.3626823e-06,2026-08-15T15:12:46.486+08:00,8.15,1.1607433557510376
1249,35,2026-08-15T15:12:52.595+08:00,0.134295,0.204824,0.02106,5.3626823e-06,2026-08-15T15:13:00.744+08:00,8.144,1.4176368713378906
1250,35,2026-08-15T15:13:06.814+08:00,0.064309,0.236803,0.277251,5.3626823e-06,2026-08-15T15:13:14.970+08:00,8.15,1.900705337524414
1251,35,2026-08-15T15:13:21.099+08:00,0.088293,0.090339,0.014619,5.3626823e-06,2026-08-15T15:13:29.266+08:00,8.161,1.6356967687606812
1252,35,2026-08-15T15:13:35.380+08:00,0.136599,0.182053,0.041667,5.3626823e-06,2026-08-15T15:13:43.531+08:00,8.146,3.2734313011169434
1253,35,2026-08-15T15:13:49.688+08:00,0.083407,0.108333,0.037382,5.3626823e-06,2026-08-15T15:13:57.858+08:00,8.165,-0.4880078136920929
1254,35,2026-08-15T15:14:03.968+08:00,0.025017,0.234077,0.227841,5.3626823e-06,2026-08-15T15:14:12.133+08:00,8.159,3.5254671573638916
1255,35,2026-08-15T15:14:18.164+08:00,0.229945,0.31954,0.069079,5.3626823e-06,2026-08-15T15:14:26.317+08:00,8.146,1.2191165685653687
1256,35,2026-08-15T15:14:32.413+08:00,0.093079,0.155579,0.083333,5.3626823e-06,2026-08-15T15:14:40.533+08:00,8.114,2.2782697677612305
1257,35,2026-08-15T15:14:46.661+08:00,0.076638,0.243575,0.145833,5.3626823e-06,2026-08-15T15:14:54.836+08:00,8.155,0.8699349164962769
1258,35,2026-08-15T15:15:00.862+08:00,0.046576,0.168155,0.153274,5.3626823e-06,2026-08-15T15:15:09.033+08:00,8.165,0.9671292304992676
1259,35,2026-08-15T15:15:15.098+08:00,0.085563,0.085563,0.00431,5.3626823e-06,2026-08-15T15:15:23.252+08:00,8.149,1.6912426948547363
1260,35,2026-08-15T15:15:29.351+08:00,0.013936,0.189369,0.121748,5.3626823e-06,2026-08-15T15:15:37.516+08:00,8.159,0.2849382162094116
1261,35,2026-08-15T15:15:44.052+08:00,0.085691,0.144567,0.111111,5.3090554e-06,2026-08-15T15:15:52.214+08:00,8.156,-0.18769943714141846
1262,35,2026-08-15T15:15:58.222+08:00,0.112669,0.149265,0.019231,5.3090554e-06,2026-08-15T15:16:06.386+08:00,8.159,1.4899911880493164
1263,35,2026-08-15T15:16:12.486+08:00,0.062831,0.087831,0.067308,5.3090554e-06,2026-08-15T15:16:20.612+08:00,8.12,0.07618603110313416
1264,35,2026-08-15T15:16:26.797+08:00,0.113444,0.192197,0.182292,5.3090554e-06,2026-08-15T15:16:34.961+08:00,8.158,0.9911837577819824
1265,35,2026-08-15T15:16:41.103+08:00,0.271627,0.271627,0.0,5.3090554e-06,2026-08-15T15:16:49.265+08:00,8.156,1.4062888622283936
1266,35,2026-08-15T15:16:55.392+08:00,0.197487,0.284608,0.113095,5.3090554e-06,2026-08-15T15:17:03.526+08:00,8.128,1.762721300125122
1267,35,2026-08-15T15:17:09.603+08:00,0.030805,0.196918,0.119712,5.3090554e-06,2026-08-15T15:17:17.769+08:00,8.162,0.8908665180206299
1268,35,2026-08-15T15:17:23.878+08:00,0.224132,0.224132,0.0,5.3090554e-06,2026-08-15T15:17:32.053+08:00,8.168,2.992551803588867
1269,35,2026-08-15T15:17:38.125+08:00,0.059221,0.066872,0.006944,5.3090554e-06,2026-08-15T15:17:46.300+08:00,8.169,3.8640687465667725
1270,35,2026-08-15T15:17:52.418+08:00,0.138177,0.197979,0.067574,5.3090554e-06,2026-08-15T15:18:00.581+08:00,8.157,1.6807160377502441
1271,35,2026-08-15T15:18:06.694+08:00,0.163941,0.176258,0.026478,5.3090554e-06,2026-08-15T15:18:14.868+08:00,8.167,1.3886677026748657
1272,35,2026-08-15T15:18:20.901+08:00,0.047091,0.109615,0.104504,5.3090554e-06,2026-08-15T15:18:29.066+08:00,8.159,2.9802253246307373
1273,35,2026-08-15T15:18:35.126+08:00,0.137063,0.207063,0.05625,5.3090554e-06,2026-08-15T15:18:43.294+08:00,8.161,2.461052417755127
1274,35,2026-08-15T15:18:49.367+08:00,0.176488,0.176488,0.0,5.3090554e-06,2026-08-15T15:18:57.535+08:00,8.163,0.1958509087562561
1275,35,2026-08-15T15:19:03.613+08:00,0.116957,0.116957,0.0,5.3090554e-06,2026-08-15T15:19:11.782+08:00,8.163,4.676678657531738
1276,35,2026-08-15T15:19:17.817+08:00,0.130199,0.173326,0.180096,5.3090554e-06,2026-08-15T15:19:25.953+08:00,8.13,5.017173767089844
1277,35,2026-08-15T15:19:32.037+08:00,0.106817,0.177145,0.141369,5.3090554e-06,2026-08-15T15:19:40.197+08:00,8.154,2.475330114364624
1278,35,2026-08-15T15:19:46.293+08:00,0.153636,0.310686,0.118056,5.3090554e-06,2026-08-15T15:19:54.453+08:00,8.153,3.044192314147949
1279,35,2026-08-15T15:20:00.661+08:00,0.1622,0.267548,0.067424,5.3090554e-06,2026-08-15T15:20:08.826+08:00,8.16,3.7786049842834473
1280,35,2026-08-15T15:20:14.881+08:00,0.033898,0.142299,0.133333,5.3090554e-06,2026-08-15T15:20:23.056+08:00,8.169,3.354959011077881
1281,35,2026-08-15T15:20:29.076+08:00,0.260789,0.33623,0.089865,5.2559649e-06,2026-08-15T15:20:37.240+08:00,8.158,1.7654731273651123
1282,35,2026-08-15T15:20:43.271+08:00,0.207586,0.287455,0.080357,5.2559649e-06,2026-08-15T15:20:51.439+08:00,8.162,-0.46918320655822754
1283,35,2026-08-15T15:20:57.498+08:00,0.223741,0.270258,0.067308,5.2559649e-06,2026-08-15T15:21:05.663+08:00,8.159,1.081695318222046
1284,35,2026-08-15T15:21:11.690+08:00,0.184883,0.242086,0.083692,5.2559649e-06,2026-08-15T15:21:19.843+08:00,8.149,4.9690399169921875
1285,35,2026-08-15T15:21:25.900+08:00,0.175365,0.175365,0.0,5.2559649e-06,2026-08-15T15:21:34.074+08:00,8.169,0.20298516750335693
1286,35,2026-08-15T15:21:40.142+08:00,0.132089,0.132089,0.05,5.2559649e-06,2026-08-15T15:21:48.322+08:00,8.174,1.5722423791885376
1287,35,2026-08-15T15:21:54.343+08:00,0.268466,0.33983,0.05,5.2559649e-06,2026-08-15T15:22:02.478+08:00,8.13,2.029461622238159
1288,35,2026-08-15T15:22:08.540+08:00,0.144487,0.205579,0.121107,5.2559649e-06,2026-08-15T15:22:16.697+08:00,8.149,0.8985058069229126
1289,35,2026-08-15T15:22:22.934+08:00,0.125065,0.261661,0.211458,5.2559649e-06,2026-08-15T15:22:31.091+08:00,8.151,2.3230412006378174
1290,35,2026-08-15T15:22:37.214+08:00,0.156469,0.26461,0.158929,5.2559649e-06,2026-08-15T15:22:45.386+08:00,8.165,-0.1782827377319336
1291,35,2026-08-15T15:22:51.574+08:00,0.008652,0.212231,0.191047,5.2559649e-06,2026-08-15T15:22:59.731+08:00,8.151,0.42297911643981934
1292,35,2026-08-15T15:23:05.848+08:00,0.030168,0.174636,0.156746,5.2559649e-06,2026-08-15T15:23:14.010+08:00,8.156,2.164273738861084
1293,35,2026-08-15T15:23:20.101+08:00,0.209038,0.231765,0.053571,5.2559649e-06,2026-08-15T15:23:28.259+08:00,8.152,2.0793638229370117
1294,35,2026-08-15T15:23:34.314+08:00,0.082838,0.166594,0.102273,5.2559649e-06,2026-08-15T15:23:42.470+08:00,8.151,3.587428569793701
1295,35,2026-08-15T15:23:48.557+08:00,0.01251,0.288889,0.270833,5.2559649e-06,2026-08-15T15:23:56.731+08:00,8.169,0.09125640988349915
1296,35,2026-08-15T15:24:02.920+08:00,0.088397,0.236756,0.0875,5.2559649e-06,2026-08-15T15:24:11.392+08:00,8.466,0.9975898265838623
1297,35,2026-08-15T15:24:17.581+08:00,0.14066,0.17816,0.066667,5.2559649e-06,2026-08-15T15:24:25.740+08:00,8.154,2.1796088218688965
1298,35,2026-08-15T15:24:31.586+08:00,0.214004,0.338215,0.133578,5.2559649e-06,2026-08-15T15:24:39.712+08:00,8.12,-1.7967389822006226
1299,35,2026-08-15T15:24:45.790+08:00,0.177778,0.273232,0.123424,5.2559649e-06,2026-08-15T15:24:53.954+08:00,8.158,1.5909056663513184
1300,35,2026-08-15T15:25:00.070+08:00,0.07677,0.146644,0.11573,5.2559649e-06,2026-08-15T15:25:08.227+08:00,8.152,2.377817153930664
1301,35,2026-08-15T15:25:14.304+08:00,0.083384,0.083384,0.003289,5.2034052e-06,2026-08-15T15:25:22.476+08:00,8.166,1.4846619367599487
1302,35,2026-08-15T15:25:28.570+08:00,0.106744,0.137966,0.025,5.2034052e-06,2026-08-15T15:25:36.730+08:00,8.154,2.124159574508667
1303,35,2026-08-15T15:25:42.767+08:00,0.028526,0.199359,0.270833,5.2034052e-06,2026-08-15T15:25:50.929+08:00,8.155,2.7562878131866455
1304,35,2026-08-15T15:25:56.997+08:00,0.128637,0.233324,0.175,5.2034052e-06,2026-08-15T15:26:05.157+08:00,8.155,-1.5760769844055176
1305,35,2026-08-15T15:26:11.206+08:00,0.044345,0.044345,0.0,5.2034052e-06,2026-08-15T15:26:19.380+08:00,8.167,0.13216543197631836
1306,35,2026-08-15T15:26:25.431+08:00,0.075,0.153125,0.127232,5.2034052e-06,2026-08-15T15:26:33.600+08:00,8.164,-1.2920535802841187
1307,35,2026-08-15T15:26:39.695+08:00,0.160224,0.160224,0.0,5.2034052e-06,2026-08-15T15:26:47.867+08:00,8.166,2.921037197113037
1308,35,2026-08-15T15:26:53.982+08:00,0.15316,0.206562,0.056599,5.2034052e-06,2026-08-15T15:27:02.148+08:00,8.161,1.510429859161377
1309,35,2026-08-15T15:27:08.205+08:00,0.119831,0.308705,0.16369,5.2034052e-06,2026-08-15T15:27:16.374+08:00,8.164,2.3803348541259766
1310,35,2026-08-15T15:27:22.483+08:00,0.131917,0.21819,0.026389,5.2034052e-06,2026-08-15T15:27:30.642+08:00,8.15,0.4572133719921112
1311,35,2026-08-15T15:27:36.780+08:00,0.097889,0.099692,0.007576,5.2034052e-06,2026-08-15T15:27:44.949+08:00,8.163,1.295549988746643
1312,35,2026-08-15T15:27:50.958+08:00,0.077761,0.139051,0.063492,5.2034052e-06,2026-08-15T15:27:59.118+08:00,8.154,2.815117359161377
1313,35,2026-08-15T15:28:05.175+08:00,0.176476,0.245346,0.046131,5.2034052e-06,2026-08-15T15:28:13.341+08:00,8.16,2.06249737739563
1314,35,2026-08-15T15:28:19.507+08:00,0.04098,0.238456,0.101077,5.2034052e-06,2026-08-15T15:28:27.705+08:00,8.18,1.7377516031265259
1315,35,2026-08-15T15:28:33.771+08:00,0.264532,0.375643,0.088889,5.2034052e-06,2026-08-15T15:28:41.942+08:00,8.164,1.2576415538787842
1316,35,2026-08-15T15:28:48.089+08:00,0.100487,0.286763,0.164583,5.2034052e-06,2026-08-15T15:28:56.242+08:00,8.15,0.7844662666320801
1317,35,2026-08-15T15:29:02.406+08:00,0.121169,0.25625,0.074802,5.2034052e-06,2026-08-15T15:29:10.574+08:00,8.162,3.2834365367889404
1318,35,2026-08-15T15:29:16.693+08:00,0.129584,0.258517,0.111979,5.2034052e-06,2026-08-15T15:29:24.863+08:00,8.165,2.4014883041381836
1319,35,2026-08-15T15:29:30.883+08:00,0.147816,0.168383,0.040417,5.2034052e-06,2026-08-15T15:29:39.036+08:00,8.147,3.1439900398254395
1320,35,2026-08-15T15:29:45.147+08:00,0.101855,0.2069,0.142898,5.2034052e-06,2026-08-15T15:29:53.316+08:00,8.165,0.5637426972389221
1321,35,2026-08-15T15:29:59.444+08:00,0.173296,0.202142,0.041667,5.1513712e-06,2026-08-15T15:30:07.613+08:00,8.163,0.9768842458724976
1322,35,2026-08-15T15:30:13.670+08:00,0.106899,0.297789,0.133333,5.1513712e-06,2026-08-15T15:30:21.833+08:00,8.157,2.6442887783050537
1323,35,2026-08-15T15:30:27.888+08:00,0.10684,0.135096,0.013889,5.1513712e-06,2026-08-15T15:30:36.038+08:00,8.144,0.5644373297691345
1324,35,2026-08-15T15:30:42.113+08:00,0.1729,0.339286,0.22619,5.1513712e-06,2026-08-15T15:30:50.266+08:00,8.147,2.315094470977783
1325,35,2026-08-15T15:30:56.408+08:00,0.070059,0.101116,0.085565,5.1513712e-06,2026-08-15T15:31:04.579+08:00,8.166,-0.09869405627250671
1326,35,2026-08-15T15:31:10.631+08:00,0.206085,0.273808,0.017857,5.1513712e-06,2026-08-15T15:31:18.790+08:00,8.152,2.7225563526153564
1327,35,2026-08-15T15:31:24.896+08:00,0.144356,0.261756,0.21875,5.1513712e-06,2026-08-15T15:31:33.065+08:00,8.163,0.8463335633277893
1328,35,2026-08-15T15:31:39.178+08:00,0.06777,0.349529,0.203328,5.1513712e-06,2026-08-15T15:31:47.341+08:00,8.157,0.7080749869346619
1329,35,2026-08-15T15:31:53.484+08:00,0.190662,0.267918,0.08125,5.1513712e-06,2026-08-15T15:32:01.649+08:00,8.159,2.524609088897705
1330,35,2026-08-15T15:32:07.632+08:00,0.01801,0.27895,0.33869,5.1513712e-06,2026-08-15T15:32:15.800+08:00,8.162,2.2877373695373535
1331,35,2026-08-15T15:32:22.306+08:00,0.150329,0.364463,0.182292,5.1513712e-06,2026-08-15T15:32:30.462+08:00,8.151,1.1424784660339355
1332,35,2026-08-15T15:32:36.569+08:00,0.143105,0.299839,0.089583,5.1513712e-06,2026-08-15T15:32:44.731+08:00,8.155,-0.47519516944885254
1333,35,2026-08-15T15:32:50.841+08:00,0.096984,0.337583,0.210714,5.1513712e-06,2026-08-15T15:32:59.028+08:00,8.178,0.21519163250923157
1334,35,2026-08-15T15:33:05.263+08:00,0.215441,0.401603,0.168899,5.1513712e-06,2026-08-15T15:33:13.422+08:00,8.153,0.916529655456543
1335,35,2026-08-15T15:33:19.511+08:00,0.061215,0.161304,0.084896,5.1513712e-06,2026-08-15T15:33:27.669+08:00,8.153,-0.7024303674697876
1336,35,2026-08-15T15:33:33.731+08:00,0.075109,0.180767,0.107071,5.1513712e-06,2026-08-15T15:33:41.890+08:00,8.154,0.967115044593811
1337,35,2026-08-15T15:33:47.942+08:00,0.100875,0.432968,0.191443,5.1513712e-06,2026-08-15T15:33:56.107+08:00,8.159,-0.9093996286392212
1338,35,2026-08-15T15:34:02.192+08:00,0.254546,0.272687,0.028676,5.1513712e-06,2026-08-15T15:34:10.348+08:00,8.151,-0.039992570877075195
1339,35,2026-08-15T15:34:16.439+08:00,0.167112,0.257738,0.165625,5.1513712e-06,2026-08-15T15:34:24.591+08:00,8.147,0.4782796800136566
1340,35,2026-08-15T15:34:30.700+08:00,0.036217,0.06351,0.104582,5.1513712e-06,2026-08-15T15:34:38.869+08:00,8.163,1.596423625946045
1341,35,2026-08-15T15:34:44.913+08:00,0.173345,0.250859,0.189951,5.0998575e-06,2026-08-15T15:34:53.073+08:00,8.154,1.253769874572754
1342,35,2026-08-15T15:34:59.205+08:00,0.151638,0.325635,0.101001,5.0998575e-06,2026-08-15T15:35:07.371+08:00,8.157,-0.40179067850112915
1343,35,2026-08-15T15:35:13.442+08:00,0.143644,0.155008,0.0625,5.0998575e-06,2026-08-15T15:35:21.611+08:00,8.163,3.553931474685669
1344,35,2026-08-15T15:35:27.656+08:00,0.060607,0.227257,0.127303,5.0998575e-06,2026-08-15T15:35:35.814+08:00,8.152,-0.7014574408531189
1345,35,2026-08-15T15:35:41.928+08:00,0.277983,0.409226,0.159091,5.0998575e-06,2026-08-15T15:35:50.070+08:00,8.138,3.027726173400879
1346,35,2026-08-15T15:35:56.103+08:00,0.079449,0.289268,0.125,5.0998575e-06,2026-08-15T15:36:04.259+08:00,8.15,4.046475410461426
1347,35,2026-08-15T15:36:10.435+08:00,0.153627,0.253627,0.065237,5.0998575e-06,2026-08-15T15:36:18.602+08:00,8.161,1.2209274768829346
1348,35,2026-08-15T15:36:24.719+08:00,0.19433,0.220318,0.151866,5.0998575e-06,2026-08-15T15:36:32.880+08:00,8.156,2.7953944206237793
1349,35,2026-08-15T15:36:39.022+08:00,0.112597,0.1824,0.122024,5.0998575e-06,2026-08-15T15:36:47.186+08:00,8.161,-0.10070353746414185
1350,35,2026-08-15T15:36:53.398+08:00,0.150071,0.206374,0.039062,5.0998575e-06,2026-08-15T15:37:01.577+08:00,8.173,3.043086051940918
1351,35,2026-08-15T15:37:07.749+08:00,0.021512,0.088055,0.062875,5.0998575e-06,2026-08-15T15:37:15.911+08:00,8.157,0.9489887952804565
1352,35,2026-08-15T15:37:22.001+08:00,0.099886,0.129683,0.056061,5.0998575e-06,2026-08-15T15:37:30.161+08:00,8.155,0.9388991594314575
1353,35,2026-08-15T15:37:36.206+08:00,0.070643,0.349874,0.289583,5.0998575e-06,2026-08-15T15:37:44.352+08:00,8.14,3.316634178161621
1354,35,2026-08-15T15:37:50.476+08:00,0.109375,0.407738,0.260417,5.0998575e-06,2026-08-15T15:37:58.657+08:00,8.175,0.10665023326873779
1355,35,2026-08-15T15:38:04.760+08:00,0.166797,0.169851,0.003788,5.0998575e-06,2026-08-15T15:38:12.922+08:00,8.156,0.6384240388870239
1356,35,2026-08-15T15:38:18.986+08:00,0.195289,0.207379,0.050287,5.0998575e-06,2026-08-15T15:38:27.135+08:00,8.143,0.9899104833602905
1357,35,2026-08-15T15:38:33.397+08:00,0.176969,0.176969,0.0,5.0998575e-06,2026-08-15T15:38:41.565+08:00,8.162,1.7490931749343872
1358,35,2026-08-15T15:38:47.765+08:00,0.166905,0.273617,0.067437,5.0998575e-06,2026-08-15T15:38:55.937+08:00,8.166,0.9111862182617188
1359,35,2026-08-15T15:39:02.045+08:00,0.211397,0.286126,0.065476,5.0998575e-06,2026-08-15T15:39:10.216+08:00,8.165,2.885955572128296
1360,35,2026-08-15T15:39:16.320+08:00,0.144112,0.146318,0.011579,5.0998575e-06,2026-08-15T15:39:24.490+08:00,8.164,0.950017511844635
1361,35,2026-08-15T15:39:30.702+08:00,0.103993,0.167163,0.05119,5.0488589e-06,2026-08-15T15:39:38.873+08:00,8.165,1.7095197439193726
1362,35,2026-08-15T15:39:45.004+08:00,0.103087,0.295223,0.270833,5.0488589e-06,2026-08-15T15:39:53.162+08:00,8.152,-0.2917080521583557
1363,35,2026-08-15T15:39:59.405+08:00,0.053783,0.1892,0.184722,5.0488589e-06,2026-08-15T15:40:07.564+08:00,8.154,0.8543915152549744
1364,35,2026-08-15T15:40:13.688+08:00,0.091487,0.14865,0.060714,5.0488589e-06,2026-08-15T15:40:21.858+08:00,8.164,2.0874338150024414
1365,35,2026-08-15T15:40:28.442+08:00,0.145705,0.170701,0.03125,5.0488589e-06,2026-08-15T15:40:36.602+08:00,8.155,-0.46466487646102905
1366,35,2026-08-15T15:40:42.667+08:00,0.043581,0.103023,0.082917,5.0488589e-06,2026-08-15T15:40:50.817+08:00,8.143,0.6990671157836914
1367,35,2026-08-15T15:40:56.914+08:00,0.177566,0.177852,0.001404,5.0488589e-06,2026-08-15T15:41:05.068+08:00,8.15,0.8707424402236938
1368,35,2026-08-15T15:41:11.232+08:00,0.15143,0.194661,0.15803,5.0488589e-06,2026-08-15T15:41:19.405+08:00,8.167,2.5305612087249756
1369,35,2026-08-15T15:41:25.503+08:00,0.013551,0.163525,0.270573,5.0488589e-06,2026-08-15T15:41:33.674+08:00,8.165,0.6760543584823608
1370,35,2026-08-15T15:41:39.793+08:00,0.175953,0.200535,0.035256,5.0488589e-06,2026-08-15T15:41:47.958+08:00,8.161,2.7545785903930664
1371,35,2026-08-15T15:41:54.028+08:00,0.010397,0.292048,0.215865,5.0488589e-06,2026-08-15T15:42:02.204+08:00,8.157,0.1554485559463501
1372,35,2026-08-15T15:42:08.270+08:00,0.260033,0.301683,0.059028,5.0488589e-06,2026-08-15T15:42:16.433+08:00,8.157,-0.18871256709098816
1373,35,2026-08-15T15:42:22.581+08:00,0.044114,0.153017,0.086051,5.0488589e-06,2026-08-15T15:42:30.755+08:00,8.169,0.22900426387786865
1374,35,2026-08-15T15:42:36.882+08:00,0.135754,0.185417,0.042857,5.0488589e-06,2026-08-15T15:42:45.067+08:00,8.18,-1.4636216163635254
1375,35,2026-08-15T15:42:50.986+08:00,0.083139,0.15987,0.065476,5.0488589e-06,2026-08-15T15:42:59.175+08:00,8.182,1.1418237686157227
1376,35,2026-08-15T15:43:05.350+08:00,0.037838,0.169652,0.177083,5.0488589e-06,2026-08-15T15:43:13.531+08:00,8.175,0.7898243069648743
1377,35,2026-08-15T15:43:19.647+08:00,0.3101,0.3351,0.064732,5.0488589e-06,2026-08-15T15:43:27.826+08:00,8.173,-0.9828126430511475
1378,35,2026-08-15T15:43:33.955+08:00,0.125,0.125,0.017411,5.0488589e-06,2026-08-15T15:43:42.121+08:00,8.16,2.390627861022949
1379,35,2026-08-15T15:43:48.278+08:00,0.066163,0.095009,0.056926,5.0488589e-06,2026-08-15T15:43:56.449+08:00,8.166,1.109325885772705
1380,35,2026-08-15T15:44:02.567+08:00,0.09835,0.113975,0.0625,5.0488589e-06,2026-08-15T15:44:10.748+08:00,8.174,-0.8661813139915466
1381,35,2026-08-15T15:44:16.871+08:00,0.072865,0.219017,0.114583,4.9983703e-06,2026-08-15T15:44:25.038+08:00,8.159,1.1055452823638916
1382,35,2026-08-15T15:44:31.132+08:00,0.11718,0.202847,0.077381,4.9983703e-06,2026-08-15T15:44:39.306+08:00,8.168,0.5166963934898376
1383,35,2026-08-15T15:44:45.460+08:00,0.126406,0.251344,0.166667,4.9983703e-06,2026-08-15T15:44:53.631+08:00,8.165,2.0509958267211914
1384,35,2026-08-15T15:44:59.844+08:00,0.150039,0.347754,0.15625,4.9983703e-06,2026-08-15T15:45:08.021+08:00,8.171,0.7731902599334717
1385,35,2026-08-15T15:45:14.202+08:00,0.137217,0.178846,0.0375,4.9983703e-06,2026-08-15T15:45:22.391+08:00,8.183,0.33830690383911133
1386,35,2026-08-15T15:45:28.580+08:00,0.137212,0.142587,0.010417,4.9983703e-06,2026-08-15T15:45:36.745+08:00,8.159,-1.9292497634887695
1387,35,2026-08-15T15:45:42.766+08:00,0.225619,0.225619,0.0,4.9983703e-06,2026-08-15T15:45:50.934+08:00,8.162,2.6842198371887207
1388,35,2026-08-15T15:45:57.000+08:00,0.143166,0.143166,0.0,4.9983703e-06,2026-08-15T15:46:05.168+08:00,8.163,-1.965500831604004
1389,35,2026-08-15T15:46:11.249+08:00,0.110853,0.169873,0.073564,4.9983703e-06,2026-08-15T15:46:19.429+08:00,8.173,0.7113419771194458
1390,35,2026-08-15T15:46:25.569+08:00,0.159044,0.333559,0.215774,4.9983703e-06,2026-08-15T15:46:33.748+08:00,8.173,-0.06938576698303223
1391,35,2026-08-15T15:46:39.819+08:00,0.031368,0.172,0.125,4.9983703e-06,2026-08-15T15:46:48.002+08:00,8.178,0.6635292768478394
1392,35,2026-08-15T15:46:54.182+08:00,0.109539,0.241492,0.086458,4.9983703e-06,2026-08-15T15:47:02.360+08:00,8.173,2.068329095840454
1393,35,2026-08-15T15:47:08.541+08:00,0.117366,0.257246,0.128925,4.9983703e-06,2026-08-15T15:47:16.711+08:00,8.164,1.9807898998260498
1394,35,2026-08-15T15:47:22.947+08:00,0.000753,0.223989,0.299507,4.9983703e-06,2026-08-15T15:47:31.128+08:00,8.176,1.9838006496429443
1395,35,2026-08-15T15:47:37.260+08:00,0.056277,0.171094,0.232825,4.9983703e-06,2026-08-15T15:47:45.414+08:00,8.15,2.948096990585327
1396,35,2026-08-15T15:47:51.536+08:00,0.099231,0.10141,0.044444,4.9983703e-06,2026-08-15T15:47:59.681+08:00,8.138,2.505195140838623
1397,35,2026-08-15T15:48:05.821+08:00,0.148517,0.148517,0.0,4.9983703e-06,2026-08-15T15:48:13.973+08:00,8.146,2.535548448562622
1398,35,2026-08-15T15:48:20.087+08:00,0.041307,0.224714,0.164867,4.9983703e-06,2026-08-15T15:48:28.229+08:00,8.136,-2.368093252182007
1399,35,2026-08-15T15:48:34.312+08:00,0.203565,0.276271,0.089286,4.9983703e-06,2026-08-15T15:48:42.464+08:00,8.146,0.3015575408935547
1400,40,2026-08-15T15:48:48.670+08:00,0.178445,0.253445,0.133929,4.9983703e-06,2026-08-15T15:48:57.151+08:00,8.475,2.8808772563934326
1401,40,2026-08-15T15:49:03.296+08:00,0.189773,0.210606,0.063046,4.9483866e-06,2026-08-15T15:49:11.457+08:00,8.156,2.010347366333008
1402,40,2026-08-15T15:49:17.567+08:00,0.020044,0.201391,0.173977,4.9483866e-06,2026-08-15T15:49:25.716+08:00,8.143,2.7614898681640625
1403,40,2026-08-15T15:49:32.017+08:00,0.111076,0.207549,0.085096,4.9483866e-06,2026-08-15T15:49:40.191+08:00,8.167,0.6818524599075317
1404,40,2026-08-15T15:49:46.452+08:00,0.144906,0.198478,0.076389,4.9483866e-06,2026-08-15T15:49:54.626+08:00,8.168,0.7307445406913757
1405,40,2026-08-15T15:50:00.870+08:00,0.151714,0.281664,0.200189,4.9483866e-06,2026-08-15T15:50:09.027+08:00,8.153,0.20435169339179993
1406,40,2026-08-15T15:50:15.199+08:00,0.090345,0.186304,0.129167,4.9483866e-06,2026-08-15T15:50:23.352+08:00,8.15,2.810420036315918
1407,40,2026-08-15T15:50:29.647+08:00,0.028951,0.095903,0.069408,4.9483866e-06,2026-08-15T15:50:37.819+08:00,8.166,0.6202584505081177
1408,40,2026-08-15T15:50:44.005+08:00,0.066914,0.23643,0.283333,4.9483866e-06,2026-08-15T15:50:52.180+08:00,8.169,1.0552760362625122
1409,40,2026-08-15T15:50:58.533+08:00,0.066739,0.189015,0.102679,4.9483866e-06,2026-08-15T15:51:06.710+08:00,8.17,-0.08510932326316833
1410,40,2026-08-15T15:51:12.993+08:00,0.04195,0.123683,0.052312,4.9483866e-06,2026-08-15T15:51:21.166+08:00,8.168,2.3055038452148438
1411,40,2026-08-15T15:51:27.451+08:00,0.136279,0.236898,0.061364,4.9483866e-06,2026-08-15T15:51:35.630+08:00,8.173,0.9604906439781189
1412,40,2026-08-15T15:51:41.973+08:00,0.049781,0.091434,0.025,4.9483866e-06,2026-08-15T15:51:50.131+08:00,8.153,4.818809986114502
1413,40,2026-08-15T15:51:56.348+08:00,0.112581,0.140389,0.016865,4.9483866e-06,2026-08-15T15:52:04.516+08:00,8.164,3.0051376819610596
1414,40,2026-08-15T15:52:10.670+08:00,0.130862,0.130862,0.0,4.9483866e-06,2026-08-15T15:52:18.833+08:00,8.158,3.4440436363220215
1415,40,2026-08-15T15:52:25.036+08:00,0.034403,0.036555,0.006524,4.9483866e-06,2026-08-15T15:52:33.212+08:00,8.17,0.43922197818756104
1416,40,2026-08-15T15:52:39.390+08:00,0.123572,0.241517,0.049107,4.9483866e-06,2026-08-15T15:52:47.550+08:00,8.154,5.284463882446289
1417,40,2026-08-15T15:52:53.756+08:00,0.166083,0.341559,0.109375,4.9483866e-06,2026-08-15T15:53:01.924+08:00,8.163,3.1928701400756836
1418,40,2026-08-15T15:53:08.028+08:00,0.026191,0.211055,0.21875,4.9483866e-06,2026-08-15T15:53:16.184+08:00,8.151,1.3808412551879883
1419,40,2026-08-15T15:53:22.313+08:00,0.159392,0.215882,0.15625,4.9483866e-06,2026-08-15T15:53:30.477+08:00,8.158,-0.9745007753372192
1420,40,2026-08-15T15:53:36.668+08:00,0.188743,0.244298,0.0625,4.9483866e-06,2026-08-15T15:53:44.833+08:00,8.159,3.9346365928649902
1421,40,2026-08-15T15:53:50.934+08:00,0.092658,0.244268,0.157397,4.8989027e-06,2026-08-15T15:53:59.097+08:00,8.152,3.8748981952667236
1422,40,2026-08-15T15:54:05.221+08:00,0.172223,0.273413,0.139803,4.8989027e-06,2026-08-15T15:54:13.355+08:00,8.129,-0.45249950885772705
1423,40,2026-08-15T15:54:19.401+08:00,0.197607,0.407388,0.184524,4.8989027e-06,2026-08-15T15:54:27.551+08:00,8.146,1.4248411655426025
1424,40,2026-08-15T15:54:33.616+08:00,0.19138,0.312872,0.0625,4.8989027e-06,2026-08-15T15:54:41.789+08:00,8.167,1.9865946769714355
1425,40,2026-08-15T15:54:47.829+08:00,0.089796,0.089796,0.002976,4.8989027e-06,2026-08-15T15:54:55.991+08:00,8.158,0.8194918036460876
1426,40,2026-08-15T15:55:02.123+08:00,0.137545,0.32265,0.161458,4.8989027e-06,2026-08-15T15:55:10.293+08:00,8.165,-0.11872172355651855
1427,40,2026-08-15T15:55:16.444+08:00,0.218074,0.375271,0.169203,4.8989027e-06,2026-08-15T15:55:24.610+08:00,8.161,-1.9085482358932495
1428,40,2026-08-15T15:55:30.694+08:00,1e-06,0.266815,0.301563,4.8989027e-06,2026-08-15T15:55:38.871+08:00,8.156,0.9524465799331665
1429,40,2026-08-15T15:55:45.035+08:00,0.169967,0.169967,0.0,4.8989027e-06,2026-08-15T15:55:53.206+08:00,8.166,2.5520639419555664
1430,40,2026-08-15T15:55:59.294+08:00,0.061419,0.084116,0.021429,4.8989027e-06,2026-08-15T15:56:07.464+08:00,8.164,0.3782479763031006
1431,40,2026-08-15T15:56:13.582+08:00,0.036728,0.199823,0.19902,4.8989027e-06,2026-08-15T15:56:21.743+08:00,8.155,2.286149024963379
1432,40,2026-08-15T15:56:27.775+08:00,0.107198,0.151641,0.088068,4.8989027e-06,2026-08-15T15:56:35.941+08:00,8.16,0.21930652856826782
1433,40,2026-08-15T15:56:42.021+08:00,0.281914,0.289219,0.010417,4.8989027e-06,2026-08-15T15:56:50.183+08:00,8.156,0.8059859275817871
1434,40,2026-08-15T15:56:56.339+08:00,0.109352,0.171597,0.082933,4.8989027e-06,2026-08-15T15:57:04.514+08:00,8.168,3.552334785461426
1435,40,2026-08-15T15:57:11.137+08:00,0.126306,0.244918,0.12619,4.8989027e-06,2026-08-15T15:57:19.297+08:00,8.154,-1.190082311630249
1436,40,2026-08-15T15:57:25.404+08:00,0.269052,0.332986,0.059524,4.8989027e-06,2026-08-15T15:57:33.563+08:00,8.153,1.1455600261688232
1437,40,2026-08-15T15:57:39.745+08:00,0.119104,0.267174,0.0875,4.8989027e-06,2026-08-15T15:57:47.913+08:00,8.161,3.4107351303100586
1438,40,2026-08-15T15:57:54.121+08:00,0.105903,0.133589,0.017857,4.8989027e-06,2026-08-15T15:58:02.293+08:00,8.166,1.8667948246002197
1439,40,2026-08-15T15:58:08.298+08:00,0.078889,0.210038,0.15744,4.8989027e-06,2026-08-15T15:58:16.462+08:00,8.158,3.5014092922210693
1440,40,2026-08-15T15:58:22.475+08:00,0.090917,0.117214,0.016162,4.8989027e-06,2026-08-15T15:58:30.644+08:00,8.163,0.1625654101371765
1441,40,2026-08-15T15:58:36.798+08:00,0.041962,0.214577,0.085417,4.8499137e-06,2026-08-15T15:58:44.969+08:00,8.165,-0.29698216915130615
1442,40,2026-08-15T15:58:51.023+08:00,0.076029,0.147246,0.070977,4.8499137e-06,2026-08-15T15:58:59.189+08:00,8.16,2.7753853797912598
1443,40,2026-08-15T15:59:05.203+08:00,0.043442,0.219583,0.227778,4.8499137e-06,2026-08-15T15:59:13.349+08:00,8.141,0.11088424921035767
1444,40,2026-08-15T15:59:19.428+08:00,0.083153,0.12482,0.1,4.8499137e-06,2026-08-15T15:59:27.560+08:00,8.126,0.7918728590011597
1445,40,2026-08-15T15:59:33.589+08:00,0.200864,0.317336,0.110417,4.8499137e-06,2026-08-15T15:59:41.744+08:00,8.149,-0.8465026617050171
1446,40,2026-08-15T15:59:47.917+08:00,0.021007,0.152029,0.11987,4.8499137e-06,2026-08-15T15:59:56.087+08:00,8.162,3.0325112342834473
1447,40,2026-08-15T16:00:02.210+08:00,0.078112,0.34164,0.2125,4.8499137e-06,2026-08-15T16:00:10.356+08:00,8.139,0.5325281023979187
1448,40,2026-08-15T16:00:16.451+08:00,0.046857,0.250468,0.132032,4.8499137e-06,2026-08-15T16:00:24.590+08:00,8.133,0.5883883833885193
1449,40,2026-08-15T16:00:30.639+08:00,0.169053,0.202744,0.013889,4.8499137e-06,2026-08-15T16:00:38.810+08:00,8.165,1.021866798400879
1450,40,2026-08-15T16:00:44.961+08:00,0.096881,0.164116,0.145103,4.8499137e-06,2026-08-15T16:00:53.135+08:00,8.168,2.079814910888672
1451,40,2026-08-15T16:00:59.187+08:00,0.123625,0.144459,0.067708,4.8499137e-06,2026-08-15T16:01:07.358+08:00,8.165,1.912703275680542
1452,40,2026-08-15T16:01:13.409+08:00,0.087507,0.170292,0.104861,4.8499137e-06,2026-08-15T16:01:21.572+08:00,8.157,-0.5419954061508179
1453,40,2026-08-15T16:01:27.627+08:00,0.169939,0.25329,0.19181,4.8499137e-06,2026-08-15T16:01:35.801+08:00,8.166,-1.705439805984497
1454,40,2026-08-15T16:01:41.887+08:00,0.15118,0.23919,0.045977,4.8499137e-06,2026-08-15T16:01:50.056+08:00,8.163,0.5067805051803589
1455,40,2026-08-15T16:01:56.147+08:00,0.195231,0.377146,0.161607,4.8499137e-06,2026-08-15T16:02:04.319+08:00,8.166,0.5256847143173218
1456,40,2026-08-15T16:02:10.430+08:00,0.03573,0.087935,0.085258,4.8499137e-06,2026-08-15T16:02:18.600+08:00,8.164,1.1760483980178833
1457,40,2026-08-15T16:02:24.677+08:00,0.123667,0.173665,0.03125,4.8499137e-06,2026-08-15T16:02:32.824+08:00,8.141,1.4487768411636353
1458,40,2026-08-15T16:02:38.937+08:00,0.025764,0.082248,0.106061,4.8499137e-06,2026-08-15T16:02:47.106+08:00,8.165,0.41381585597991943
1459,40,2026-08-15T16:02:53.153+08:00,0.038606,0.22675,0.138393,4.8499137e-06,2026-08-15T16:03:01.310+08:00,8.152,-0.06049773097038269
1460,40,2026-08-15T16:03:07.471+08:00,0.200913,0.226864,0.06369,4.8499137e-06,2026-08-15T16:03:15.632+08:00,8.154,1.1725146770477295
1461,40,2026-08-15T16:03:21.695+08:00,0.130798,0.224548,0.0625,4.8014146e-06,2026-08-15T16:03:29.856+08:00,8.153,0.5974016785621643
1462,40,2026-08-15T16:03:35.932+08:00,0.279022,0.279022,0.0,4.8014146e-06,2026-08-15T16:03:44.102+08:00,8.164,-0.2064061462879181
1463,40,2026-08-15T16:03:50.125+08:00,0.2254,0.303526,0.037202,4.8014146e-06,2026-08-15T16:03:58.289+08:00,8.159,3.7947442531585693
1464,40,2026-08-15T16:04:04.435+08:00,0.049989,0.124955,0.060227,4.8014146e-06,2026-08-15T16:04:12.613+08:00,8.171,1.596301555633545
1465,40,2026-08-15T16:04:18.724+08:00,0.110714,0.223214,0.209333,4.8014146e-06,2026-08-15T16:04:26.866+08:00,8.138,0.46233823895454407
1466,40,2026-08-15T16:04:32.931+08:00,0.131639,0.205856,0.039817,4.8014146e-06,2026-08-15T16:04:41.099+08:00,8.163,-2.3212342262268066
1467,40,2026-08-15T16:04:47.198+08:00,0.184598,0.276261,0.039062,4.8014146e-06,2026-08-15T16:04:55.357+08:00,8.154,1.9496080875396729
1468,40,2026-08-15T16:05:01.417+08:00,0.10925,0.1405,0.077652,4.8014146e-06,2026-08-15T16:05:09.593+08:00,8.17,0.4708658456802368
1469,40,2026-08-15T16:05:15.645+08:00,0.173995,0.314236,0.114583,4.8014146e-06,2026-08-15T16:05:23.821+08:00,8.17,0.5425641536712646
1470,40,2026-08-15T16:05:30.484+08:00,0.142822,0.180151,0.069508,4.8014146e-06,2026-08-15T16:05:38.653+08:00,8.163,1.2495272159576416
1471,40,2026-08-15T16:05:44.807+08:00,0.084762,0.10444,0.038808,4.8014146e-06,2026-08-15T16:05:52.988+08:00,8.174,0.8555898666381836
1472,40,2026-08-15T16:05:59.186+08:00,0.249053,0.269872,0.022727,4.8014146e-06,2026-08-15T16:06:07.353+08:00,8.161,0.6734499931335449
1473,40,2026-08-15T16:06:13.485+08:00,0.07694,0.080447,0.034615,4.8014146e-06,2026-08-15T16:06:21.655+08:00,8.164,1.7449575662612915
1474,40,2026-08-15T16:06:27.754+08:00,0.18599,0.405542,0.208333,4.8014146e-06,2026-08-15T16:06:35.916+08:00,8.156,0.7727260589599609
1475,40,2026-08-15T16:06:42.057+08:00,0.148393,0.148393,0.0,4.8014146e-06,2026-08-15T16:06:50.216+08:00,8.152,2.39514422416687
1476,40,2026-08-15T16:06:56.468+08:00,0.25126,0.256304,0.046474,4.8014146e-06,2026-08-15T16:07:04.659+08:00,8.184,1.2045814990997314
1477,40,2026-08-15T16:07:10.812+08:00,0.164114,0.222315,0.078125,4.8014146e-06,2026-08-15T16:07:18.971+08:00,8.152,2.8597469329833984
1478,40,2026-08-15T16:07:25.082+08:00,0.046136,0.050275,0.008587,4.8014146e-06,2026-08-15T16:07:33.265+08:00,8.176,1.9391593933105469
1479,40,2026-08-15T16:07:39.491+08:00,0.230655,0.321291,0.059524,4.8014146e-06,2026-08-15T16:07:47.663+08:00,8.166,0.9900796413421631
1480,40,2026-08-15T16:07:53.775+08:00,0.043159,0.319304,0.106061,4.8014146e-06,2026-08-15T16:08:01.951+08:00,8.169,0.32746636867523193
1481,40,2026-08-15T16:08:08.011+08:00,0.416265,0.485621,0.020833,4.7534004e-06,2026-08-15T16:08:16.122+08:00,8.105,1.6193444728851318
1482,40,2026-08-15T16:08:22.278+08:00,0.134314,0.294036,0.166667,4.7534004e-06,2026-08-15T16:08:30.438+08:00,8.155,2.0574684143066406
1483,40,2026-08-15T16:08:36.683+08:00,0.235195,0.235195,0.0,4.7534004e-06,2026-08-15T16:08:44.849+08:00,8.16,1.1595932245254517
1484,40,2026-08-15T16:08:50.881+08:00,0.124348,0.242654,0.072917,4.7534004e-06,2026-08-15T16:08:59.051+08:00,8.165,3.1005818843841553
1485,40,2026-08-15T16:09:05.196+08:00,0.19188,0.245092,0.066288,4.7534004e-06,2026-08-15T16:09:13.382+08:00,8.164,-0.055412739515304565
1486,40,2026-08-15T16:09:19.400+08:00,0.212798,0.306548,0.091667,4.7534004e-06,2026-08-15T16:09:27.559+08:00,8.155,-1.4171934127807617
1487,40,2026-08-15T16:09:33.739+08:00,0.116188,0.143966,0.041667,4.7534004e-06,2026-08-15T16:09:41.913+08:00,8.169,-0.4087015390396118
1488,40,2026-08-15T16:09:47.985+08:00,0.236632,0.236632,0.0,4.7534004e-06,2026-08-15T16:09:56.134+08:00,8.144,1.8135192394256592
1489,40,2026-08-15T16:10:02.268+08:00,0.059534,0.119482,0.093121,4.7534004e-06,2026-08-15T16:10:10.442+08:00,8.168,-2.180108070373535
1490,40,2026-08-15T16:10:16.538+08:00,0.094874,0.186645,0.087649,4.7534004e-06,2026-08-15T16:10:24.708+08:00,8.164,0.5510270595550537
1491,40,2026-08-15T16:10:30.929+08:00,0.049117,0.058732,0.03125,4.7534004e-06,2026-08-15T16:10:39.094+08:00,8.159,0.8171626329421997
1492,40,2026-08-15T16:10:45.212+08:00,0.269529,0.297306,0.035714,4.7534004e-06,2026-08-15T16:10:53.381+08:00,8.163,1.0738208293914795
1493,40,2026-08-15T16:10:59.534+08:00,0.178318,0.184178,0.016171,4.7534004e-06,2026-08-15T16:11:07.702+08:00,8.162,-0.31832456588745117
1494,40,2026-08-15T16:11:13.849+08:00,0.196912,0.198081,0.004808,4.7534004e-06,2026-08-15T16:11:22.007+08:00,8.152,0.928507924079895
1495,40,2026-08-15T16:11:28.101+08:00,0.194197,0.400825,0.125,4.7534004e-06,2026-08-15T16:11:36.271+08:00,8.164,0.6740890145301819
1496,40,2026-08-15T16:11:42.369+08:00,0.163604,0.284407,0.052083,4.7534004e-06,2026-08-15T16:11:50.542+08:00,8.169,0.19468528032302856
1497,40,2026-08-15T16:11:56.721+08:00,0.073935,0.110925,0.07906,4.7534004e-06,2026-08-15T16:12:04.897+08:00,8.17,1.026257872581482
1498,40,2026-08-15T16:12:11.154+08:00,0.290694,0.290694,0.0625,4.7534004e-06,2026-08-15T16:12:19.328+08:00,8.168,2.623720169067383
1499,40,2026-08-15T16:12:25.414+08:00,0.368334,0.380605,0.0125,4.7534004e-06,2026-08-15T16:12:33.577+08:00,8.158,-0.284976601600647
1500,40,2026-08-15T16:12:39.717+08:00,0.179343,0.419706,0.172358,4.7534004e-06,2026-08-15T16:12:47.875+08:00,8.151,-1.3301657438278198
1501,40,2026-08-15T16:12:57.254+08:00,0.042864,0.109096,0.085787,4.7058664e-06,2026-08-15T16:13:05.420+08:00,8.162,-0.5568131804466248
1502,40,2026-08-15T16:13:11.757+08:00,0.044521,0.076463,0.11875,4.7058664e-06,2026-08-15T16:13:19.920+08:00,8.157,-3.0778493881225586
1503,40,2026-08-15T16:13:26.096+08:00,0.106151,0.186508,0.097849,4.7058664e-06,2026-08-15T16:13:34.256+08:00,8.155,0.5545281171798706
1504,40,2026-08-15T16:13:41.057+08:00,0.107337,0.203766,0.155449,4.7058664e-06,2026-08-15T16:13:49.225+08:00,8.162,0.31147319078445435
1505,40,2026-08-15T16:13:55.495+08:00,0.197158,0.197158,0.041667,4.7058664e-06,2026-08-15T16:14:03.641+08:00,8.14,-1.8986124992370605
1506,40,2026-08-15T16:14:10.058+08:00,0.096155,0.289858,0.210417,4.7058664e-06,2026-08-15T16:14:18.220+08:00,8.155,-0.007944703102111816
1507,40,2026-08-15T16:14:24.562+08:00,0.123225,0.136748,0.011364,4.7058664e-06,2026-08-15T16:14:32.729+08:00,8.162,1.6221623420715332
1508,40,2026-08-15T16:14:38.986+08:00,0.082079,0.192868,0.068452,4.7058664e-06,2026-08-15T16:14:47.153+08:00,8.161,0.11130420863628387
1509,40,2026-08-15T16:14:53.380+08:00,0.150785,0.199399,0.056151,4.7058664e-06,2026-08-15T16:15:01.546+08:00,8.161,0.5336259603500366
1510,40,2026-08-15T16:15:07.798+08:00,0.280285,0.358198,0.05303,4.7058664e-06,2026-08-15T16:15:15.964+08:00,8.16,-1.5182257890701294
1511,40,2026-08-15T16:15:22.238+08:00,0.047814,0.241658,0.121726,4.7058664e-06,2026-08-15T16:15:30.384+08:00,8.14,2.2988834381103516
1512,40,2026-08-15T16:15:36.633+08:00,0.21336,0.355168,0.194257,4.7058664e-06,2026-08-15T16:15:44.789+08:00,8.15,2.5109779834747314
1513,40,2026-08-15T16:15:51.203+08:00,0.037883,0.091252,0.133333,4.7058664e-06,2026-08-15T16:15:59.383+08:00,8.173,0.9604794383049011
1514,40,2026-08-15T16:16:05.866+08:00,0.099213,0.14625,0.049865,4.7058664e-06,2026-08-15T16:16:14.044+08:00,8.172,2.553776979446411
1515,40,2026-08-15T16:16:20.353+08:00,0.108246,0.253228,0.205357,4.7058664e-06,2026-08-15T16:16:28.524+08:00,8.164,0.5472649931907654
1516,40,2026-08-15T16:16:34.842+08:00,0.019254,0.340009,0.3375,4.7058664e-06,2026-08-15T16:16:43.004+08:00,8.156,-0.20262640714645386
1517,40,2026-08-15T16:16:49.311+08:00,0.150764,0.301805,0.149679,4.7058664e-06,2026-08-15T16:16:57.480+08:00,8.163,-0.8970568180084229
1518,40,2026-08-15T16:17:03.806+08:00,0.044597,0.118505,0.175833,4.7058664e-06,2026-08-15T16:17:11.980+08:00,8.168,0.8340408205986023
1519,40,2026-08-15T16:17:18.272+08:00,0.030392,0.032222,0.031789,4.7058664e-06,2026-08-15T16:17:26.442+08:00,8.163,-0.9193782806396484
1520,40,2026-08-15T16:17:32.675+08:00,0.246036,0.392281,0.225,4.7058664e-06,2026-08-15T16:17:40.834+08:00,8.153,0.9734556674957275
1521,40,2026-08-15T16:17:47.295+08:00,0.102569,0.105788,0.046875,4.6588078e-06,2026-08-15T16:17:55.471+08:00,8.17,-0.15018706023693085
1522,40,2026-08-15T16:18:01.800+08:00,0.296249,0.331407,0.010417,4.6588078e-06,2026-08-15T16:18:09.958+08:00,8.152,-0.40508413314819336
1523,40,2026-08-15T16:18:16.208+08:00,0.091521,0.235816,0.155492,4.6588078e-06,2026-08-15T16:18:24.378+08:00,8.165,-0.05665159225463867
1524,40,2026-08-15T16:18:30.663+08:00,0.178397,0.261731,0.05,4.6588078e-06,2026-08-15T16:18:38.834+08:00,8.164,-0.4273805320262909
1525,40,2026-08-15T16:18:45.180+08:00,0.206004,0.311006,0.077083,4.6588078e-06,2026-08-15T16:18:53.343+08:00,8.158,0.25405997037887573
1526,40,2026-08-15T16:18:59.655+08:00,0.110881,0.163532,0.080682,4.6588078e-06,2026-08-15T16:19:07.821+08:00,8.159,1.4856181144714355
1527,40,2026-08-15T16:19:14.321+08:00,0.111913,0.173949,0.014935,4.6588078e-06,2026-08-15T16:19:22.490+08:00,8.164,-0.6996471285820007
1528,40,2026-08-15T16:19:28.774+08:00,0.063594,0.258197,0.166667,4.6588078e-06,2026-08-15T16:19:36.940+08:00,8.16,0.09179025888442993
1529,40,2026-08-15T16:19:43.340+08:00,0.097533,0.125076,0.05253,4.6588078e-06,2026-08-15T16:19:51.505+08:00,8.158,0.14158518612384796
1530,40,2026-08-15T16:19:57.735+08:00,0.055278,0.315694,0.303571,4.6588078e-06,2026-08-15T16:20:05.896+08:00,8.155,1.5219082832336426
1531,40,2026-08-15T16:20:12.196+08:00,0.058093,0.134054,0.114583,4.6588078e-06,2026-08-15T16:20:20.364+08:00,8.162,-0.5763334035873413
1532,40,2026-08-15T16:20:26.635+08:00,0.218485,0.322585,0.138889,4.6588078e-06,2026-08-15T16:20:34.836+08:00,8.195,0.7699709534645081
1533,40,2026-08-15T16:20:41.333+08:00,0.133203,0.150247,0.021285,4.6588078e-06,2026-08-15T16:20:49.511+08:00,8.172,-1.002509593963623
1534,40,2026-08-15T16:20:55.854+08:00,0.059505,0.066248,0.057292,4.6588078e-06,2026-08-15T16:21:04.021+08:00,8.162,-0.20393148064613342
1535,40,2026-08-15T16:21:10.424+08:00,0.185903,0.185903,0.0,4.6588078e-06,2026-08-15T16:21:18.599+08:00,8.169,0.6593883037567139
1536,40,2026-08-15T16:21:25.020+08:00,0.302773,0.302773,0.0,4.6588078e-06,2026-08-15T16:21:33.188+08:00,8.161,0.8515822887420654
1537,40,2026-08-15T16:21:39.530+08:00,0.104079,0.193365,0.041667,4.6588078e-06,2026-08-15T16:21:47.705+08:00,8.168,0.515690803527832
1538,40,2026-08-15T16:21:54.080+08:00,0.159544,0.17795,0.019444,4.6588078e-06,2026-08-15T16:22:02.247+08:00,8.161,1.2882847785949707
1539,40,2026-08-15T16:22:09.132+08:00,0.223042,0.223042,0.0,4.6588078e-06,2026-08-15T16:22:17.297+08:00,8.159,1.5578398704528809
1540,40,2026-08-15T16:22:23.715+08:00,0.137188,0.202092,0.075833,4.6588078e-06,2026-08-15T16:22:31.887+08:00,8.167,0.7590934634208679
1541,40,2026-08-15T16:22:38.118+08:00,0.120666,0.233166,0.145833,4.6122197e-06,2026-08-15T16:22:46.280+08:00,8.156,-1.2494702339172363
1542,40,2026-08-15T16:22:52.589+08:00,0.16689,0.178862,0.0125,4.6122197e-06,2026-08-15T16:23:00.756+08:00,8.162,1.1113479137420654
1543,40,2026-08-15T16:23:06.973+08:00,0.168928,0.196538,0.075,4.6122197e-06,2026-08-15T16:23:15.230+08:00,8.15,1.1880536079406738
1544,40,2026-08-15T16:23:21.276+08:00,0.300384,0.454883,0.140793,4.6122197e-06,2026-08-15T16:23:29.421+08:00,8.139,2.2691681385040283
1545,40,2026-08-15T16:23:35.473+08:00,0.137374,0.17904,0.1125,4.6122197e-06,2026-08-15T16:23:43.627+08:00,8.149,1.1739096641540527
1546,40,2026-08-15T16:23:49.798+08:00,0.113637,0.129441,0.018544,4.6122197e-06,2026-08-15T16:23:57.970+08:00,8.166,-0.46183091402053833
1547,40,2026-08-15T16:24:04.183+08:00,0.116873,0.116873,0.0,4.6122197e-06,2026-08-15T16:24:12.357+08:00,8.168,1.8492549657821655
1548,40,2026-08-15T16:24:18.502+08:00,0.069562,0.069995,0.014145,4.6122197e-06,2026-08-15T16:24:26.673+08:00,8.165,-0.3593331575393677
1549,40,2026-08-15T16:24:32.835+08:00,0.100433,0.11482,0.022978,4.6122197e-06,2026-08-15T16:24:41.009+08:00,8.168,1.0667052268981934
1550,40,2026-08-15T16:24:47.107+08:00,0.165815,0.314826,0.159722,4.6122197e-06,2026-08-15T16:24:55.285+08:00,8.171,-0.8996186852455139
1551,40,2026-08-15T16:25:01.453+08:00,0.08407,0.11647,0.029241,4.6122197e-06,2026-08-15T16:25:09.636+08:00,8.177,-1.0255893468856812
1552,40,2026-08-15T16:25:15.863+08:00,0.267317,0.329796,0.025,4.6122197e-06,2026-08-15T16:25:24.031+08:00,8.161,-0.060226887464523315
1553,40,2026-08-15T16:25:30.235+08:00,0.116724,0.316501,0.104167,4.6122197e-06,2026-08-15T16:25:38.400+08:00,8.161,-1.0850789546966553
1554,40,2026-08-15T16:25:44.640+08:00,0.106203,0.248951,0.112058,4.6122197e-06,2026-08-15T16:25:52.812+08:00,8.166,1.787017822265625
1555,40,2026-08-15T16:25:59.067+08:00,0.18837,0.23837,0.0625,4.6122197e-06,2026-08-15T16:26:07.244+08:00,8.17,0.8246859908103943
1556,40,2026-08-15T16:26:13.473+08:00,0.079422,0.147315,0.088333,4.6122197e-06,2026-08-15T16:26:21.649+08:00,8.169,0.7627370357513428
1557,40,2026-08-15T16:26:27.795+08:00,0.214274,0.327053,0.095833,4.6122197e-06,2026-08-15T16:26:35.967+08:00,8.166,1.616658091545105
1558,40,2026-08-15T16:26:42.072+08:00,0.172703,0.18975,0.011258,4.6122197e-06,2026-08-15T16:26:50.247+08:00,8.169,1.1190550327301025
1559,40,2026-08-15T16:26:56.350+08:00,0.061804,0.110681,0.098214,4.6122197e-06,2026-08-15T16:27:04.521+08:00,8.165,0.6937040686607361
1560,40,2026-08-15T16:27:10.518+08:00,0.08784,0.112879,0.042857,4.6122197e-06,2026-08-15T16:27:18.691+08:00,8.168,0.2472926378250122
1561,40,2026-08-15T16:27:24.762+08:00,0.080355,0.206696,0.060871,4.5660975e-06,2026-08-15T16:27:32.924+08:00,8.156,-1.7063789367675781
1562,40,2026-08-15T16:27:38.979+08:00,0.050031,0.238403,0.233333,4.5660975e-06,2026-08-15T16:27:47.150+08:00,8.165,1.7784571647644043
1563,40,2026-08-15T16:27:53.219+08:00,0.001736,0.156498,0.166667,4.5660975e-06,2026-08-15T16:28:01.390+08:00,8.165,2.7636146545410156
1564,40,2026-08-15T16:28:07.454+08:00,0.168427,0.171716,0.013348,4.5660975e-06,2026-08-15T16:28:15.597+08:00,8.139,-1.0671851634979248
1565,40,2026-08-15T16:28:21.689+08:00,0.057185,0.232185,0.11553,4.5660975e-06,2026-08-15T16:28:29.865+08:00,8.17,1.4402490854263306
1566,40,2026-08-15T16:28:35.945+08:00,0.071181,0.376935,0.335452,4.5660975e-06,2026-08-15T16:28:44.118+08:00,8.167,0.14238843321800232
1567,40,2026-08-15T16:28:50.151+08:00,0.078973,0.151752,0.059524,4.5660975e-06,2026-08-15T16:28:58.325+08:00,8.168,-1.2795673608779907
1568,40,2026-08-15T16:29:04.447+08:00,0.1064,0.337098,0.295833,4.5660975e-06,2026-08-15T16:29:12.606+08:00,8.153,-0.03974109888076782
1569,40,2026-08-15T16:29:18.660+08:00,0.175489,0.369444,0.143056,4.5660975e-06,2026-08-15T16:29:26.825+08:00,8.159,0.5202211737632751
1570,40,2026-08-15T16:29:32.964+08:00,0.179825,0.256305,0.073168,4.5660975e-06,2026-08-15T16:29:41.138+08:00,8.168,2.1981418132781982
1571,40,2026-08-15T16:29:47.263+08:00,0.278164,0.278164,0.0,4.5660975e-06,2026-08-15T16:29:55.434+08:00,8.165,-1.4277737140655518
1572,40,2026-08-15T16:30:01.516+08:00,0.0844,0.160032,0.069542,4.5660975e-06,2026-08-15T16:30:09.690+08:00,8.168,0.11268562078475952
1573,40,2026-08-15T16:30:15.777+08:00,0.076611,0.183563,0.088333,4.5660975e-06,2026-08-15T16:30:23.953+08:00,8.171,1.8958675861358643
1574,40,2026-08-15T16:30:30.531+08:00,0.221507,0.269583,0.035714,4.5660975e-06,2026-08-15T16:30:38.703+08:00,8.166,-2.1274049282073975
1575,40,2026-08-15T16:30:44.929+08:00,0.092378,0.173398,0.117614,4.5660975e-06,2026-08-15T16:30:53.087+08:00,8.153,1.7713240385055542
1576,40,2026-08-15T16:30:59.235+08:00,0.157294,0.33614,0.145833,4.5660975e-06,2026-08-15T16:31:07.406+08:00,8.165,2.8358402252197266
1577,40,2026-08-15T16:31:13.595+08:00,0.089653,0.260123,0.09375,4.5660975e-06,2026-08-15T16:31:21.750+08:00,8.149,2.667017698287964
1578,40,2026-08-15T16:31:27.909+08:00,0.212035,0.259921,0.064858,4.5660975e-06,2026-08-15T16:31:36.074+08:00,8.158,2.122891902923584
1579,40,2026-08-15T16:31:42.210+08:00,0.161387,0.26961,0.042857,4.5660975e-06,2026-08-15T16:31:50.377+08:00,8.161,-0.7236466407775879
1580,40,2026-08-15T16:31:56.551+08:00,0.093018,0.093018,0.0,4.5660975e-06,2026-08-15T16:32:04.733+08:00,8.175,2.136705160140991
1581,40,2026-08-15T16:32:10.978+08:00,0.102507,0.219494,0.108712,4.5204365e-06,2026-08-15T16:32:19.143+08:00,8.159,-0.4409728944301605
1582,40,2026-08-15T16:32:25.487+08:00,0.166119,0.213153,0.066239,4.5204365e-06,2026-08-15T16:32:33.603+08:00,8.11,1.8696458339691162
1583,40,2026-08-15T16:32:39.790+08:00,0.123073,0.236433,0.208333,4.5204365e-06,2026-08-15T16:32:47.954+08:00,8.158,1.4111407995224
1584,40,2026-08-15T16:32:54.075+08:00,0.021177,0.104031,0.10875,4.5204365e-06,2026-08-15T16:33:02.251+08:00,8.17,-2.0627851486206055
1585,40,2026-08-15T16:33:08.297+08:00,0.015124,0.090124,0.104167,4.5204365e-06,2026-08-15T16:33:16.475+08:00,8.172,1.6788241863250732
1586,40,2026-08-15T16:33:22.565+08:00,0.20742,0.270406,0.025887,4.5204365e-06,2026-08-15T16:33:30.729+08:00,8.159,-0.4228505790233612
1587,40,2026-08-15T16:33:36.878+08:00,0.101976,0.189476,0.041667,4.5204365e-06,2026-08-15T16:33:45.044+08:00,8.161,0.6229766607284546
1588,40,2026-08-15T16:33:51.125+08:00,0.229177,0.304167,0.027778,4.5204365e-06,2026-08-15T16:33:59.278+08:00,8.148,3.097248077392578
1589,40,2026-08-15T16:34:05.351+08:00,0.00219,0.13729,0.069514,4.5204365e-06,2026-08-15T16:34:13.515+08:00,8.158,0.6902315616607666
1590,40,2026-08-15T16:34:19.616+08:00,0.06095,0.110909,0.089286,4.5204365e-06,2026-08-15T16:34:27.771+08:00,8.149,0.2738119959831238
1591,40,2026-08-15T16:34:33.828+08:00,0.07567,0.184289,0.141105,4.5204365e-06,2026-08-15T16:34:41.979+08:00,8.145,0.9039884209632874
1592,40,2026-08-15T16:34:48.022+08:00,0.177942,0.200233,0.048611,4.5204365e-06,2026-08-15T16:34:56.187+08:00,8.159,-0.40949392318725586
1593,40,2026-08-15T16:35:02.303+08:00,0.173246,0.173246,0.013889,4.5204365e-06,2026-08-15T16:35:10.464+08:00,8.155,2.0457816123962402
1594,40,2026-08-15T16:35:16.494+08:00,0.111192,0.129979,0.058239,4.5204365e-06,2026-08-15T16:35:24.662+08:00,8.162,0.5510586500167847
1595,40,2026-08-15T16:35:30.720+08:00,0.122369,0.270583,0.191964,4.5204365e-06,2026-08-15T16:35:38.878+08:00,8.152,2.7371156215667725
1596,40,2026-08-15T16:35:44.953+08:00,0.088716,0.28241,0.138258,4.5204365e-06,2026-08-15T16:35:53.122+08:00,8.164,2.1480698585510254
1597,40,2026-08-15T16:35:59.204+08:00,0.235753,0.237083,0.005,4.5204365e-06,2026-08-15T16:36:07.366+08:00,8.154,1.456768274307251
1598,40,2026-08-15T16:36:13.432+08:00,0.014819,0.182995,0.137351,4.5204365e-06,2026-08-15T16:36:21.612+08:00,8.175,1.5902494192123413
1599,40,2026-08-15T16:36:27.793+08:00,0.016561,0.07906,0.039004,4.5204365e-06,2026-08-15T16:36:35.970+08:00,8.172,0.021877318620681763
1600,40,2026-08-15T16:36:42.026+08:00,0.248349,0.298349,0.09875,4.5204365e-06,2026-08-15T16:36:50.229+08:00,8.18,2.2032885551452637
1601,40,2026-08-15T16:36:56.412+08:00,0.060821,0.190871,0.098958,4.4752321e-06,2026-08-15T16:37:04.588+08:00,8.169,-0.015046119689941406
1602,40,2026-08-15T16:37:10.730+08:00,0.203865,0.366774,0.166815,4.4752321e-06,2026-08-15T16:37:18.910+08:00,8.174,-0.6968169212341309
1603,40,2026-08-15T16:37:25.010+08:00,0.08554,0.169347,0.103598,4.4752321e-06,2026-08-15T16:37:33.179+08:00,8.163,1.3190600872039795
1604,40,2026-08-15T16:37:39.317+08:00,0.206745,0.222365,0.025,4.4752321e-06,2026-08-15T16:37:47.474+08:00,8.151,3.1380836963653564
1605,40,2026-08-15T16:37:53.501+08:00,0.151345,0.191638,0.091071,4.4752321e-06,2026-08-15T16:38:01.675+08:00,8.168,1.722190499305725
1606,40,2026-08-15T16:38:07.764+08:00,0.129335,0.140622,0.0625,4.4752321e-06,2026-08-15T16:38:15.935+08:00,8.166,1.679527759552002
1607,40,2026-08-15T16:38:22.088+08:00,0.059513,0.18326,0.081944,4.4752321e-06,2026-08-15T16:38:30.262+08:00,8.168,1.8424582481384277
1608,40,2026-08-15T16:38:36.558+08:00,0.203479,0.328479,0.125,4.4752321e-06,2026-08-15T16:38:44.718+08:00,8.154,1.3432023525238037
1609,40,2026-08-15T16:38:50.940+08:00,0.144584,0.232116,0.098901,4.4752321e-06,2026-08-15T16:38:59.445+08:00,8.499,2.9321975708007812
1610,40,2026-08-15T16:39:05.671+08:00,0.071956,0.179097,0.072917,4.4752321e-06,2026-08-15T16:39:13.840+08:00,8.163,-0.8479771018028259
1611,40,2026-08-15T16:39:20.065+08:00,0.189264,0.295812,0.11152,4.4752321e-06,2026-08-15T16:39:28.226+08:00,8.152,2.63962721824646
1612,40,2026-08-15T16:39:34.403+08:00,0.107799,0.214913,0.09375,4.4752321e-06,2026-08-15T16:39:42.579+08:00,8.169,2.90167236328125
1613,40,2026-08-15T16:39:48.898+08:00,0.167614,0.188447,0.196429,4.4752321e-06,2026-08-15T16:39:57.047+08:00,8.144,0.35104134678840637
1614,40,2026-08-15T16:40:03.291+08:00,0.118843,0.131388,0.072917,4.4752321e-06,2026-08-15T16:40:11.457+08:00,8.159,-0.1673281192779541
1615,40,2026-08-15T16:40:17.699+08:00,0.132247,0.292857,0.1625,4.4752321e-06,2026-08-15T16:40:25.867+08:00,8.162,3.9644789695739746
1616,40,2026-08-15T16:40:32.109+08:00,0.145573,0.208073,0.063419,4.4752321e-06,2026-08-15T16:40:40.282+08:00,8.167,0.5525919795036316
1617,40,2026-08-15T16:40:46.490+08:00,0.163604,0.263477,0.020833,4.4752321e-06,2026-08-15T16:40:54.656+08:00,8.161,1.4645206928253174
1618,40,2026-08-15T16:41:00.822+08:00,0.043257,0.207083,0.215625,4.4752321e-06,2026-08-15T16:41:08.974+08:00,8.146,1.351874828338623
1619,40,2026-08-15T16:41:15.109+08:00,0.110034,0.19932,0.1375,4.4752321e-06,2026-08-15T16:41:23.276+08:00,8.161,3.12608003616333
1620,40,2026-08-15T16:41:29.369+08:00,0.000917,0.140211,0.161975,4.4752321e-06,2026-08-15T16:41:37.537+08:00,8.158,-0.34998422861099243
1621,40,2026-08-15T16:41:43.617+08:00,0.109994,0.15993,0.020833,4.4304798e-06,2026-08-15T16:41:51.791+08:00,8.166,1.1530100107192993
1622,40,2026-08-15T16:41:58.034+08:00,0.048945,0.074276,0.048475,4.4304798e-06,2026-08-15T16:42:06.207+08:00,8.167,-0.015646785497665405
1623,40,2026-08-15T16:42:12.184+08:00,0.249306,0.249306,0.0,4.4304798e-06,2026-08-15T16:42:20.355+08:00,8.165,1.9357435703277588
1624,40,2026-08-15T16:42:26.435+08:00,0.199185,0.199185,0.001812,4.4304798e-06,2026-08-15T16:42:34.595+08:00,8.155,3.2941598892211914
1625,40,2026-08-15T16:42:40.753+08:00,0.105734,0.228896,0.097782,4.4304798e-06,2026-08-15T16:42:48.923+08:00,8.164,2.048491954803467
1626,40,2026-08-15T16:42:55.052+08:00,0.134177,0.196677,0.0625,4.4304798e-06,2026-08-15T16:43:03.225+08:00,8.166,-0.8545464277267456
1627,40,2026-08-15T16:43:09.396+08:00,0.098305,0.197947,0.099107,4.4304798e-06,2026-08-15T16:43:17.562+08:00,8.161,2.204833745956421
1628,40,2026-08-15T16:43:23.596+08:00,0.169221,0.237058,0.02381,4.4304798e-06,2026-08-15T16:43:31.750+08:00,8.147,-2.309434413909912
1629,40,2026-08-15T16:43:37.900+08:00,0.001289,0.058789,0.08125,4.4304798e-06,2026-08-15T16:43:46.068+08:00,8.163,2.3788986206054688
1630,40,2026-08-15T16:43:52.101+08:00,0.051977,0.088821,0.077206,4.4304798e-06,2026-08-15T16:44:00.267+08:00,8.161,0.5173546075820923
1631,40,2026-08-15T16:44:06.397+08:00,0.006499,0.17996,0.125531,4.4304798e-06,2026-08-15T16:44:14.568+08:00,8.165,1.1171529293060303
1632,40,2026-08-15T16:44:20.692+08:00,0.226415,0.278564,0.067857,4.4304798e-06,2026-08-15T16:44:28.855+08:00,8.157,-0.0035850107669830322
1633,40,2026-08-15T16:44:34.998+08:00,0.340179,0.340179,0.0,4.4304798e-06,2026-08-15T16:44:43.149+08:00,8.145,2.386688232421875
1634,40,2026-08-15T16:44:49.334+08:00,0.199403,0.266069,0.104167,4.4304798e-06,2026-08-15T16:44:57.496+08:00,8.157,0.9336565732955933
1635,40,2026-08-15T16:45:03.632+08:00,0.241964,0.273214,0.072917,4.4304798e-06,2026-08-15T16:45:11.795+08:00,8.156,3.084872007369995
1636,40,2026-08-15T16:45:17.825+08:00,0.136762,0.201902,0.0875,4.4304798e-06,2026-08-15T16:45:25.974+08:00,8.146,1.5820666551589966
1637,40,2026-08-15T16:45:32.051+08:00,0.131599,0.161062,0.067857,4.4304798e-06,2026-08-15T16:45:40.206+08:00,8.149,2.896866798400879
1638,40,2026-08-15T16:45:46.269+08:00,0.025853,0.143085,0.175984,4.4304798e-06,2026-08-15T16:45:54.418+08:00,8.143,-0.4920545816421509
1639,40,2026-08-15T16:46:00.499+08:00,0.048097,0.090592,0.08428,4.4304798e-06,2026-08-15T16:46:08.661+08:00,8.156,2.499703884124756
1640,40,2026-08-15T16:46:14.802+08:00,0.128459,0.239024,0.150962,4.4304798e-06,2026-08-15T16:46:22.946+08:00,8.139,0.9028984308242798
1641,40,2026-08-15T16:46:29.113+08:00,0.068061,0.113155,0.101103,4.386175e-06,2026-08-15T16:46:37.280+08:00,8.162,-1.123260736465454
1642,40,2026-08-15T16:46:43.523+08:00,0.05889,0.174795,0.123214,4.386175e-06,2026-08-15T16:46:51.682+08:00,8.151,0.21499711275100708
1643,40,2026-08-15T16:46:57.883+08:00,0.088833,0.140167,0.075,4.386175e-06,2026-08-15T16:47:06.061+08:00,8.172,3.3369975090026855
1644,40,2026-08-15T16:47:12.712+08:00,0.042105,0.188025,0.164583,4.386175e-06,2026-08-15T16:47:20.869+08:00,8.151,1.4704358577728271
1645,40,2026-08-15T16:47:26.944+08:00,0.054725,0.235632,0.308333,4.386175e-06,2026-08-15T16:47:35.076+08:00,8.128,4.3021159172058105
1646,40,2026-08-15T16:47:41.156+08:00,0.140552,0.234001,0.125,4.386175e-06,2026-08-15T16:47:49.300+08:00,8.138,1.2802578210830688
1647,40,2026-08-15T16:47:55.364+08:00,0.046545,0.125605,0.125,4.386175e-06,2026-08-15T16:48:03.518+08:00,8.148,3.6022143363952637
1648,40,2026-08-15T16:48:09.610+08:00,0.123464,0.13159,0.042857,4.386175e-06,2026-08-15T16:48:17.779+08:00,8.162,0.01968631148338318
1649,40,2026-08-15T16:48:23.899+08:00,0.166277,0.18711,0.083333,4.386175e-06,2026-08-15T16:48:32.057+08:00,8.151,4.173888206481934
1650,40,2026-08-15T16:48:38.195+08:00,0.250175,0.292104,0.03125,4.386175e-06,2026-08-15T16:48:46.357+08:00,8.151,2.1247658729553223
1651,40,2026-08-15T16:48:52.586+08:00,0.191259,0.216257,0.03125,4.386175e-06,2026-08-15T16:49:00.736+08:00,8.147,0.5449385643005371
1652,40,2026-08-15T16:49:07.047+08:00,0.042327,0.091667,0.079298,4.386175e-06,2026-08-15T16:49:15.209+08:00,8.156,2.37372088432312
1653,40,2026-08-15T16:49:21.326+08:00,0.066088,0.178524,0.056548,4.386175e-06,2026-08-15T16:49:29.485+08:00,8.148,1.4586143493652344
1654,40,2026-08-15T16:49:35.598+08:00,0.166903,0.166903,0.001033,4.386175e-06,2026-08-15T16:49:43.746+08:00,8.142,1.0390925407409668
1655,40,2026-08-15T16:49:49.888+08:00,0.157639,0.157639,0.0,4.386175e-06,2026-08-15T16:49:58.045+08:00,8.15,0.4214699864387512
1656,40,2026-08-15T16:50:04.174+08:00,0.084851,0.341758,0.16369,4.386175e-06,2026-08-15T16:50:12.322+08:00,8.142,3.0490245819091797
1657,40,2026-08-15T16:50:18.495+08:00,0.024489,0.178805,0.129496,4.386175e-06,2026-08-15T16:50:26.658+08:00,8.143,1.7727380990982056
1658,40,2026-08-15T16:50:32.779+08:00,0.078694,0.109239,0.070573,4.386175e-06,2026-08-15T16:50:40.944+08:00,8.159,-0.03752073645591736
1659,40,2026-08-15T16:50:47.132+08:00,0.195833,0.195833,0.0,4.386175e-06,2026-08-15T16:50:55.295+08:00,8.157,-1.421414852142334
1660,40,2026-08-15T16:51:01.515+08:00,0.091172,0.275689,0.141964,4.386175e-06,2026-08-15T16:51:09.674+08:00,8.155,1.6171866655349731
1661,40,2026-08-15T16:51:16.054+08:00,0.030415,0.124165,0.125,4.3423133e-06,2026-08-15T16:51:24.221+08:00,8.161,0.11882990598678589
1662,40,2026-08-15T16:51:30.426+08:00,0.1535,0.166904,0.048295,4.3423133e-06,2026-08-15T16:51:38.599+08:00,8.168,-0.07418271154165268
1663,40,2026-08-15T16:51:44.889+08:00,0.091118,0.091118,0.0,4.3423133e-06,2026-08-15T16:51:53.082+08:00,8.187,1.547913670539856
1664,40,2026-08-15T16:51:59.340+08:00,0.076701,0.334483,0.113782,4.3423133e-06,2026-08-15T16:52:07.517+08:00,8.171,1.4511942863464355
1665,40,2026-08-15T16:52:13.734+08:00,0.19747,0.314126,0.139583,4.3423133e-06,2026-08-15T16:52:21.910+08:00,8.169,2.8092360496520996
1666,40,2026-08-15T16:52:28.033+08:00,0.066688,0.216687,0.102083,4.3423133e-06,2026-08-15T16:52:36.207+08:00,8.167,1.6121537685394287
1667,40,2026-08-15T16:52:42.251+08:00,0.03732,0.042371,0.010769,4.3423133e-06,2026-08-15T16:52:50.425+08:00,8.169,-1.2492461204528809
1668,40,2026-08-15T16:52:56.500+08:00,0.00191,0.183015,0.167762,4.3423133e-06,2026-08-15T16:53:04.666+08:00,8.16,0.24694573879241943
1669,40,2026-08-15T16:53:10.748+08:00,0.201432,0.201432,0.0,4.3423133e-06,2026-08-15T16:53:18.903+08:00,8.15,3.158787965774536
1670,40,2026-08-15T16:53:24.981+08:00,0.105157,0.167643,0.06886,4.3423133e-06,2026-08-15T16:53:33.136+08:00,8.149,-0.25510573387145996
1671,40,2026-08-15T16:53:39.209+08:00,0.073602,0.080547,0.069853,4.3423133e-06,2026-08-15T16:53:47.372+08:00,8.158,1.4057278633117676
1672,40,2026-08-15T16:53:53.447+08:00,0.141864,0.146018,0.041815,4.3423133e-06,2026-08-15T16:54:01.613+08:00,8.16,1.6493650674819946
1673,40,2026-08-15T16:54:07.645+08:00,0.023635,0.181862,0.145833,4.3423133e-06,2026-08-15T16:54:15.818+08:00,8.167,0.9241811037063599
1674,40,2026-08-15T16:54:21.897+08:00,0.139176,0.199864,0.100595,4.3423133e-06,2026-08-15T16:54:30.050+08:00,8.148,0.6890317797660828
1675,40,2026-08-15T16:54:36.119+08:00,0.088855,0.165198,0.10119,4.3423133e-06,2026-08-15T16:54:44.275+08:00,8.15,-0.03377598524093628
1676,40,2026-08-15T16:54:50.505+08:00,0.200017,0.25,0.025,4.3423133e-06,2026-08-15T16:54:58.673+08:00,8.162,2.535674571990967
1677,40,2026-08-15T16:55:04.778+08:00,0.145538,0.300223,0.15625,4.3423133e-06,2026-08-15T16:55:13.271+08:00,8.487,-0.0556412935256958
1678,40,2026-08-15T16:55:19.488+08:00,0.123641,0.13308,0.013477,4.3423133e-06,2026-08-15T16:55:27.659+08:00,8.165,2.013317108154297
1679,40,2026-08-15T16:55:33.735+08:00,0.135798,0.263488,0.063889,4.3423133e-06,2026-08-15T16:55:41.899+08:00,8.158,0.054296791553497314
1680,40,2026-08-15T16:55:48.013+08:00,0.219728,0.219728,0.083333,4.3423133e-06,2026-08-15T16:55:56.183+08:00,8.165,1.756304144859314
1681,40,2026-08-15T16:56:02.265+08:00,0.069256,0.110786,0.017857,4.2988901e-06,2026-08-15T16:56:10.440+08:00,8.169,-1.0287015438079834
1682,40,2026-08-15T16:56:16.495+08:00,0.058735,0.24619,0.06056,4.2988901e-06,2026-08-15T16:56:24.657+08:00,8.156,1.7520077228546143
1683,40,2026-08-15T16:56:30.702+08:00,0.077269,0.295211,0.113261,4.2988901e-06,2026-08-15T16:56:38.855+08:00,8.147,1.9406414031982422
1684,40,2026-08-15T16:56:44.944+08:00,0.162075,0.373185,0.109848,4.2988901e-06,2026-08-15T16:56:53.086+08:00,8.136,1.9805736541748047
1685,40,2026-08-15T16:56:59.223+08:00,0.161428,0.265778,0.029167,4.2988901e-06,2026-08-15T16:57:07.374+08:00,8.146,2.2885661125183105
1686,40,2026-08-15T16:57:13.557+08:00,0.147266,0.269859,0.140625,4.2988901e-06,2026-08-15T16:57:21.717+08:00,8.153,0.30679023265838623
1687,40,2026-08-15T16:57:27.954+08:00,0.213761,0.232303,0.050595,4.2988901e-06,2026-08-15T16:57:36.120+08:00,8.16,3.9159793853759766
1688,40,2026-08-15T16:57:42.180+08:00,0.111761,0.211761,0.0625,4.2988901e-06,2026-08-15T16:57:50.331+08:00,8.145,1.4392671585083008
1689,40,2026-08-15T16:57:56.454+08:00,0.109257,0.116911,0.052514,4.2988901e-06,2026-08-15T16:58:04.606+08:00,8.147,-0.03384125232696533
1690,40,2026-08-15T16:58:10.710+08:00,0.162153,0.262153,0.048077,4.2988901e-06,2026-08-15T16:58:18.842+08:00,8.126,-1.1103508472442627
1691,40,2026-08-15T16:58:24.960+08:00,0.069182,0.107463,0.093254,4.2988901e-06,2026-08-15T16:58:33.114+08:00,8.147,2.109708786010742
1692,40,2026-08-15T16:58:39.184+08:00,0.054107,0.207629,0.197917,4.2988901e-06,2026-08-15T16:58:47.327+08:00,8.137,3.5515124797821045
1693,40,2026-08-15T16:58:53.411+08:00,0.196056,0.329966,0.129216,4.2988901e-06,2026-08-15T16:59:01.562+08:00,8.146,-1.2283045053482056
1694,40,2026-08-15T16:59:07.721+08:00,0.100522,0.100895,0.001389,4.2988901e-06,2026-08-15T16:59:15.871+08:00,8.141,0.6877457499504089
1695,40,2026-08-15T16:59:21.965+08:00,0.080411,0.192911,0.1875,4.2988901e-06,2026-08-15T16:59:30.125+08:00,8.155,-2.2190113067626953
1696,40,2026-08-15T16:59:36.291+08:00,0.030476,0.295534,0.316667,4.2988901e-06,2026-08-15T16:59:44.444+08:00,8.147,-1.2255456447601318
1697,40,2026-08-15T16:59:50.509+08:00,0.12968,0.250018,0.18604,4.2988901e-06,2026-08-15T16:59:58.663+08:00,8.148,-0.33575719594955444
1698,40,2026-08-15T17:00:04.672+08:00,0.121339,0.191207,0.0375,4.2988901e-06,2026-08-15T17:00:12.836+08:00,8.158,0.44403326511383057
1699,40,2026-08-15T17:00:18.903+08:00,0.206925,0.236896,0.032594,4.2988901e-06,2026-08-15T17:00:27.061+08:00,8.152,1.5141206979751587
1700,40,2026-08-15T17:00:33.119+08:00,0.022516,0.235347,0.264583,4.2988901e-06,2026-08-15T17:00:41.276+08:00,8.151,1.243177890777588
1701,40,2026-08-15T17:00:47.337+08:00,0.018837,0.188754,0.169231,4.2559012e-06,2026-08-15T17:00:55.489+08:00,8.146,-0.6000105142593384
1702,40,2026-08-15T17:01:01.597+08:00,0.062574,0.165352,0.166667,4.2559012e-06,2026-08-15T17:01:09.735+08:00,8.134,0.9124279022216797
1703,40,2026-08-15T17:01:15.866+08:00,0.169565,0.226168,0.036685,4.2559012e-06,2026-08-15T17:01:24.021+08:00,8.15,1.6655488014221191
1704,40,2026-08-15T17:01:30.177+08:00,0.050475,0.248214,0.140828,4.2559012e-06,2026-08-15T17:01:38.336+08:00,8.153,0.5085862874984741
1705,40,2026-08-15T17:01:44.465+08:00,0.321809,0.332191,0.017857,4.2559012e-06,2026-08-15T17:01:52.621+08:00,8.151,1.2773585319519043
1706,40,2026-08-15T17:01:58.783+08:00,0.024324,0.078763,0.069853,4.2559012e-06,2026-08-15T17:02:06.939+08:00,8.15,1.710201382637024
1707,40,2026-08-15T17:02:13.047+08:00,0.131287,0.131287,0.020833,4.2559012e-06,2026-08-15T17:02:21.197+08:00,8.145,0.8412626385688782
1708,40,2026-08-15T17:02:27.260+08:00,0.079457,0.175022,0.120833,4.2559012e-06,2026-08-15T17:02:35.410+08:00,8.145,0.9563252329826355
1709,40,2026-08-15T17:02:41.476+08:00,0.174867,0.226007,0.041295,4.2559012e-06,2026-08-15T17:02:49.621+08:00,8.139,1.6042994260787964
1710,40,2026-08-15T17:02:55.708+08:00,0.063301,0.128731,0.046474,4.2559012e-06,2026-08-15T17:03:03.864+08:00,8.152,-1.662154197692871
1711,40,2026-08-15T17:03:10.061+08:00,0.177092,0.203344,0.053571,4.2559012e-06,2026-08-15T17:03:18.233+08:00,8.166,0.6763477325439453
1712,40,2026-08-15T17:03:24.902+08:00,0.39859,0.401247,0.074405,4.2559012e-06,2026-08-15T17:03:33.057+08:00,8.15,0.9626303911209106
1713,40,2026-08-15T17:03:39.369+08:00,0.147663,0.175031,0.128125,4.2559012e-06,2026-08-15T17:03:47.528+08:00,8.154,2.389166831970215
1714,40,2026-08-15T17:03:53.669+08:00,0.00382,0.080781,0.031487,4.2559012e-06,2026-08-15T17:04:01.838+08:00,8.149,2.7637100219726562
1715,40,2026-08-15T17:04:07.906+08:00,0.23484,0.312785,0.067235,4.2559012e-06,2026-08-15T17:04:16.048+08:00,8.136,2.055568218231201
1716,40,2026-08-15T17:04:22.062+08:00,0.062684,0.125692,0.127384,4.2559012e-06,2026-08-15T17:04:30.208+08:00,8.14,2.5704092979431152
1717,40,2026-08-15T17:04:36.289+08:00,0.270636,0.323331,0.059524,4.2559012e-06,2026-08-15T17:04:44.432+08:00,8.138,1.2932647466659546
1718,40,2026-08-15T17:04:50.490+08:00,0.138924,0.332623,0.197917,4.2559012e-06,2026-08-15T17:04:58.638+08:00,8.142,-0.32114845514297485
1719,40,2026-08-15T17:05:04.693+08:00,0.044656,0.046277,0.002551,4.2559012e-06,2026-08-15T17:05:12.857+08:00,8.157,2.7395730018615723
1720,40,2026-08-15T17:05:18.967+08:00,0.046882,0.067575,0.015625,4.2559012e-06,2026-08-15T17:05:27.128+08:00,8.155,1.9253666400909424
1721,40,2026-08-15T17:05:33.235+08:00,0.110146,0.17205,0.095644,4.2133422e-06,2026-08-15T17:05:41.390+08:00,8.149,2.6575875282287598
1722,40,2026-08-15T17:05:47.507+08:00,0.22803,0.269697,0.0625,4.2133422e-06,2026-08-15T17:05:55.677+08:00,8.164,1.826069712638855
1723,40,2026-08-15T17:06:01.850+08:00,0.225876,0.239084,0.015625,4.2133422e-06,2026-08-15T17:06:10.009+08:00,8.153,2.276728630065918
1724,40,2026-08-15T17:06:16.073+08:00,0.128976,0.23309,0.0625,4.2133422e-06,2026-08-15T17:06:24.223+08:00,8.144,0.4802616536617279
1725,40,2026-08-15T17:06:30.280+08:00,0.25,0.25,0.011364,4.2133422e-06,2026-08-15T17:06:38.430+08:00,8.144,-0.07562056183815002
1726,40,2026-08-15T17:06:44.542+08:00,0.140798,0.169888,0.07524,4.2133422e-06,2026-08-15T17:06:52.696+08:00,8.149,2.1773781776428223
1727,40,2026-08-15T17:06:58.755+08:00,0.026744,0.140615,0.09375,4.2133422e-06,2026-08-15T17:07:06.914+08:00,8.153,0.747787594795227
1728,40,2026-08-15T17:07:12.991+08:00,0.161208,0.219529,0.116667,4.2133422e-06,2026-08-15T17:07:21.149+08:00,8.153,0.6540092825889587
1729,40,2026-08-15T17:07:27.238+08:00,0.060908,0.259223,0.202381,4.2133422e-06,2026-08-15T17:07:35.406+08:00,8.162,0.6333788633346558
1730,40,2026-08-15T17:07:41.500+08:00,0.102329,0.182142,0.069853,4.2133422e-06,2026-08-15T17:07:49.644+08:00,8.139,1.5077253580093384
1731,40,2026-08-15T17:07:55.730+08:00,0.095747,0.132744,0.073864,4.2133422e-06,2026-08-15T17:08:03.892+08:00,8.155,-1.3121975660324097
1732,40,2026-08-15T17:08:09.914+08:00,0.240084,0.365812,0.05625,4.2133422e-06,2026-08-15T17:08:18.057+08:00,8.137,0.6332524418830872
1733,40,2026-08-15T17:08:24.087+08:00,0.075465,0.225868,0.153325,4.2133422e-06,2026-08-15T17:08:32.232+08:00,8.139,1.8575000762939453
1734,40,2026-08-15T17:08:38.350+08:00,0.018112,0.208482,0.203125,4.2133422e-06,2026-08-15T17:08:46.508+08:00,8.152,0.6603657007217407
1735,40,2026-08-15T17:08:52.597+08:00,0.093926,0.093926,0.041667,4.2133422e-06,2026-08-15T17:09:00.744+08:00,8.142,-0.1709739863872528
1736,40,2026-08-15T17:09:06.889+08:00,0.024201,0.280316,0.227564,4.2133422e-06,2026-08-15T17:09:15.042+08:00,8.148,-0.9009436368942261
1737,40,2026-08-15T17:09:21.090+08:00,0.275587,0.404484,0.081731,4.2133422e-06,2026-08-15T17:09:29.248+08:00,8.152,0.391150563955307
1738,40,2026-08-15T17:09:35.408+08:00,0.060729,0.199807,0.084821,4.2133422e-06,2026-08-15T17:09:43.559+08:00,8.145,-0.7174402475357056
1739,40,2026-08-15T17:09:49.777+08:00,0.163499,0.217071,0.15625,4.2133422e-06,2026-08-15T17:09:57.930+08:00,8.148,3.5674164295196533
1740,40,2026-08-15T17:10:04.084+08:00,0.278534,0.279306,0.003125,4.2133422e-06,2026-08-15T17:10:12.244+08:00,8.154,4.309975624084473
1741,40,2026-08-15T17:10:18.317+08:00,0.048285,0.177174,0.149436,4.1712088e-06,2026-08-15T17:10:26.464+08:00,8.142,-0.09186038374900818
1742,40,2026-08-15T17:10:32.587+08:00,0.059933,0.219194,0.057765,4.1712088e-06,2026-08-15T17:10:40.741+08:00,8.149,1.8433862924575806
1743,40,2026-08-15T17:10:46.888+08:00,0.068798,0.136199,0.113995,4.1712088e-06,2026-08-15T17:10:55.042+08:00,8.149,2.5240395069122314
1744,40,2026-08-15T17:11:01.141+08:00,0.155657,0.180794,0.007353,4.1712088e-06,2026-08-15T17:11:09.295+08:00,8.148,1.926668405532837
1745,40,2026-08-15T17:11:15.558+08:00,0.082066,0.221836,0.079167,4.1712088e-06,2026-08-15T17:11:23.700+08:00,8.136,0.9430820345878601
1746,40,2026-08-15T17:11:30.364+08:00,0.178817,0.236507,0.03125,4.1712088e-06,2026-08-15T17:11:38.501+08:00,8.131,1.1715484857559204
1747,40,2026-08-15T17:11:44.639+08:00,0.170139,0.180556,0.03125,4.1712088e-06,2026-08-15T17:11:52.799+08:00,8.155,0.22111180424690247
1748,40,2026-08-15T17:11:58.939+08:00,0.080208,0.080208,0.0,4.1712088e-06,2026-08-15T17:12:07.077+08:00,8.133,1.1138614416122437
1749,40,2026-08-15T17:12:13.301+08:00,0.106089,0.235155,0.131579,4.1712088e-06,2026-08-15T17:12:21.457+08:00,8.151,1.7060132026672363
1750,40,2026-08-15T17:12:27.555+08:00,0.106618,0.106618,0.002895,4.1712088e-06,2026-08-15T17:12:35.702+08:00,8.142,4.768845081329346
1751,40,2026-08-15T17:12:41.762+08:00,0.045069,0.307783,0.217857,4.1712088e-06,2026-08-15T17:12:49.914+08:00,8.146,1.8214037418365479
1752,40,2026-08-15T17:12:55.967+08:00,0.18321,0.19213,0.052989,4.1712088e-06,2026-08-15T17:13:04.115+08:00,8.142,0.7282822728157043
1753,40,2026-08-15T17:13:10.214+08:00,0.098865,0.211334,0.114583,4.1712088e-06,2026-08-15T17:13:18.367+08:00,8.149,0.2979770302772522
1754,40,2026-08-15T17:13:24.484+08:00,0.027024,0.250961,0.23515,4.1712088e-06,2026-08-15T17:13:32.631+08:00,8.142,1.6088789701461792
1755,40,2026-08-15T17:13:38.928+08:00,0.039701,0.081281,0.111111,4.1712088e-06,2026-08-15T17:13:47.088+08:00,8.154,-0.7392951250076294
1756,40,2026-08-15T17:13:53.220+08:00,0.038479,0.113068,0.059524,4.1712088e-06,2026-08-15T17:14:01.385+08:00,8.159,2.662074565887451
1757,40,2026-08-15T17:14:07.533+08:00,0.130796,0.207582,0.136775,4.1712088e-06,2026-08-15T17:14:15.697+08:00,8.158,1.1742799282073975
1758,40,2026-08-15T17:14:21.785+08:00,0.033605,0.062485,0.084077,4.1712088e-06,2026-08-15T17:14:29.923+08:00,8.133,0.6958622932434082
1759,40,2026-08-15T17:14:36.018+08:00,0.088586,0.206639,0.135417,4.1712088e-06,2026-08-15T17:14:44.159+08:00,8.136,2.8413381576538086
1760,40,2026-08-15T17:14:50.196+08:00,0.149279,0.243019,0.0875,4.1712088e-06,2026-08-15T17:14:58.350+08:00,8.149,0.8823280334472656
1761,40,2026-08-15T17:15:04.404+08:00,0.097337,0.240305,0.152404,4.1294967e-06,2026-08-15T17:15:12.544+08:00,8.134,-0.4263194799423218
1762,40,2026-08-15T17:15:18.615+08:00,0.087369,0.087369,0.025,4.1294967e-06,2026-08-15T17:15:26.768+08:00,8.147,-0.8390614986419678
1763,40,2026-08-15T17:15:32.837+08:00,0.296073,0.358573,0.075,4.1294967e-06,2026-08-15T17:15:40.997+08:00,8.155,0.7310565114021301
1764,40,2026-08-15T17:15:47.156+08:00,0.147786,0.290633,0.124432,4.1294967e-06,2026-08-15T17:15:55.304+08:00,8.142,0.6477430462837219
1765,40,2026-08-15T17:16:01.473+08:00,0.107636,0.263142,0.1875,4.1294967e-06,2026-08-15T17:16:09.633+08:00,8.154,0.42079591751098633
1766,40,2026-08-15T17:16:15.760+08:00,0.184597,0.259605,0.079241,4.1294967e-06,2026-08-15T17:16:23.905+08:00,8.14,0.7500749826431274
1767,40,2026-08-15T17:16:29.975+08:00,0.265129,0.426587,0.125,4.1294967e-06,2026-08-15T17:16:38.127+08:00,8.147,1.1038329601287842
1768,40,2026-08-15T17:16:44.214+08:00,0.235431,0.235431,0.0,4.1294967e-06,2026-08-15T17:16:52.364+08:00,8.144,3.1003360748291016
1769,40,2026-08-15T17:16:58.519+08:00,0.112823,0.248131,0.106285,4.1294967e-06,2026-08-15T17:17:06.665+08:00,8.141,0.2067328691482544
1770,40,2026-08-15T17:17:12.751+08:00,0.05701,0.191728,0.087202,4.1294967e-06,2026-08-15T17:17:20.906+08:00,8.149,1.226174235343933
1771,40,2026-08-15T17:17:27.002+08:00,0.052167,0.235863,0.108333,4.1294967e-06,2026-08-15T17:17:35.162+08:00,8.139,1.224250316619873
1772,40,2026-08-15T17:17:41.224+08:00,0.119103,0.182986,0.086736,4.1294967e-06,2026-08-15T17:17:49.390+08:00,8.16,-0.24782705307006836
1773,40,2026-08-15T17:17:55.531+08:00,0.078841,0.153992,0.125,4.1294967e-06,2026-08-15T17:18:03.687+08:00,8.15,0.9299811124801636
1774,40,2026-08-15T17:18:09.751+08:00,0.085252,0.220668,0.1875,4.1294967e-06,2026-08-15T17:18:17.906+08:00,8.147,0.45977500081062317
1775,40,2026-08-15T17:18:24.038+08:00,0.117416,0.19256,0.075397,4.1294967e-06,2026-08-15T17:18:32.183+08:00,8.139,0.5321584939956665
1776,40,2026-08-15T17:18:38.284+08:00,0.035943,0.193275,0.165865,4.1294967e-06,2026-08-15T17:18:46.437+08:00,8.148,1.4184316396713257
1777,40,2026-08-15T17:18:52.517+08:00,0.169779,0.348351,0.208333,4.1294967e-06,2026-08-15T17:19:00.665+08:00,8.143,1.0867702960968018
1778,40,2026-08-15T17:19:06.787+08:00,0.071457,0.165705,0.184524,4.1294967e-06,2026-08-15T17:19:14.937+08:00,8.145,-0.16437798738479614
1779,40,2026-08-15T17:19:21.060+08:00,0.027946,0.223611,0.159722,4.1294967e-06,2026-08-15T17:19:29.213+08:00,8.148,1.3452672958374023
1780,40,2026-08-15T17:19:35.291+08:00,0.113382,0.16338,0.03125,4.1294967e-06,2026-08-15T17:19:43.449+08:00,8.152,0.7228524684906006
1781,40,2026-08-15T17:19:49.546+08:00,0.249529,0.291195,0.041667,4.0882017e-06,2026-08-15T17:19:57.708+08:00,8.156,0.961378812789917
1782,40,2026-08-15T17:20:04.354+08:00,0.151944,0.234112,0.069957,4.0882017e-06,2026-08-15T17:20:12.480+08:00,8.12,-0.9886631965637207
1783,40,2026-08-15T17:20:18.662+08:00,0.029951,0.138284,0.179167,4.0882017e-06,2026-08-15T17:20:26.827+08:00,8.16,-0.4037984311580658
1784,40,2026-08-15T17:20:33.007+08:00,0.158334,0.232738,0.09375,4.0882017e-06,2026-08-15T17:20:41.159+08:00,8.146,-1.2114906311035156
1785,40,2026-08-15T17:20:47.333+08:00,0.091118,0.170043,0.105586,4.0882017e-06,2026-08-15T17:20:55.492+08:00,8.153,-0.057721227407455444
1786,40,2026-08-15T17:21:01.641+08:00,0.238949,0.256805,0.03125,4.0882017e-06,2026-08-15T17:21:09.787+08:00,8.142,1.0398303270339966
1787,40,2026-08-15T17:21:15.982+08:00,0.083355,0.223843,0.207598,4.0882017e-06,2026-08-15T17:21:24.143+08:00,8.155,-0.07047343254089355
1788,40,2026-08-15T17:21:30.297+08:00,0.300672,0.338172,0.05,4.0882017e-06,2026-08-15T17:21:38.435+08:00,8.132,2.204652786254883
1789,40,2026-08-15T17:21:44.504+08:00,0.063056,0.206853,0.049107,4.0882017e-06,2026-08-15T17:21:52.650+08:00,8.14,0.1866423487663269
1790,40,2026-08-15T17:21:58.758+08:00,0.041308,0.041308,0.045139,4.0882017e-06,2026-08-15T17:22:06.918+08:00,8.154,0.06868559122085571
1791,40,2026-08-15T17:22:13.069+08:00,0.136403,0.213782,0.111607,4.0882017e-06,2026-08-15T17:22:21.234+08:00,8.16,0.08619636297225952
1792,40,2026-08-15T17:22:27.384+08:00,0.047913,0.149593,0.153274,4.0882017e-06,2026-08-15T17:22:35.539+08:00,8.15,1.1664454936981201
1793,40,2026-08-15T17:22:41.691+08:00,0.05477,0.05477,0.0,4.0882017e-06,2026-08-15T17:22:49.856+08:00,8.159,-0.09910234808921814
1794,40,2026-08-15T17:22:55.996+08:00,0.215653,0.322793,0.072917,4.0882017e-06,2026-08-15T17:23:04.156+08:00,8.155,1.925217866897583
1795,40,2026-08-15T17:23:10.281+08:00,0.084415,0.149044,0.046212,4.0882017e-06,2026-08-15T17:23:18.445+08:00,8.158,6.699687480926514
1796,40,2026-08-15T17:23:24.584+08:00,0.126707,0.14754,0.077381,4.0882017e-06,2026-08-15T17:23:32.746+08:00,8.156,4.818113327026367
1797,40,2026-08-15T17:23:38.820+08:00,0.164952,0.278044,0.09375,4.0882017e-06,2026-08-15T17:23:46.979+08:00,8.153,0.7422391772270203
1798,40,2026-08-15T17:23:53.079+08:00,0.28178,0.298164,0.034028,4.0882017e-06,2026-08-15T17:24:01.223+08:00,8.138,-0.44938886165618896
1799,40,2026-08-15T17:24:07.389+08:00,0.14578,0.14578,0.000622,4.0882017e-06,2026-08-15T17:24:15.552+08:00,8.157,1.8672162294387817
1800,40,2026-08-15T17:24:21.630+08:00,0.109236,0.129365,0.028049,4.0882017e-06,2026-08-15T17:24:29.811+08:00,8.175,3.0943355560302734
1801,40,2026-08-15T17:24:35.851+08:00,0.052769,0.147337,0.141369,4.0473197e-06,2026-08-15T17:24:44.014+08:00,8.157,1.466505765914917
1802,40,2026-08-15T17:24:50.152+08:00,0.041859,0.107411,0.087901,4.0473197e-06,2026-08-15T17:24:58.310+08:00,8.152,0.1732458472251892
1803,40,2026-08-15T17:25:04.326+08:00,0.111459,0.167764,0.034267,4.0473197e-06,2026-08-15T17:25:12.493+08:00,8.161,2.9261560440063477
1804,40,2026-08-15T17:25:18.536+08:00,0.186181,0.343155,0.182292,4.0473197e-06,2026-08-15T17:25:26.691+08:00,8.149,1.7839473485946655
1805,40,2026-08-15T17:25:32.739+08:00,0.247,0.297144,0.078953,4.0473197e-06,2026-08-15T17:25:40.896+08:00,8.151,-1.8134465217590332
1806,40,2026-08-15T17:25:46.986+08:00,0.070687,0.213406,0.133482,4.0473197e-06,2026-08-15T17:25:55.132+08:00,8.141,2.3024892807006836
1807,40,2026-08-15T17:26:01.164+08:00,0.01632,0.103054,0.11152,4.0473197e-06,2026-08-15T17:26:09.322+08:00,8.153,0.6713523864746094
1808,40,2026-08-15T17:26:15.405+08:00,0.101389,0.190278,0.145833,4.0473197e-06,2026-08-15T17:26:23.567+08:00,8.153,3.6199159622192383
1809,40,2026-08-15T17:26:29.796+08:00,0.255698,0.358923,0.014706,4.0473197e-06,2026-08-15T17:26:37.957+08:00,8.157,-0.12657499313354492
1810,40,2026-08-15T17:26:44.055+08:00,0.133335,0.264858,0.15625,4.0473197e-06,2026-08-15T17:26:52.194+08:00,8.133,1.1887414455413818
1811,40,2026-08-15T17:26:58.362+08:00,0.160939,0.188715,0.03125,4.0473197e-06,2026-08-15T17:27:06.508+08:00,8.14,0.5400398969650269
1812,40,2026-08-15T17:27:12.634+08:00,0.100817,0.25248,0.083333,4.0473197e-06,2026-08-15T17:27:20.794+08:00,8.154,2.240530490875244
1813,40,2026-08-15T17:27:26.882+08:00,0.076716,0.148049,0.053726,4.0473197e-06,2026-08-15T17:27:35.043+08:00,8.156,1.015862226486206
1814,40,2026-08-15T17:27:41.094+08:00,0.005097,0.015422,0.033594,4.0473197e-06,2026-08-15T17:27:49.254+08:00,8.154,1.1808931827545166
1815,40,2026-08-15T17:27:55.276+08:00,0.237654,0.279319,0.03125,4.0473197e-06,2026-08-15T17:28:03.436+08:00,8.154,1.2300832271575928
1816,40,2026-08-15T17:28:09.995+08:00,0.002713,0.190632,0.199593,4.0473197e-06,2026-08-15T17:28:18.151+08:00,8.151,2.0873515605926514
1817,40,2026-08-15T17:28:24.278+08:00,0.087366,0.200947,0.107639,4.0473197e-06,2026-08-15T17:28:32.423+08:00,8.138,1.2621854543685913
1818,40,2026-08-15T17:28:38.660+08:00,0.206194,0.206194,0.0,4.0473197e-06,2026-08-15T17:28:46.821+08:00,8.157,-0.9549660682678223
1819,40,2026-08-15T17:28:52.903+08:00,0.123762,0.187207,0.100507,4.0473197e-06,2026-08-15T17:29:01.061+08:00,8.151,2.127458095550537
1820,40,2026-08-15T17:29:07.137+08:00,0.122376,0.192841,0.079861,4.0473197e-06,2026-08-15T17:29:15.283+08:00,8.141,0.10482561588287354
1821,40,2026-08-15T17:29:21.352+08:00,0.089115,0.289416,0.147024,4.0068465e-06,2026-08-15T17:29:29.487+08:00,8.129,1.5960278511047363
1822,40,2026-08-15T17:29:35.540+08:00,0.115046,0.213956,0.111607,4.0068465e-06,2026-08-15T17:29:43.699+08:00,8.152,-1.7195531129837036
1823,40,2026-08-15T17:29:49.757+08:00,0.265873,0.333181,0.053571,4.0068465e-06,2026-08-15T17:29:57.900+08:00,8.139,1.7327497005462646
1824,40,2026-08-15T17:30:03.932+08:00,0.072903,0.150573,0.056548,4.0068465e-06,2026-08-15T17:30:12.088+08:00,8.15,0.939704179763794
1825,40,2026-08-15T17:30:18.097+08:00,0.05866,0.117361,0.081389,4.0068465e-06,2026-08-15T17:30:26.257+08:00,8.153,1.2286607027053833
1826,40,2026-08-15T17:30:32.443+08:00,0.151245,0.231056,0.055556,4.0068465e-06,2026-08-15T17:30:40.608+08:00,8.159,0.5392764210700989
1827,40,2026-08-15T17:30:46.769+08:00,0.208437,0.227049,0.048469,4.0068465e-06,2026-08-15T17:30:54.922+08:00,8.147,1.2094765901565552
1828,40,2026-08-15T17:31:01.153+08:00,0.117119,0.161689,0.054688,4.0068465e-06,2026-08-15T17:31:09.313+08:00,8.139,1.7134766578674316
1829,40,2026-08-15T17:31:15.358+08:00,0.060819,0.068099,0.064137,4.0068465e-06,2026-08-15T17:31:23.510+08:00,8.147,-0.20150163769721985
1830,40,2026-08-15T17:31:29.531+08:00,0.062626,0.096103,0.066667,4.0068465e-06,2026-08-15T17:31:37.685+08:00,8.148,1.7057485580444336
1831,40,2026-08-15T17:31:43.730+08:00,0.254869,0.25668,0.013158,4.0068465e-06,2026-08-15T17:31:51.880+08:00,8.144,1.548159122467041
1832,40,2026-08-15T17:31:57.970+08:00,0.151803,0.258004,0.133333,4.0068465e-06,2026-08-15T17:32:06.128+08:00,8.152,1.7612433433532715
1833,40,2026-08-15T17:32:12.200+08:00,0.059155,0.13148,0.136012,4.0068465e-06,2026-08-15T17:32:20.353+08:00,8.147,0.5859987139701843
1834,40,2026-08-15T17:32:26.417+08:00,0.096763,0.148549,0.125,4.0068465e-06,2026-08-15T17:32:34.581+08:00,8.158,0.8947293758392334
1835,40,2026-08-15T17:32:40.700+08:00,0.061344,0.11333,0.075126,4.0068465e-06,2026-08-15T17:32:48.867+08:00,8.161,3.7678160667419434
1836,40,2026-08-15T17:32:55.027+08:00,0.028535,0.136382,0.157769,4.0068465e-06,2026-08-15T17:33:03.197+08:00,8.164,0.8307979702949524
1837,40,2026-08-15T17:33:09.305+08:00,0.193742,0.340433,0.169886,4.0068465e-06,2026-08-15T17:33:17.465+08:00,8.154,0.7062811255455017
1838,40,2026-08-15T17:33:23.538+08:00,0.142186,0.251561,0.083333,4.0068465e-06,2026-08-15T17:33:31.695+08:00,8.151,0.40434199571609497
1839,40,2026-08-15T17:33:37.722+08:00,0.092615,0.267593,0.1125,4.0068465e-06,2026-08-15T17:33:45.864+08:00,8.136,1.2244770526885986
1840,40,2026-08-15T17:33:51.932+08:00,0.134975,0.155808,0.069444,4.0068465e-06,2026-08-15T17:34:00.068+08:00,8.132,1.4754549264907837
1841,40,2026-08-15T17:34:06.198+08:00,0.15745,0.385227,0.240451,3.9667781e-06,2026-08-15T17:34:14.345+08:00,8.142,1.4473474025726318
1842,40,2026-08-15T17:34:20.421+08:00,0.036434,0.134841,0.141667,3.9667781e-06,2026-08-15T17:34:28.571+08:00,8.144,3.24495005607605
1843,40,2026-08-15T17:34:34.640+08:00,0.105187,0.219697,0.080357,3.9667781e-06,2026-08-15T17:34:42.801+08:00,8.156,2.5153379440307617
1844,40,2026-08-15T17:34:48.940+08:00,0.101848,0.175306,0.072917,3.9667781e-06,2026-08-15T17:34:57.098+08:00,8.151,0.45001012086868286
1845,40,2026-08-15T17:35:03.216+08:00,0.150899,0.169961,0.040057,3.9667781e-06,2026-08-15T17:35:11.382+08:00,8.16,3.648916244506836
1846,40,2026-08-15T17:35:17.511+08:00,0.130143,0.130143,0.0,3.9667781e-06,2026-08-15T17:35:25.678+08:00,8.162,0.5573923587799072
1847,40,2026-08-15T17:35:31.711+08:00,0.090179,0.290179,0.208333,3.9667781e-06,2026-08-15T17:35:39.871+08:00,8.154,0.16911298036575317
1848,40,2026-08-15T17:35:45.897+08:00,0.208931,0.466504,0.247917,3.9667781e-06,2026-08-15T17:35:54.034+08:00,8.132,0.8699114322662354
1849,40,2026-08-15T17:36:00.060+08:00,0.16907,0.29391,0.081731,3.9667781e-06,2026-08-15T17:36:08.221+08:00,8.15,0.08994556963443756
1850,40,2026-08-15T17:36:14.372+08:00,0.147543,0.232817,0.090278,3.9667781e-06,2026-08-15T17:36:22.529+08:00,8.152,1.4261558055877686
1851,40,2026-08-15T17:36:29.096+08:00,0.135385,0.141614,0.017857,3.9667781e-06,2026-08-15T17:36:37.246+08:00,8.145,2.806563377380371
1852,40,2026-08-15T17:36:43.429+08:00,0.244225,0.258374,0.03181,3.9667781e-06,2026-08-15T17:36:51.590+08:00,8.155,0.6258834600448608
1853,40,2026-08-15T17:36:57.749+08:00,0.120949,0.321396,0.176428,3.9667781e-06,2026-08-15T17:37:05.913+08:00,8.158,2.291653633117676
1854,40,2026-08-15T17:37:12.026+08:00,0.056831,0.098498,0.09375,3.9667781e-06,2026-08-15T17:37:20.188+08:00,8.156,0.15099778771400452
1855,40,2026-08-15T17:37:26.351+08:00,0.126291,0.323985,0.113782,3.9667781e-06,2026-08-15T17:37:34.505+08:00,8.148,0.7135895490646362
1856,40,2026-08-15T17:37:40.565+08:00,0.049225,0.145683,0.13244,3.9667781e-06,2026-08-15T17:37:48.706+08:00,8.135,1.9535713195800781
1857,40,2026-08-15T17:37:54.739+08:00,0.309931,0.330897,0.052152,3.9667781e-06,2026-08-15T17:38:02.890+08:00,8.145,1.042922019958496
1858,40,2026-08-15T17:38:08.998+08:00,0.109146,0.150813,0.041667,3.9667781e-06,2026-08-15T17:38:17.144+08:00,8.14,0.16505694389343262
1859,40,2026-08-15T17:38:23.261+08:00,0.105648,0.233238,0.075,3.9667781e-06,2026-08-15T17:38:31.414+08:00,8.148,3.1283769607543945
1860,40,2026-08-15T17:38:37.508+08:00,0.172964,0.226535,0.070312,3.9667781e-06,2026-08-15T17:38:45.659+08:00,8.146,1.5918444395065308
1861,40,2026-08-15T17:38:51.890+08:00,0.05067,0.164211,0.204167,3.9271103e-06,2026-08-15T17:39:00.045+08:00,8.149,2.1764583587646484
1862,40,2026-08-15T17:39:06.124+08:00,0.269515,0.287401,0.051282,3.9271103e-06,2026-08-15T17:39:14.263+08:00,8.134,0.7073918581008911
1863,40,2026-08-15T17:39:20.485+08:00,0.023283,0.048454,0.063119,3.9271103e-06,2026-08-15T17:39:28.606+08:00,8.116,0.5942020416259766
1864,40,2026-08-15T17:39:34.662+08:00,0.027779,0.118056,0.158443,3.9271103e-06,2026-08-15T17:39:42.800+08:00,8.133,0.24528741836547852
1865,40,2026-08-15T17:39:48.817+08:00,0.013409,0.125079,0.146795,3.9271103e-06,2026-08-15T17:39:56.969+08:00,8.146,-0.2115868628025055
1866,40,2026-08-15T17:40:02.964+08:00,0.103858,0.207246,0.097459,3.9271103e-06,2026-08-15T17:40:11.112+08:00,8.142,0.3569040298461914
1867,40,2026-08-15T17:40:17.141+08:00,0.217736,0.234402,0.03125,3.9271103e-06,2026-08-15T17:40:25.289+08:00,8.142,-0.2511756420135498
1868,40,2026-08-15T17:40:31.347+08:00,0.078435,0.165935,0.104167,3.9271103e-06,2026-08-15T17:40:39.507+08:00,8.154,3.0612587928771973
1869,40,2026-08-15T17:40:45.566+08:00,0.092125,0.322351,0.270411,3.9271103e-06,2026-08-15T17:40:53.729+08:00,8.157,0.8099759817123413
1870,40,2026-08-15T17:41:00.042+08:00,0.128671,0.236458,0.109375,3.9271103e-06,2026-08-15T17:41:08.159+08:00,8.111,1.2295312881469727
1871,40,2026-08-15T17:41:14.425+08:00,0.121105,0.270509,0.16875,3.9271103e-06,2026-08-15T17:41:22.583+08:00,8.152,-1.094151258468628
1872,40,2026-08-15T17:41:28.869+08:00,0.164307,0.23979,0.066877,3.9271103e-06,2026-08-15T17:41:37.027+08:00,8.152,3.7617359161376953
1873,40,2026-08-15T17:41:43.385+08:00,0.236522,0.321909,0.179167,3.9271103e-06,2026-08-15T17:41:51.539+08:00,8.147,-0.8215330839157104
1874,40,2026-08-15T17:41:57.797+08:00,0.05196,0.249425,0.249107,3.9271103e-06,2026-08-15T17:42:05.932+08:00,8.13,1.2901575565338135
1875,40,2026-08-15T17:42:12.051+08:00,0.156828,0.17997,0.078472,3.9271103e-06,2026-08-15T17:42:20.203+08:00,8.145,-1.2375195026397705
1876,40,2026-08-15T17:42:26.413+08:00,0.02007,0.030555,0.034722,3.9271103e-06,2026-08-15T17:42:34.567+08:00,8.148,1.255188226699829
1877,40,2026-08-15T17:42:40.745+08:00,0.151071,0.18964,0.094823,3.9271103e-06,2026-08-15T17:42:48.908+08:00,8.156,-0.5853563547134399
1878,40,2026-08-15T17:42:55.065+08:00,0.143939,0.20867,0.077381,3.9271103e-06,2026-08-15T17:43:03.225+08:00,8.155,1.7044010162353516
1879,40,2026-08-15T17:43:09.423+08:00,0.295039,0.421832,0.161458,3.9271103e-06,2026-08-15T17:43:17.562+08:00,8.133,1.8359928131103516
1880,40,2026-08-15T17:43:23.622+08:00,0.325673,0.436946,0.047426,3.9271103e-06,2026-08-15T17:43:31.773+08:00,8.145,1.7525811195373535
1881,40,2026-08-15T17:43:37.864+08:00,0.180781,0.311705,0.177083,3.8878392e-06,2026-08-15T17:43:45.999+08:00,8.129,1.9729212522506714
1882,40,2026-08-15T17:43:52.057+08:00,0.058607,0.267212,0.149199,3.8878392e-06,2026-08-15T17:44:00.210+08:00,8.147,1.2668612003326416
1883,40,2026-08-15T17:44:06.280+08:00,0.085651,0.175051,0.064732,3.8878392e-06,2026-08-15T17:44:14.425+08:00,8.141,0.049928128719329834
1884,40,2026-08-15T17:44:20.491+08:00,0.184563,0.2042,0.008929,3.8878392e-06,2026-08-15T17:44:28.636+08:00,8.139,2.6355597972869873
1885,40,2026-08-15T17:44:35.175+08:00,0.134201,0.134201,0.002155,3.8878392e-06,2026-08-15T17:44:43.337+08:00,8.139,1.6670763492584229
1886,40,2026-08-15T17:44:49.388+08:00,0.121561,0.121561,0.025246,3.8878392e-06,2026-08-15T17:44:57.541+08:00,8.147,0.14126145839691162
1887,40,2026-08-15T17:45:03.577+08:00,0.087612,0.285119,0.112088,3.8878392e-06,2026-08-15T17:45:11.719+08:00,8.136,-0.05156207084655762
1888,40,2026-08-15T17:45:17.753+08:00,0.09758,0.19308,0.140625,3.8878392e-06,2026-08-15T17:45:25.909+08:00,8.148,-0.8271100521087646
1889,40,2026-08-15T17:45:31.911+08:00,0.003253,0.066599,0.161364,3.8878392e-06,2026-08-15T17:45:40.064+08:00,8.147,-0.035562217235565186
1890,40,2026-08-15T17:45:46.116+08:00,0.0348,0.09895,0.136977,3.8878392e-06,2026-08-15T17:45:54.269+08:00,8.147,-0.050220608711242676
1891,40,2026-08-15T17:46:00.301+08:00,0.159427,0.250839,0.108456,3.8878392e-06,2026-08-15T17:46:08.445+08:00,8.139,1.425094485282898
1892,40,2026-08-15T17:46:14.478+08:00,0.207134,0.242848,0.065104,3.8878392e-06,2026-08-15T17:46:22.629+08:00,8.145,-0.29354244470596313
1893,40,2026-08-15T17:46:28.665+08:00,0.219939,0.308828,0.09375,3.8878392e-06,2026-08-15T17:46:36.811+08:00,8.142,1.5981316566467285
1894,40,2026-08-15T17:46:42.927+08:00,0.124133,0.161617,0.073127,3.8878392e-06,2026-08-15T17:46:51.073+08:00,8.139,2.2067298889160156
1895,40,2026-08-15T17:46:57.099+08:00,0.091197,0.091197,0.027778,3.8878392e-06,2026-08-15T17:47:05.235+08:00,8.13,-0.8865379691123962
1896,40,2026-08-15T17:47:11.344+08:00,0.147244,0.188911,0.041667,3.8878392e-06,2026-08-15T17:47:19.493+08:00,8.144,0.9658610820770264
1897,40,2026-08-15T17:47:25.636+08:00,0.052083,0.284062,0.2625,3.8878392e-06,2026-08-15T17:47:33.769+08:00,8.128,0.3392751216888428
1898,40,2026-08-15T17:47:39.912+08:00,0.193586,0.252107,0.087302,3.8878392e-06,2026-08-15T17:47:48.062+08:00,8.144,-1.4816792011260986
1899,40,2026-08-15T17:47:54.104+08:00,0.014277,0.181612,0.140241,3.8878392e-06,2026-08-15T17:48:02.249+08:00,8.137,0.07737988233566284
1900,40,2026-08-15T17:48:08.266+08:00,0.069473,0.268427,0.066349,3.8878392e-06,2026-08-15T17:48:16.418+08:00,8.146,-0.6893348097801208
1901,40,2026-08-15T17:48:22.488+08:00,0.065483,0.250591,0.136175,3.8489608e-06,2026-08-15T17:48:30.633+08:00,8.14,2.948685646057129
1902,40,2026-08-15T17:48:36.725+08:00,0.279832,0.375664,0.114583,3.8489608e-06,2026-08-15T17:48:44.856+08:00,8.126,2.4723522663116455
1903,40,2026-08-15T17:48:50.892+08:00,0.116699,0.134497,0.017857,3.8489608e-06,2026-08-15T17:48:59.036+08:00,8.138,-0.12778204679489136
1904,40,2026-08-15T17:49:05.098+08:00,0.102307,0.199683,0.068117,3.8489608e-06,2026-08-15T17:49:13.230+08:00,8.127,1.477534294128418
1905,40,2026-08-15T17:49:19.449+08:00,0.167044,0.204645,0.092617,3.8489608e-06,2026-08-15T17:49:27.596+08:00,8.142,0.0166475772857666
1906,40,2026-08-15T17:49:33.789+08:00,0.022033,0.17174,0.155449,3.8489608e-06,2026-08-15T17:49:41.934+08:00,8.139,-0.31360143423080444
1907,40,2026-08-15T17:49:48.142+08:00,0.054863,0.192363,0.166667,3.8489608e-06,2026-08-15T17:49:56.295+08:00,8.147,1.5177621841430664
1908,40,2026-08-15T17:50:02.438+08:00,0.072873,0.309859,0.166088,3.8489608e-06,2026-08-15T17:50:10.577+08:00,8.133,3.334099054336548
1909,40,2026-08-15T17:50:16.559+08:00,0.029142,0.076602,0.131746,3.8489608e-06,2026-08-15T17:50:24.708+08:00,8.142,0.6942552328109741
1910,40,2026-08-15T17:50:30.754+08:00,0.023864,0.066552,0.059375,3.8489608e-06,2026-08-15T17:50:38.899+08:00,8.14,3.91058087348938
1911,40,2026-08-15T17:50:44.937+08:00,0.097929,0.156845,0.141369,3.8489608e-06,2026-08-15T17:50:53.079+08:00,8.137,-0.6567650437355042
1912,40,2026-08-15T17:50:59.148+08:00,0.074495,0.24828,0.1625,3.8489608e-06,2026-08-15T17:51:07.286+08:00,8.133,0.5453505516052246
1913,40,2026-08-15T17:51:13.298+08:00,0.075308,0.142147,0.052579,3.8489608e-06,2026-08-15T17:51:21.450+08:00,8.147,0.575327455997467
1914,40,2026-08-15T17:51:27.554+08:00,0.031519,0.109644,0.069444,3.8489608e-06,2026-08-15T17:51:35.704+08:00,8.144,0.9205600023269653
1915,40,2026-08-15T17:51:41.869+08:00,0.144931,0.280889,0.041532,3.8489608e-06,2026-08-15T17:51:50.028+08:00,8.153,0.987147867679596
1916,40,2026-08-15T17:51:56.258+08:00,0.191666,0.316666,0.135417,3.8489608e-06,2026-08-15T17:52:04.415+08:00,8.151,1.2735135555267334
1917,40,2026-08-15T17:52:10.724+08:00,0.12693,0.161919,0.034722,3.8489608e-06,2026-08-15T17:52:18.870+08:00,8.141,-0.05594414472579956
1918,40,2026-08-15T17:52:25.073+08:00,0.075054,0.075054,0.0,3.8489608e-06,2026-08-15T17:52:33.231+08:00,8.152,0.7012230753898621
1919,40,2026-08-15T17:52:39.323+08:00,0.167113,0.217113,0.0875,3.8489608e-06,2026-08-15T17:52:47.458+08:00,8.129,1.244092583656311
1920,40,2026-08-15T17:52:54.055+08:00,0.265901,0.268176,0.006944,3.8489608e-06,2026-08-15T17:53:02.183+08:00,8.122,1.8401857614517212
1921,40,2026-08-15T17:53:08.243+08:00,0.133781,0.19627,0.116477,3.8104712e-06,2026-08-15T17:53:16.374+08:00,8.125,0.14606380462646484
1922,40,2026-08-15T17:53:22.432+08:00,0.172721,0.172721,0.0,3.8104712e-06,2026-08-15T17:53:30.576+08:00,8.139,0.1199173629283905
1923,40,2026-08-15T17:53:36.668+08:00,0.040989,0.092205,0.046875,3.8104712e-06,2026-08-15T17:53:44.818+08:00,8.145,-0.9243483543395996
1924,40,2026-08-15T17:53:50.915+08:00,0.075168,0.188413,0.091146,3.8104712e-06,2026-08-15T17:53:59.068+08:00,8.147,1.4482457637786865
1925,40,2026-08-15T17:54:05.231+08:00,0.220422,0.342014,0.073864,3.8104712e-06,2026-08-15T17:54:13.384+08:00,8.144,2.9146714210510254
1926,40,2026-08-15T17:54:19.622+08:00,0.119652,0.187566,0.049479,3.8104712e-06,2026-08-15T17:54:27.751+08:00,8.123,0.4943197965621948
1927,40,2026-08-15T17:54:33.944+08:00,0.020171,0.296957,0.28625,3.8104712e-06,2026-08-15T17:54:42.088+08:00,8.138,-1.0735583305358887
1928,40,2026-08-15T17:54:48.312+08:00,0.025381,0.226488,0.330556,3.8104712e-06,2026-08-15T17:54:56.459+08:00,8.141,-1.2839529514312744
1929,40,2026-08-15T17:55:02.710+08:00,0.138096,0.160823,0.03125,3.8104712e-06,2026-08-15T17:55:10.865+08:00,8.149,1.764094591140747
1930,40,2026-08-15T17:55:17.033+08:00,0.106297,0.397242,0.258929,3.8104712e-06,2026-08-15T17:55:25.183+08:00,8.143,-0.56521075963974
1931,40,2026-08-15T17:55:31.446+08:00,0.040295,0.05592,0.092411,3.8104712e-06,2026-08-15T17:55:39.594+08:00,8.142,0.5565850734710693
1932,40,2026-08-15T17:55:45.851+08:00,0.125092,0.174788,0.043356,3.8104712e-06,2026-08-15T17:55:54.011+08:00,8.154,0.3199726939201355
1933,40,2026-08-15T17:56:00.201+08:00,0.129437,0.167987,0.045139,3.8104712e-06,2026-08-15T17:56:08.354+08:00,8.148,2.36417293548584
1934,40,2026-08-15T17:56:14.579+08:00,0.088545,0.249089,0.202083,3.8104712e-06,2026-08-15T17:56:22.712+08:00,8.127,1.6733309030532837
1935,40,2026-08-15T17:56:28.795+08:00,0.131284,0.404951,0.1375,3.8104712e-06,2026-08-15T17:56:36.935+08:00,8.134,2.605268716812134
1936,40,2026-08-15T17:56:43.030+08:00,0.080609,0.219465,0.073611,3.8104712e-06,2026-08-15T17:56:51.183+08:00,8.147,-0.2930404245853424
1937,40,2026-08-15T17:56:57.489+08:00,0.201352,0.243637,0.064167,3.8104712e-06,2026-08-15T17:57:05.641+08:00,8.146,-1.1214503049850464
1938,40,2026-08-15T17:57:11.731+08:00,0.008593,0.265141,0.276786,3.8104712e-06,2026-08-15T17:57:19.876+08:00,8.139,1.4236419200897217
1939,40,2026-08-15T17:57:25.932+08:00,0.134723,0.199826,0.21875,3.8104712e-06,2026-08-15T17:57:34.079+08:00,8.141,0.8105641007423401
1940,40,2026-08-15T17:57:40.424+08:00,0.203187,0.284139,0.109681,3.8104712e-06,2026-08-15T17:57:48.568+08:00,8.139,2.8251523971557617
1941,40,2026-08-15T17:57:54.722+08:00,0.098981,0.225852,0.11875,3.7723665e-06,2026-08-15T17:58:02.868+08:00,8.14,1.0886125564575195
1942,40,2026-08-15T17:58:09.119+08:00,0.127778,0.258897,0.140179,3.7723665e-06,2026-08-15T17:58:17.258+08:00,8.134,0.7486084699630737
1943,40,2026-08-15T17:58:23.318+08:00,0.073075,0.308476,0.263158,3.7723665e-06,2026-08-15T17:58:31.452+08:00,8.111,0.6786082983016968
1944,40,2026-08-15T17:58:37.478+08:00,0.262311,0.309186,0.075,3.7723665e-06,2026-08-15T17:58:45.610+08:00,8.127,-0.07024157047271729
1945,40,2026-08-15T17:58:51.683+08:00,0.068641,0.205556,0.184872,3.7723665e-06,2026-08-15T17:58:59.790+08:00,8.101,-1.7760202884674072
1946,40,2026-08-15T17:59:05.922+08:00,0.067886,0.206972,0.15119,3.7723665e-06,2026-08-15T17:59:14.071+08:00,8.144,1.1505720615386963
1947,40,2026-08-15T17:59:20.286+08:00,0.246831,0.316433,0.116667,3.7723665e-06,2026-08-15T17:59:28.437+08:00,8.145,1.6938703060150146
1948,40,2026-08-15T17:59:34.474+08:00,0.142081,0.188956,0.054167,3.7723665e-06,2026-08-15T17:59:42.620+08:00,8.14,-2.447740316390991
1949,40,2026-08-15T17:59:48.739+08:00,0.138787,0.261134,0.159615,3.7723665e-06,2026-08-15T17:59:56.883+08:00,8.138,0.5154026746749878
1950,40,2026-08-15T18:00:02.979+08:00,0.025026,0.171875,0.216667,3.7723665e-06,2026-08-15T18:00:11.059+08:00,8.075,-1.9607973098754883
1951,40,2026-08-15T18:00:17.195+08:00,0.038973,0.039264,0.001812,3.7723665e-06,2026-08-15T18:00:25.342+08:00,8.139,-0.18766340613365173
1952,40,2026-08-15T18:00:31.538+08:00,0.089841,0.182532,0.174107,3.7723665e-06,2026-08-15T18:00:39.677+08:00,8.134,1.356534719467163
1953,40,2026-08-15T18:00:45.767+08:00,0.16465,0.184367,0.047619,3.7723665e-06,2026-08-15T18:00:53.910+08:00,8.137,0.6974888443946838
1954,40,2026-08-15T18:00:59.930+08:00,0.113478,0.279684,0.15625,3.7723665e-06,2026-08-15T18:01:08.072+08:00,8.136,0.855018138885498
1955,40,2026-08-15T18:01:14.660+08:00,0.112428,0.452889,0.264583,3.7723665e-06,2026-08-15T18:01:22.798+08:00,8.133,-0.7211562395095825
1956,40,2026-08-15T18:01:28.875+08:00,0.172625,0.374568,0.193452,3.7723665e-06,2026-08-15T18:01:37.013+08:00,8.133,1.5098376274108887
1957,40,2026-08-15T18:01:43.032+08:00,0.059194,0.353799,0.245887,3.7723665e-06,2026-08-15T18:01:51.180+08:00,8.143,-0.10844650864601135
1958,40,2026-08-15T18:01:57.321+08:00,0.066975,0.167465,0.061058,3.7723665e-06,2026-08-15T18:02:05.472+08:00,8.145,-0.20369800925254822
1959,40,2026-08-15T18:02:11.624+08:00,0.120285,0.189274,0.095982,3.7723665e-06,2026-08-15T18:02:19.769+08:00,8.139,1.5908762216567993
1960,40,2026-08-15T18:02:26.078+08:00,0.176861,0.177537,0.065407,3.7723665e-06,2026-08-15T18:02:34.210+08:00,8.126,2.0818872451782227
1961,40,2026-08-15T18:02:40.381+08:00,0.115456,0.269729,0.170139,3.7346428e-06,2026-08-15T18:02:48.504+08:00,8.118,-0.17682987451553345
1962,40,2026-08-15T18:02:54.593+08:00,0.16994,0.248828,0.086806,3.7346428e-06,2026-08-15T18:03:02.734+08:00,8.135,2.333331823348999
1963,40,2026-08-15T18:03:08.793+08:00,0.232094,0.365427,0.098214,3.7346428e-06,2026-08-15T18:03:16.931+08:00,8.133,0.9387764930725098
1964,40,2026-08-15T18:03:23.043+08:00,0.114664,0.143509,0.036058,3.7346428e-06,2026-08-15T18:03:31.199+08:00,8.151,0.6491570472717285
1965,40,2026-08-15T18:03:37.321+08:00,0.063667,0.189474,0.232515,3.7346428e-06,2026-08-15T18:03:45.459+08:00,8.133,1.8682459592819214
1966,40,2026-08-15T18:03:51.544+08:00,0.085012,0.085012,0.041667,3.7346428e-06,2026-08-15T18:03:59.698+08:00,8.145,1.5625455379486084
1967,40,2026-08-15T18:04:05.847+08:00,0.072145,0.232291,0.16553,3.7346428e-06,2026-08-15T18:04:13.998+08:00,8.144,1.384565830230713
1968,40,2026-08-15T18:04:20.152+08:00,0.041673,0.24318,0.192235,3.7346428e-06,2026-08-15T18:04:28.306+08:00,8.148,0.5602003335952759
1969,40,2026-08-15T18:04:34.465+08:00,0.050522,0.160691,0.145764,3.7346428e-06,2026-08-15T18:04:42.618+08:00,8.148,0.717176079750061
1970,40,2026-08-15T18:04:48.665+08:00,0.084617,0.109615,0.03125,3.7346428e-06,2026-08-15T18:04:56.808+08:00,8.137,-0.7735949158668518
1971,40,2026-08-15T18:05:02.894+08:00,0.30625,0.341964,0.083333,3.7346428e-06,2026-08-15T18:05:11.034+08:00,8.137,1.6813726425170898
1972,40,2026-08-15T18:05:17.128+08:00,0.098379,0.275442,0.224306,3.7346428e-06,2026-08-15T18:05:25.270+08:00,8.136,1.191711664199829
1973,40,2026-08-15T18:05:31.327+08:00,0.158367,0.220661,0.017857,3.7346428e-06,2026-08-15T18:05:39.472+08:00,8.139,1.377918004989624
1974,40,2026-08-15T18:05:45.497+08:00,0.16709,0.355853,0.160539,3.7346428e-06,2026-08-15T18:05:53.642+08:00,8.139,-2.418491840362549
1975,40,2026-08-15T18:05:59.742+08:00,0.0937,0.198611,0.114583,3.7346428e-06,2026-08-15T18:06:07.893+08:00,8.146,-1.4288814067840576
1976,40,2026-08-15T18:06:13.993+08:00,0.033053,0.178413,0.186384,3.7346428e-06,2026-08-15T18:06:22.142+08:00,8.143,1.2220871448516846
1977,40,2026-08-15T18:06:28.375+08:00,0.06855,0.254968,0.1875,3.7346428e-06,2026-08-15T18:06:36.530+08:00,8.15,0.7591438293457031
1978,40,2026-08-15T18:06:42.667+08:00,0.053455,0.095068,0.052083,3.7346428e-06,2026-08-15T18:06:50.823+08:00,8.151,1.2634080648422241
1979,40,2026-08-15T18:06:56.953+08:00,0.093501,0.105146,0.013932,3.7346428e-06,2026-08-15T18:07:05.101+08:00,8.142,2.9223709106445312
1980,40,2026-08-15T18:07:11.213+08:00,0.106162,0.226176,0.089257,3.7346428e-06,2026-08-15T18:07:19.362+08:00,8.145,1.7412590980529785
1981,40,2026-08-15T18:07:25.430+08:00,0.027631,0.235411,0.1625,3.6972964e-06,2026-08-15T18:07:33.576+08:00,8.14,1.8360974788665771
1982,40,2026-08-15T18:07:39.614+08:00,0.113052,0.275347,0.113095,3.6972964e-06,2026-08-15T18:07:47.758+08:00,8.138,0.06052243709564209
1983,40,2026-08-15T18:07:53.821+08:00,0.166245,0.166875,0.068481,3.6972964e-06,2026-08-15T18:08:01.976+08:00,8.15,0.520854115486145
1984,40,2026-08-15T18:08:08.067+08:00,0.21792,0.243219,0.072173,3.6972964e-06,2026-08-15T18:08:16.225+08:00,8.152,-0.4021780788898468
1985,40,2026-08-15T18:08:22.271+08:00,0.095282,0.271577,0.174479,3.6972964e-06,2026-08-15T18:08:30.412+08:00,8.135,0.759864091873169
1986,40,2026-08-15T18:08:36.540+08:00,0.109275,0.163715,0.047917,3.6972964e-06,2026-08-15T18:08:44.691+08:00,8.142,0.3580408990383148
1987,40,2026-08-15T18:08:50.809+08:00,0.169182,0.169182,0.0,3.6972964e-06,2026-08-15T18:08:58.950+08:00,8.135,1.6159181594848633
1988,40,2026-08-15T18:09:05.029+08:00,0.169444,0.248637,0.160714,3.6972964e-06,2026-08-15T18:09:13.174+08:00,8.139,1.7251583337783813
1989,40,2026-08-15T18:09:19.141+08:00,0.026922,0.41369,0.273214,3.6972964e-06,2026-08-15T18:09:27.278+08:00,8.131,-0.19445466995239258
1990,40,2026-08-15T18:09:33.741+08:00,0.052265,0.070752,0.040705,3.6972964e-06,2026-08-15T18:09:41.882+08:00,8.136,2.3361377716064453
1991,40,2026-08-15T18:09:47.882+08:00,0.357143,0.357143,0.0,3.6972964e-06,2026-08-15T18:09:56.025+08:00,8.137,2.9553308486938477
1992,40,2026-08-15T18:10:02.097+08:00,0.097679,0.118512,0.095833,3.6972964e-06,2026-08-15T18:10:10.247+08:00,8.144,0.7538899183273315
1993,40,2026-08-15T18:10:16.337+08:00,0.254266,0.261205,0.005952,3.6972964e-06,2026-08-15T18:10:24.489+08:00,8.146,1.8091661930084229
1994,40,2026-08-15T18:10:30.655+08:00,0.140426,0.199645,0.032813,3.6972964e-06,2026-08-15T18:10:38.797+08:00,8.136,-0.24286755919456482
1995,40,2026-08-15T18:10:45.012+08:00,0.160331,0.196045,0.053571,3.6972964e-06,2026-08-15T18:10:53.151+08:00,8.134,2.176358699798584
1996,40,2026-08-15T18:10:59.317+08:00,0.11017,0.114739,0.062646,3.6972964e-06,2026-08-15T18:11:07.461+08:00,8.138,0.8238147497177124
1997,40,2026-08-15T18:11:13.526+08:00,0.056662,0.100694,0.104221,3.6972964e-06,2026-08-15T18:11:21.664+08:00,8.132,1.1077470779418945
1998,40,2026-08-15T18:11:27.744+08:00,0.157646,0.296907,0.063447,3.6972964e-06,2026-08-15T18:11:35.888+08:00,8.138,1.8787107467651367
1999,40,2026-08-15T18:11:41.976+08:00,0.254723,0.275772,0.042691,3.6972964e-06,2026-08-15T18:11:50.112+08:00,8.13,0.46485698223114014
2000,40,2026-08-15T18:11:56.221+08:00,0.158003,0.30642,0.173306,3.6972964e-06,2026-08-15T18:12:04.378+08:00,8.135,-0.9875404834747314
2001,40,2026-08-15T18:12:13.733+08:00,0.056902,0.134657,0.065179,3.6603234e-06,2026-08-15T18:12:21.889+08:00,8.149,2.5528721809387207
2002,40,2026-08-15T18:12:28.282+08:00,0.13975,0.13975,0.0,3.6603234e-06,2026-08-15T18:12:36.433+08:00,8.145,-0.550743043422699
2003,40,2026-08-15T18:12:42.803+08:00,0.206672,0.34417,0.08125,3.6603234e-06,2026-08-15T18:12:50.954+08:00,8.145,-1.1373872756958008
2004,40,2026-08-15T18:12:57.328+08:00,0.106557,0.147991,0.125,3.6603234e-06,2026-08-15T18:13:05.465+08:00,8.131,-0.7644691467285156
2005,40,2026-08-15T18:13:11.833+08:00,0.001607,0.089956,0.102083,3.6603234e-06,2026-08-15T18:13:19.971+08:00,8.132,0.13824433088302612
2006,40,2026-08-15T18:13:26.250+08:00,0.16598,0.237409,0.0625,3.6603234e-06,2026-08-15T18:13:34.386+08:00,8.13,0.31040439009666443
2007,40,2026-08-15T18:13:40.651+08:00,0.06178,0.236687,0.106399,3.6603234e-06,2026-08-15T18:13:48.790+08:00,8.134,1.2150708436965942
2008,40,2026-08-15T18:13:55.069+08:00,0.151113,0.22403,0.09375,3.6603234e-06,2026-08-15T18:14:03.210+08:00,8.135,1.3888380527496338
2009,40,2026-08-15T18:14:09.484+08:00,0.080278,0.212741,0.103755,3.6603234e-06,2026-08-15T18:14:17.625+08:00,8.135,0.3398820161819458
2010,40,2026-08-15T18:14:23.871+08:00,0.164583,0.364583,0.15625,3.6603234e-06,2026-08-15T18:14:32.009+08:00,8.132,0.6369984745979309
2011,40,2026-08-15T18:14:38.401+08:00,0.010168,0.24394,0.285913,3.6603234e-06,2026-08-15T18:14:46.548+08:00,8.141,-0.13906508684158325
2012,40,2026-08-15T18:14:52.940+08:00,0.143792,0.243792,0.041667,3.6603234e-06,2026-08-15T18:15:01.082+08:00,8.136,0.07318073511123657
2013,40,2026-08-15T18:15:07.372+08:00,0.065486,0.151135,0.118182,3.6603234e-06,2026-08-15T18:15:15.506+08:00,8.128,1.3221954107284546
2014,40,2026-08-15T18:15:21.848+08:00,0.209602,0.394261,0.125,3.6603234e-06,2026-08-15T18:15:29.984+08:00,8.131,1.6328595876693726
2015,40,2026-08-15T18:15:36.259+08:00,0.167316,0.270486,0.072917,3.6603234e-06,2026-08-15T18:15:44.408+08:00,8.143,1.9432233572006226
2016,40,2026-08-15T18:15:50.632+08:00,0.048584,0.26429,0.1539,3.6603234e-06,2026-08-15T18:15:58.767+08:00,8.13,-0.6173235177993774
2017,40,2026-08-15T18:16:04.990+08:00,0.078514,0.199988,0.135417,3.6603234e-06,2026-08-15T18:16:13.137+08:00,8.14,0.2523295283317566
2018,40,2026-08-15T18:16:19.532+08:00,0.097939,0.370626,0.274945,3.6603234e-06,2026-08-15T18:16:27.666+08:00,8.128,-0.2703181505203247
2019,40,2026-08-15T18:16:33.989+08:00,0.154039,0.167221,0.018929,3.6603234e-06,2026-08-15T18:16:42.132+08:00,8.137,1.7315635681152344
2020,40,2026-08-15T18:16:48.431+08:00,0.128221,0.128221,0.027778,3.6603234e-06,2026-08-15T18:16:56.578+08:00,8.141,1.4679921865463257
2021,40,2026-08-15T18:17:02.817+08:00,0.069553,0.226673,0.161458,3.6237202e-06,2026-08-15T18:17:10.958+08:00,8.134,1.1580761671066284
2022,40,2026-08-15T18:17:17.221+08:00,0.030837,0.193426,0.110119,3.6237202e-06,2026-08-15T18:17:25.367+08:00,8.139,-0.15308237075805664
2023,40,2026-08-15T18:17:31.638+08:00,0.097786,0.139453,0.0625,3.6237202e-06,2026-08-15T18:17:39.781+08:00,8.137,1.5453507900238037
2024,40,2026-08-15T18:17:46.053+08:00,0.179505,0.229441,0.020833,3.6237202e-06,2026-08-15T18:17:54.193+08:00,8.134,-0.3701915740966797
2025,40,2026-08-15T18:18:00.887+08:00,0.089893,0.25771,0.211699,3.6237202e-06,2026-08-15T18:18:09.018+08:00,8.125,0.5338559150695801
2026,40,2026-08-15T18:18:15.400+08:00,0.129356,0.234267,0.175245,3.6237202e-06,2026-08-15T18:18:23.549+08:00,8.144,3.729100227355957
2027,40,2026-08-15T18:18:29.977+08:00,0.112231,0.209453,0.125,3.6237202e-06,2026-08-15T18:18:38.129+08:00,8.145,-0.2359887957572937
2028,40,2026-08-15T18:18:44.459+08:00,0.090909,0.419102,0.371074,3.6237202e-06,2026-08-15T18:18:52.601+08:00,8.137,1.7539026737213135
2029,40,2026-08-15T18:18:58.906+08:00,0.058476,0.119918,0.088333,3.6237202e-06,2026-08-15T18:19:07.039+08:00,8.127,2.9393486976623535
2030,40,2026-08-15T18:19:13.285+08:00,0.001434,0.174762,0.157008,3.6237202e-06,2026-08-15T18:19:21.421+08:00,8.131,-0.4782942533493042
2031,40,2026-08-15T18:19:27.723+08:00,0.084771,0.129289,0.041355,3.6237202e-06,2026-08-15T18:19:35.861+08:00,8.132,3.1697278022766113
2032,40,2026-08-15T18:19:42.182+08:00,0.102393,0.167623,0.0625,3.6237202e-06,2026-08-15T18:19:50.306+08:00,8.117,1.609131097793579
2033,40,2026-08-15T18:19:56.575+08:00,0.096307,0.127557,0.068067,3.6237202e-06,2026-08-15T18:20:04.715+08:00,8.135,-0.9545331001281738
2034,40,2026-08-15T18:20:10.948+08:00,0.133091,0.243478,0.09375,3.6237202e-06,2026-08-15T18:20:19.086+08:00,8.133,-0.8399600386619568
2035,40,2026-08-15T18:20:25.352+08:00,0.03804,0.301731,0.229167,3.6237202e-06,2026-08-15T18:20:33.498+08:00,8.14,3.7677297592163086
2036,40,2026-08-15T18:20:39.875+08:00,0.172356,0.243304,0.015625,3.6237202e-06,2026-08-15T18:20:48.007+08:00,8.127,0.7864129543304443
2037,40,2026-08-15T18:20:54.382+08:00,0.171321,0.186363,0.022665,3.6237202e-06,2026-08-15T18:21:02.531+08:00,8.142,-0.7562865018844604
2038,40,2026-08-15T18:21:08.775+08:00,0.122628,0.229771,0.0625,3.6237202e-06,2026-08-15T18:21:16.911+08:00,8.13,0.44270533323287964
2039,40,2026-08-15T18:21:23.124+08:00,0.142766,0.167734,0.03869,3.6237202e-06,2026-08-15T18:21:31.262+08:00,8.132,1.2420234680175781
2040,40,2026-08-15T18:21:37.517+08:00,0.209143,0.254512,0.055357,3.6237202e-06,2026-08-15T18:21:45.638+08:00,8.116,0.4045054018497467
2041,40,2026-08-15T18:21:52.121+08:00,0.226928,0.285252,0.05625,3.587483e-06,2026-08-15T18:22:00.249+08:00,8.123,1.9141955375671387
2042,40,2026-08-15T18:22:06.500+08:00,0.173724,0.363744,0.138799,3.587483e-06,2026-08-15T18:22:14.642+08:00,8.136,0.2104576826095581
2043,40,2026-08-15T18:22:20.978+08:00,0.120945,0.290356,0.11875,3.587483e-06,2026-08-15T18:22:29.118+08:00,8.134,1.0263655185699463
2044,40,2026-08-15T18:22:35.377+08:00,0.103893,0.169097,0.068335,3.587483e-06,2026-08-15T18:22:43.527+08:00,8.145,1.4578648805618286
2045,40,2026-08-15T18:22:49.974+08:00,0.102117,0.102837,0.007515,3.587483e-06,2026-08-15T18:22:58.126+08:00,8.147,1.1674931049346924
2046,40,2026-08-15T18:23:04.414+08:00,0.159754,0.188538,0.036932,3.587483e-06,2026-08-15T18:23:12.557+08:00,8.138,-0.6044599413871765
2047,40,2026-08-15T18:23:18.924+08:00,0.084062,0.249967,0.196286,3.587483e-06,2026-08-15T18:23:27.082+08:00,8.152,0.2244848906993866
2048,40,2026-08-15T18:23:33.417+08:00,0.06907,0.23096,0.051103,3.587483e-06,2026-08-15T18:23:41.558+08:00,8.135,1.630779504776001
2049,40,2026-08-15T18:23:48.011+08:00,0.031329,0.105277,0.078125,3.587483e-06,2026-08-15T18:23:56.158+08:00,8.141,0.22783374786376953
2050,40,2026-08-15T18:24:02.603+08:00,0.046357,0.150718,0.095063,3.587483e-06,2026-08-15T18:24:10.743+08:00,8.134,0.23842597007751465
2051,40,2026-08-15T18:24:17.267+08:00,0.05352,0.153277,0.092174,3.587483e-06,2026-08-15T18:24:25.415+08:00,8.142,-0.3645728826522827
2052,40,2026-08-15T18:24:31.906+08:00,0.183619,0.190193,0.022727,3.587483e-06,2026-08-15T18:24:40.055+08:00,8.144,2.552248954772949
2053,40,2026-08-15T18:24:46.376+08:00,0.146262,0.20876,0.03125,3.587483e-06,2026-08-15T18:24:54.507+08:00,8.125,0.6001476049423218
2054,40,2026-08-15T18:25:00.926+08:00,0.286163,0.436111,0.064394,3.587483e-06,2026-08-15T18:25:09.070+08:00,8.137,0.7022476196289062
2055,40,2026-08-15T18:25:15.320+08:00,0.096945,0.141784,0.105655,3.587483e-06,2026-08-15T18:25:23.460+08:00,8.134,0.09900286793708801
2056,40,2026-08-15T18:25:29.862+08:00,0.145796,0.2112,0.11369,3.587483e-06,2026-08-15T18:25:38.003+08:00,8.136,0.7120809555053711
2057,40,2026-08-15T18:25:44.377+08:00,0.121162,0.171162,0.07003,3.587483e-06,2026-08-15T18:25:52.639+08:00,8.134,-0.318400502204895
2058,40,2026-08-15T18:25:58.856+08:00,0.125275,0.166425,0.117521,3.587483e-06,2026-08-15T18:26:06.999+08:00,8.138,0.7664767503738403
2059,40,2026-08-15T18:26:13.142+08:00,0.022488,0.154171,0.091964,3.587483e-06,2026-08-15T18:26:21.299+08:00,8.151,-1.52237868309021
2060,40,2026-08-15T18:26:28.072+08:00,0.094465,0.202888,0.194715,3.587483e-06,2026-08-15T18:26:36.219+08:00,8.142,-0.5848788619041443
2061,40,2026-08-15T18:26:42.385+08:00,0.075173,0.128745,0.05,3.5516081e-06,2026-08-15T18:26:50.518+08:00,8.128,2.567290782928467
2062,40,2026-08-15T18:26:56.653+08:00,0.063023,0.240699,0.239583,3.5516081e-06,2026-08-15T18:27:04.789+08:00,8.13,0.2179756760597229
2063,40,2026-08-15T18:27:10.875+08:00,0.082449,0.082449,0.008929,3.5516081e-06,2026-08-15T18:27:19.015+08:00,8.134,1.909517526626587
2064,40,2026-08-15T18:27:25.043+08:00,0.226399,0.29458,0.125,3.5516081e-06,2026-08-15T18:27:33.182+08:00,8.133,1.7259104251861572
2065,40,2026-08-15T18:27:39.202+08:00,0.219246,0.321032,0.108631,3.5516081e-06,2026-08-15T18:27:47.333+08:00,8.125,2.1819186210632324
2066,40,2026-08-15T18:27:53.392+08:00,0.190064,0.379309,0.10119,3.5516081e-06,2026-08-15T18:28:01.531+08:00,8.135,0.6312733292579651
2067,40,2026-08-15T18:28:07.625+08:00,0.000325,0.179545,0.177331,3.5516081e-06,2026-08-15T18:28:15.776+08:00,8.145,1.678329348564148
2068,40,2026-08-15T18:28:21.912+08:00,0.081007,0.18831,0.11875,3.5516081e-06,2026-08-15T18:28:30.067+08:00,8.149,1.1851627826690674
2069,40,2026-08-15T18:28:36.237+08:00,0.199119,0.325979,0.314583,3.5516081e-06,2026-08-15T18:28:44.376+08:00,8.133,1.0009260177612305
2070,40,2026-08-15T18:28:50.566+08:00,0.187873,0.188913,0.010952,3.5516081e-06,2026-08-15T18:28:58.709+08:00,8.137,3.8588716983795166
2071,40,2026-08-15T18:29:04.825+08:00,0.024415,0.089071,0.154663,3.5516081e-06,2026-08-15T18:29:12.975+08:00,8.144,0.4796580672264099
2072,40,2026-08-15T18:29:19.084+08:00,0.128612,0.210439,0.054167,3.5516081e-06,2026-08-15T18:29:27.225+08:00,8.135,0.61110520362854
2073,40,2026-08-15T18:29:33.232+08:00,0.224242,0.232573,0.05,3.5516081e-06,2026-08-15T18:29:41.370+08:00,8.133,1.2392003536224365
2074,40,2026-08-15T18:29:47.443+08:00,0.099417,0.260343,0.196429,3.5516081e-06,2026-08-15T18:29:55.578+08:00,8.129,0.5653005838394165
2075,40,2026-08-15T18:30:01.634+08:00,0.116123,0.212599,0.125,3.5516081e-06,2026-08-15T18:30:09.778+08:00,8.138,0.6914737224578857
2076,40,2026-08-15T18:30:15.848+08:00,0.165696,0.296992,0.088542,3.5516081e-06,2026-08-15T18:30:23.986+08:00,8.131,0.10621172189712524
2077,40,2026-08-15T18:30:30.101+08:00,0.018468,0.141144,0.050907,3.5516081e-06,2026-08-15T18:30:38.264+08:00,8.157,0.6088415384292603
2078,40,2026-08-15T18:30:44.420+08:00,0.128064,0.323512,0.060885,3.5516081e-06,2026-08-15T18:30:52.562+08:00,8.136,0.9152190089225769
2079,40,2026-08-15T18:30:58.729+08:00,0.204371,0.275694,0.076389,3.5516081e-06,2026-08-15T18:31:06.867+08:00,8.133,-1.0885331630706787
2080,40,2026-08-15T18:31:12.883+08:00,0.18678,0.192874,0.019345,3.5516081e-06,2026-08-15T18:31:21.008+08:00,8.119,1.265866756439209
2081,40,2026-08-15T18:31:27.071+08:00,0.165449,0.248703,0.10119,3.5160921e-06,2026-08-15T18:31:35.195+08:00,8.119,0.42339909076690674
2082,40,2026-08-15T18:31:41.274+08:00,0.143414,0.192802,0.055556,3.5160921e-06,2026-08-15T18:31:49.397+08:00,8.117,-0.01836562156677246
2083,40,2026-08-15T18:31:55.463+08:00,0.166779,0.319554,0.114583,3.5160921e-06,2026-08-15T18:32:03.587+08:00,8.118,1.1463288068771362
2084,40,2026-08-15T18:32:09.660+08:00,0.153621,0.242873,0.070833,3.5160921e-06,2026-08-15T18:32:17.793+08:00,8.127,1.707690715789795
2085,40,2026-08-15T18:32:23.900+08:00,0.160096,0.313109,0.091984,3.5160921e-06,2026-08-15T18:32:32.035+08:00,8.13,1.658722162246704
2086,40,2026-08-15T18:32:38.158+08:00,0.038739,0.220747,0.112971,3.5160921e-06,2026-08-15T18:32:46.298+08:00,8.135,-0.16715657711029053
2087,40,2026-08-15T18:32:52.342+08:00,0.125047,0.230593,0.059028,3.5160921e-06,2026-08-15T18:33:00.487+08:00,8.139,-0.9990429878234863
2088,40,2026-08-15T18:33:06.607+08:00,0.11632,0.211774,0.126524,3.5160921e-06,2026-08-15T18:33:14.746+08:00,8.133,1.9379361867904663
2089,40,2026-08-15T18:33:20.808+08:00,0.137273,0.165797,0.104167,3.5160921e-06,2026-08-15T18:33:28.949+08:00,8.135,1.3564399480819702
2090,40,2026-08-15T18:33:35.031+08:00,0.117048,0.33131,0.11875,3.5160921e-06,2026-08-15T18:33:43.172+08:00,8.135,2.83170223236084
2091,40,2026-08-15T18:33:49.250+08:00,0.171049,0.258532,0.0875,3.5160921e-06,2026-08-15T18:33:57.397+08:00,8.142,-0.014428257942199707
2092,40,2026-08-15T18:34:03.477+08:00,0.089123,0.157008,0.048833,3.5160921e-06,2026-08-15T18:34:11.626+08:00,8.144,0.24885110557079315
2093,40,2026-08-15T18:34:17.734+08:00,0.204789,0.329514,0.067857,3.5160921e-06,2026-08-15T18:34:25.882+08:00,8.143,1.6821918487548828
2094,40,2026-08-15T18:34:32.589+08:00,0.05634,0.193244,0.188988,3.5160921e-06,2026-08-15T18:34:40.749+08:00,8.154,0.3193848729133606
2095,40,2026-08-15T18:34:46.906+08:00,0.131982,0.404546,0.164637,3.5160921e-06,2026-08-15T18:34:55.065+08:00,8.154,-1.7930878400802612
2096,40,2026-08-15T18:35:01.139+08:00,0.161925,0.333078,0.090179,3.5160921e-06,2026-08-15T18:35:09.265+08:00,8.121,1.057671070098877
2097,40,2026-08-15T18:35:15.298+08:00,0.04919,0.205986,0.291667,3.5160921e-06,2026-08-15T18:35:23.446+08:00,8.144,-0.3415710926055908
2098,40,2026-08-15T18:35:29.526+08:00,0.094281,0.263194,0.198529,3.5160921e-06,2026-08-15T18:35:37.686+08:00,8.154,0.8728377819061279
2099,40,2026-08-15T18:35:43.722+08:00,0.147948,0.340642,0.265625,3.5160921e-06,2026-08-15T18:35:51.865+08:00,8.137,0.19080448150634766
2100,40,2026-08-15T18:35:57.937+08:00,0.005118,0.143095,0.226488,3.5160921e-06,2026-08-15T18:36:06.091+08:00,8.149,-0.26268482208251953
2101,40,2026-08-15T18:36:12.205+08:00,0.156811,0.232596,0.067336,3.4809311e-06,2026-08-15T18:36:20.368+08:00,8.158,3.0802202224731445
2102,40,2026-08-15T18:36:26.466+08:00,0.042041,0.322518,0.272204,3.4809311e-06,2026-08-15T18:36:34.609+08:00,8.137,1.2260911464691162
2103,40,2026-08-15T18:36:40.862+08:00,0.138286,0.144606,0.011029,3.4809311e-06,2026-08-15T18:36:49.023+08:00,8.155,0.07547730207443237
2104,40,2026-08-15T18:36:55.232+08:00,0.126565,0.343229,0.135417,3.4809311e-06,2026-08-15T18:37:03.372+08:00,8.134,1.484973669052124
2105,40,2026-08-15T18:37:09.469+08:00,0.156772,0.370851,0.122024,3.4809311e-06,2026-08-15T18:37:17.604+08:00,8.129,0.4624937176704407
2106,40,2026-08-15T18:37:23.734+08:00,0.088551,0.113543,0.026116,3.4809311e-06,2026-08-15T18:37:31.884+08:00,8.144,0.9460806846618652
2107,40,2026-08-15T18:37:37.961+08:00,0.022145,0.197959,0.327083,3.4809311e-06,2026-08-15T18:37:46.111+08:00,8.144,1.9208307266235352
2108,40,2026-08-15T18:37:52.255+08:00,0.147551,0.192835,0.0625,3.4809311e-06,2026-08-15T18:38:00.403+08:00,8.143,1.6452960968017578
2109,40,2026-08-15T18:38:06.458+08:00,0.04168,0.16668,0.116879,3.4809311e-06,2026-08-15T18:38:14.601+08:00,8.138,3.1396961212158203
2110,40,2026-08-15T18:38:20.771+08:00,0.126404,0.288889,0.18125,3.4809311e-06,2026-08-15T18:38:28.925+08:00,8.149,0.13276071846485138
2111,40,2026-08-15T18:38:35.093+08:00,0.093566,0.095963,0.029914,3.4809311e-06,2026-08-15T18:38:43.251+08:00,8.151,0.7444933652877808
2112,40,2026-08-15T18:38:49.575+08:00,0.14572,0.162462,0.085136,3.4809311e-06,2026-08-15T18:38:57.737+08:00,8.156,-0.5183889865875244
2113,40,2026-08-15T18:39:03.951+08:00,0.25286,0.254175,0.004167,3.4809311e-06,2026-08-15T18:39:12.104+08:00,8.147,0.30586230754852295
2114,40,2026-08-15T18:39:18.182+08:00,0.188492,0.263492,0.10119,3.4809311e-06,2026-08-15T18:39:26.324+08:00,8.124,0.08424925804138184
2115,40,2026-08-15T18:39:32.409+08:00,0.262768,0.290037,0.0125,3.4809311e-06,2026-08-15T18:39:40.556+08:00,8.141,2.272576093673706
2116,40,2026-08-15T18:39:46.640+08:00,0.09674,0.328877,0.19375,3.4809311e-06,2026-08-15T18:39:54.782+08:00,8.137,0.05304378271102905
2117,40,2026-08-15T18:40:00.812+08:00,0.002679,0.121341,0.089322,3.4809311e-06,2026-08-15T18:40:08.955+08:00,8.138,-0.7375877499580383
2118,40,2026-08-15T18:40:15.041+08:00,0.098401,0.211767,0.103125,3.4809311e-06,2026-08-15T18:40:23.201+08:00,8.154,2.6124048233032227
2119,40,2026-08-15T18:40:29.314+08:00,0.051429,0.051429,0.0,3.4809311e-06,2026-08-15T18:40:37.479+08:00,8.159,2.391021728515625
2120,40,2026-08-15T18:40:43.608+08:00,0.143057,0.176717,0.023611,3.4809311e-06,2026-08-15T18:40:51.771+08:00,8.157,-0.5779943466186523
2121,40,2026-08-15T18:40:57.961+08:00,0.122718,0.262078,0.057639,3.4461218e-06,2026-08-15T18:41:06.138+08:00,8.171,0.32117003202438354
2122,40,2026-08-15T18:41:12.243+08:00,0.129462,0.152007,0.046964,3.4461218e-06,2026-08-15T18:41:20.405+08:00,8.156,1.040519118309021
2123,40,2026-08-15T18:41:26.468+08:00,0.135813,0.185813,0.0625,3.4461218e-06,2026-08-15T18:41:34.625+08:00,8.151,-0.5206584930419922
2124,40,2026-08-15T18:41:40.675+08:00,0.245388,0.328722,0.0625,3.4461218e-06,2026-08-15T18:41:48.835+08:00,8.154,1.443956732749939
2125,40,2026-08-15T18:41:54.897+08:00,0.082032,0.186183,0.053819,3.4461218e-06,2026-08-15T18:42:03.047+08:00,8.145,2.2299482822418213
2126,40,2026-08-15T18:42:09.120+08:00,0.004525,0.082365,0.16227,3.4461218e-06,2026-08-15T18:42:17.276+08:00,8.151,-0.3278518319129944
2127,40,2026-08-15T18:42:23.442+08:00,0.111572,0.12324,0.02524,3.4461218e-06,2026-08-15T18:42:31.605+08:00,8.157,-0.7226029634475708
2128,40,2026-08-15T18:42:37.821+08:00,0.227697,0.28125,0.036364,3.4461218e-06,2026-08-15T18:42:45.985+08:00,8.158,1.800781488418579
2129,40,2026-08-15T18:42:52.677+08:00,0.078321,0.080874,0.006579,3.4461218e-06,2026-08-15T18:43:00.837+08:00,8.155,0.6131969094276428
2130,40,2026-08-15T18:43:06.931+08:00,0.116109,0.289409,0.138889,3.4461218e-06,2026-08-15T18:43:15.085+08:00,8.148,1.6098487377166748
2131,40,2026-08-15T18:43:21.164+08:00,0.038865,0.109268,0.122028,3.4461218e-06,2026-08-15T18:43:29.314+08:00,8.145,0.623245358467102
2132,40,2026-08-15T18:43:35.423+08:00,0.117949,0.281242,0.25,3.4461218e-06,2026-08-15T18:43:43.570+08:00,8.141,-0.07882754504680634
2133,40,2026-08-15T18:43:49.678+08:00,0.056495,0.290154,0.214167,3.4461218e-06,2026-08-15T18:43:57.813+08:00,8.129,0.6206499338150024
2134,40,2026-08-15T18:44:03.933+08:00,0.091684,0.218155,0.10625,3.4461218e-06,2026-08-15T18:44:12.082+08:00,8.142,0.8168783783912659
2135,40,2026-08-15T18:44:18.221+08:00,0.047228,0.20439,0.133681,3.4461218e-06,2026-08-15T18:44:26.380+08:00,8.153,1.4191303253173828
2136,40,2026-08-15T18:44:32.550+08:00,0.070882,0.285582,0.184524,3.4461218e-06,2026-08-15T18:44:40.702+08:00,8.146,0.9939042329788208
2137,40,2026-08-15T18:44:46.776+08:00,0.089713,0.176775,0.056746,3.4461218e-06,2026-08-15T18:44:54.934+08:00,8.153,-0.20947635173797607
2138,40,2026-08-15T18:45:01.043+08:00,0.038641,0.204032,0.149107,3.4461218e-06,2026-08-15T18:45:09.200+08:00,8.151,0.43542778491973877
2139,40,2026-08-15T18:45:15.282+08:00,0.003814,0.255418,0.166798,3.4461218e-06,2026-08-15T18:45:23.422+08:00,8.134,0.428475946187973
2140,40,2026-08-15T18:45:29.507+08:00,0.012598,0.235347,0.25,3.4461218e-06,2026-08-15T18:45:37.659+08:00,8.147,0.03252655267715454
2141,40,2026-08-15T18:45:43.817+08:00,0.133133,0.188447,0.050595,3.4116606e-06,2026-08-15T18:45:51.966+08:00,8.143,1.5786763429641724
2142,40,2026-08-15T18:45:58.019+08:00,0.07053,0.201483,0.131944,3.4116606e-06,2026-08-15T18:46:06.171+08:00,8.145,0.22877439856529236
2143,40,2026-08-15T18:46:12.296+08:00,0.149011,0.337305,0.15625,3.4116606e-06,2026-08-15T18:46:20.455+08:00,8.152,0.3490302860736847
2144,40,2026-08-15T18:46:26.593+08:00,0.089738,0.090775,0.005883,3.4116606e-06,2026-08-15T18:46:34.748+08:00,8.149,1.1016490459442139
2145,40,2026-08-15T18:46:40.912+08:00,0.025568,0.090979,0.128827,3.4116606e-06,2026-08-15T18:46:49.081+08:00,8.163,1.3912795782089233
2146,40,2026-08-15T18:46:55.318+08:00,0.115675,0.219841,0.154167,3.4116606e-06,2026-08-15T18:47:03.477+08:00,8.154,-1.2908927202224731
2147,40,2026-08-15T18:47:09.649+08:00,0.131245,0.221071,0.107917,3.4116606e-06,2026-08-15T18:47:17.795+08:00,8.14,-1.0429733991622925
2148,40,2026-08-15T18:47:23.935+08:00,0.139633,0.40693,0.370174,3.4116606e-06,2026-08-15T18:47:32.074+08:00,8.134,0.40740835666656494
2149,40,2026-08-15T18:47:38.196+08:00,0.073799,0.226786,0.238141,3.4116606e-06,2026-08-15T18:47:46.347+08:00,8.145,0.6772351861000061
2150,40,2026-08-15T18:47:52.436+08:00,0.053925,0.266892,0.13869,3.4116606e-06,2026-08-15T18:48:00.593+08:00,8.151,2.2881786823272705
2151,40,2026-08-15T18:48:06.676+08:00,0.028504,0.209998,0.171387,3.4116606e-06,2026-08-15T18:48:14.829+08:00,8.148,-0.7365741729736328
2152,40,2026-08-15T18:48:20.936+08:00,0.231418,0.252251,0.075,3.4116606e-06,2026-08-15T18:48:29.094+08:00,8.153,-2.3879737854003906
2153,40,2026-08-15T18:48:35.256+08:00,0.182197,0.293308,0.125,3.4116606e-06,2026-08-15T18:48:43.418+08:00,8.156,-0.24943475425243378
2154,40,2026-08-15T18:48:49.574+08:00,0.084939,0.319561,0.260417,3.4116606e-06,2026-08-15T18:48:57.722+08:00,8.143,-0.03620046377182007
2155,40,2026-08-15T18:49:03.986+08:00,0.279,0.279286,0.000906,3.4116606e-06,2026-08-15T18:49:12.144+08:00,8.152,-0.2926916480064392
2156,40,2026-08-15T18:49:18.237+08:00,0.173261,0.218051,0.057292,3.4116606e-06,2026-08-15T18:49:26.390+08:00,8.147,0.7269260883331299
2157,40,2026-08-15T18:49:32.399+08:00,0.062954,0.272548,0.121875,3.4116606e-06,2026-08-15T18:49:40.546+08:00,8.142,1.3989880084991455
2158,40,2026-08-15T18:49:46.609+08:00,0.049828,0.107551,0.097565,3.4116606e-06,2026-08-15T18:49:54.750+08:00,8.136,1.4996764659881592
2159,40,2026-08-15T18:50:00.825+08:00,0.140625,0.425595,0.314583,3.4116606e-06,2026-08-15T18:50:08.964+08:00,8.134,0.7698056697845459
2160,40,2026-08-15T18:50:15.042+08:00,0.167183,0.27135,0.041667,3.4116606e-06,2026-08-15T18:50:23.194+08:00,8.146,0.9663288593292236
2161,40,2026-08-15T18:50:29.387+08:00,0.168753,0.284226,0.191964,3.377544e-06,2026-08-15T18:50:37.538+08:00,8.145,1.1887602806091309
2162,40,2026-08-15T18:50:43.678+08:00,0.187799,0.258631,0.13125,3.377544e-06,2026-08-15T18:50:51.842+08:00,8.158,0.5302546620368958
2163,40,2026-08-15T18:50:58.098+08:00,0.002482,0.212708,0.10962,3.377544e-06,2026-08-15T18:51:06.572+08:00,8.469,0.8881415128707886
2164,40,2026-08-15T18:51:12.764+08:00,0.173281,0.173281,0.0,3.377544e-06,2026-08-15T18:51:20.912+08:00,8.143,1.871382236480713
2165,40,2026-08-15T18:51:27.055+08:00,0.120177,0.226422,0.068452,3.377544e-06,2026-08-15T18:51:35.206+08:00,8.145,4.0007643699646
2166,40,2026-08-15T18:51:41.302+08:00,0.168351,0.279247,0.039706,3.377544e-06,2026-08-15T18:51:49.444+08:00,8.137,-2.4514334201812744
2167,40,2026-08-15T18:51:55.576+08:00,0.032807,0.138883,0.042045,3.377544e-06,2026-08-15T18:52:03.731+08:00,8.149,-1.0977389812469482
2168,40,2026-08-15T18:52:09.851+08:00,0.139613,0.256702,0.072917,3.377544e-06,2026-08-15T18:52:18.001+08:00,8.144,-0.08294768631458282
2169,40,2026-08-15T18:52:24.262+08:00,0.219017,0.250267,0.066667,3.377544e-06,2026-08-15T18:52:32.398+08:00,8.129,1.2887959480285645
2170,40,2026-08-15T18:52:38.527+08:00,0.168312,0.217628,0.085938,3.377544e-06,2026-08-15T18:52:46.693+08:00,8.158,1.534887671470642
2171,40,2026-08-15T18:52:52.768+08:00,0.318164,0.35919,0.083333,3.377544e-06,2026-08-15T18:53:00.948+08:00,8.163,1.8151817321777344
2172,40,2026-08-15T18:53:07.162+08:00,0.056899,0.381173,0.245644,3.377544e-06,2026-08-15T18:53:15.310+08:00,8.141,0.9768303632736206
2173,40,2026-08-15T18:53:21.432+08:00,0.148061,0.350398,0.179412,3.377544e-06,2026-08-15T18:53:29.588+08:00,8.151,0.5835253000259399
2174,40,2026-08-15T18:53:35.669+08:00,0.217341,0.420911,0.14375,3.377544e-06,2026-08-15T18:53:43.820+08:00,8.145,0.9482938051223755
2175,40,2026-08-15T18:53:49.876+08:00,0.163894,0.228542,0.051339,3.377544e-06,2026-08-15T18:53:58.015+08:00,8.136,0.6902690529823303
2176,40,2026-08-15T18:54:04.096+08:00,0.07375,0.202085,0.152381,3.377544e-06,2026-08-15T18:54:12.248+08:00,8.147,0.2369474470615387
2177,40,2026-08-15T18:54:18.398+08:00,0.199257,0.273818,0.130952,3.377544e-06,2026-08-15T18:54:26.552+08:00,8.148,0.9677003026008606
2178,40,2026-08-15T18:54:32.812+08:00,0.214683,0.292808,0.083333,3.377544e-06,2026-08-15T18:54:40.962+08:00,8.145,2.0609967708587646
2179,40,2026-08-15T18:54:47.012+08:00,0.095179,0.2741,0.139583,3.377544e-06,2026-08-15T18:54:55.169+08:00,8.149,0.1414617896080017
2180,40,2026-08-15T18:55:01.436+08:00,0.098007,0.098007,0.0,3.377544e-06,2026-08-15T18:55:09.600+08:00,8.158,-0.1195598840713501
2181,40,2026-08-15T18:55:15.712+08:00,0.146165,0.325728,0.145238,3.3437686e-06,2026-08-15T18:55:23.867+08:00,8.149,2.0155768394470215
2182,40,2026-08-15T18:55:29.976+08:00,0.109239,0.234239,0.083333,3.3437686e-06,2026-08-15T18:55:38.149+08:00,8.166,2.0830488204956055
2183,40,2026-08-15T18:55:44.355+08:00,0.192562,0.259271,0.06043,3.3437686e-06,2026-08-15T18:55:52.521+08:00,8.16,0.05013057589530945
2184,40,2026-08-15T18:55:58.744+08:00,0.155336,0.157722,0.005208,3.3437686e-06,2026-08-15T18:56:06.900+08:00,8.15,1.2554969787597656
2185,40,2026-08-15T18:56:13.066+08:00,0.038997,0.123534,0.094032,3.3437686e-06,2026-08-15T18:56:21.223+08:00,8.151,3.0732011795043945
2186,40,2026-08-15T18:56:27.511+08:00,0.172468,0.412946,0.121875,3.3437686e-06,2026-08-15T18:56:35.682+08:00,8.165,0.17577892541885376
2187,40,2026-08-15T18:56:41.984+08:00,0.016431,0.132442,0.144345,3.3437686e-06,2026-08-15T18:56:50.105+08:00,8.116,0.31426510214805603
2188,40,2026-08-15T18:56:56.373+08:00,0.085441,0.400198,0.281746,3.3437686e-06,2026-08-15T18:57:04.523+08:00,8.145,0.7997070550918579
2189,40,2026-08-15T18:57:10.732+08:00,0.031548,0.068187,0.078125,3.3437686e-06,2026-08-15T18:57:18.883+08:00,8.146,1.5458036661148071
2190,40,2026-08-15T18:57:25.105+08:00,0.066994,0.088479,0.066075,3.3437686e-06,2026-08-15T18:57:33.263+08:00,8.152,0.6571598052978516
2191,40,2026-08-15T18:57:39.473+08:00,0.287551,0.301152,0.039141,3.3437686e-06,2026-08-15T18:57:47.618+08:00,8.14,3.7040975093841553
2192,40,2026-08-15T18:57:53.807+08:00,0.054032,0.311294,0.179167,3.3437686e-06,2026-08-15T18:58:01.954+08:00,8.142,1.273507833480835
2193,40,2026-08-15T18:58:08.097+08:00,0.060211,0.106985,0.016288,3.3437686e-06,2026-08-15T18:58:16.249+08:00,8.147,1.392911434173584
2194,40,2026-08-15T18:58:22.415+08:00,0.097898,0.196581,0.196781,3.3437686e-06,2026-08-15T18:58:30.579+08:00,8.158,1.5595831871032715
2195,40,2026-08-15T18:58:36.798+08:00,0.199169,0.290801,0.085227,3.3437686e-06,2026-08-15T18:58:44.943+08:00,8.14,1.3244280815124512
2196,40,2026-08-15T18:58:51.200+08:00,0.102797,0.233951,0.075962,3.3437686e-06,2026-08-15T18:58:59.364+08:00,8.156,-0.19463928043842316
2197,40,2026-08-15T18:59:06.133+08:00,0.028066,0.215604,0.177083,3.3437686e-06,2026-08-15T18:59:14.283+08:00,8.145,3.420254707336426
2198,40,2026-08-15T18:59:20.402+08:00,0.270247,0.365284,0.0625,3.3437686e-06,2026-08-15T18:59:28.538+08:00,8.129,2.793226718902588
2199,40,2026-08-15T18:59:34.620+08:00,0.069677,0.080513,0.067447,3.3437686e-06,2026-08-15T18:59:42.732+08:00,8.106,3.0243678092956543
2200,40,2026-08-15T18:59:48.806+08:00,0.327303,0.455246,0.056424,3.3437686e-06,2026-08-15T18:59:56.952+08:00,8.141,0.691386878490448
2201,40,2026-08-15T19:00:03.033+08:00,0.035583,0.068998,0.090179,3.3103309e-06,2026-08-15T19:00:11.187+08:00,8.149,1.59781813621521
2202,40,2026-08-15T19:00:17.268+08:00,0.011905,0.09862,0.136905,3.3103309e-06,2026-08-15T19:00:25.424+08:00,8.151,2.6259655952453613
2203,40,2026-08-15T19:00:31.634+08:00,0.262276,0.359919,0.106944,3.3103309e-06,2026-08-15T19:00:39.776+08:00,8.136,-0.905483603477478
2204,40,2026-08-15T19:00:46.060+08:00,0.122953,0.334974,0.172619,3.3103309e-06,2026-08-15T19:00:54.212+08:00,8.146,1.418775200843811
2205,40,2026-08-15T19:01:00.505+08:00,0.14568,0.19767,0.069196,3.3103309e-06,2026-08-15T19:01:08.651+08:00,8.14,2.0340545177459717
2206,40,2026-08-15T19:01:14.735+08:00,0.201847,0.242483,0.076923,3.3103309e-06,2026-08-15T19:01:22.868+08:00,8.128,1.6011210680007935
2207,40,2026-08-15T19:01:28.964+08:00,0.197184,0.272184,0.142857,3.3103309e-06,2026-08-15T19:01:37.100+08:00,8.13,-0.31630879640579224
2208,40,2026-08-15T19:01:43.207+08:00,0.090285,0.196807,0.127381,3.3103309e-06,2026-08-15T19:01:51.340+08:00,8.127,1.0971769094467163
2209,40,2026-08-15T19:01:57.430+08:00,0.053661,0.438822,0.240152,3.3103309e-06,2026-08-15T19:02:05.584+08:00,8.148,0.972642183303833
2210,40,2026-08-15T19:02:11.680+08:00,0.140557,0.283472,0.080754,3.3103309e-06,2026-08-15T19:02:19.830+08:00,8.144,1.951153039932251
2211,40,2026-08-15T19:02:25.997+08:00,0.149033,0.324353,0.216667,3.3103309e-06,2026-08-15T19:02:34.153+08:00,8.15,-0.8635293245315552
2212,40,2026-08-15T19:02:40.368+08:00,0.137001,0.34102,0.163889,3.3103309e-06,2026-08-15T19:02:48.524+08:00,8.152,-1.5217487812042236
2213,40,2026-08-15T19:02:54.631+08:00,0.095011,0.220006,0.135417,3.3103309e-06,2026-08-15T19:03:02.778+08:00,8.141,0.3304339647293091
2214,40,2026-08-15T19:03:09.051+08:00,0.128484,0.195437,0.090934,3.3103309e-06,2026-08-15T19:03:17.199+08:00,8.142,0.19870370626449585
2215,40,2026-08-15T19:03:23.273+08:00,0.089205,0.124918,0.03125,3.3103309e-06,2026-08-15T19:03:31.432+08:00,8.153,-1.2954652309417725
2216,40,2026-08-15T19:03:37.665+08:00,0.219806,0.26415,0.048352,3.3103309e-06,2026-08-15T19:03:45.819+08:00,8.149,0.8199939727783203
2217,40,2026-08-15T19:03:52.033+08:00,0.136935,0.230815,0.083045,3.3103309e-06,2026-08-15T19:04:00.168+08:00,8.128,0.08568510413169861
2218,40,2026-08-15T19:04:06.367+08:00,0.185119,0.263244,0.192308,3.3103309e-06,2026-08-15T19:04:14.505+08:00,8.132,1.5695263147354126
2219,40,2026-08-15T19:04:20.815+08:00,0.079905,0.290692,0.3125,3.3103309e-06,2026-08-15T19:04:28.983+08:00,8.163,2.398607015609741
2220,40,2026-08-15T19:04:35.264+08:00,0.204167,0.204167,0.0,3.3103309e-06,2026-08-15T19:04:43.420+08:00,8.15,0.7981315851211548
2221,40,2026-08-15T19:04:49.639+08:00,0.087858,0.252608,0.204072,3.2772276e-06,2026-08-15T19:04:57.804+08:00,8.159,0.5718255639076233
2222,40,2026-08-15T19:05:03.981+08:00,0.084397,0.2119,0.085951,3.2772276e-06,2026-08-15T19:05:12.088+08:00,8.104,1.5492961406707764
2223,40,2026-08-15T19:05:18.171+08:00,0.066686,0.159375,0.095833,3.2772276e-06,2026-08-15T19:05:26.321+08:00,8.145,1.9042739868164062
2224,40,2026-08-15T19:05:32.505+08:00,0.081352,0.211769,0.197917,3.2772276e-06,2026-08-15T19:05:40.658+08:00,8.148,1.0908242464065552
2225,40,2026-08-15T19:05:46.827+08:00,0.052178,0.134464,0.119945,3.2772276e-06,2026-08-15T19:05:54.979+08:00,8.147,-0.11672645807266235
2226,40,2026-08-15T19:06:01.124+08:00,0.281589,0.32536,0.086686,3.2772276e-06,2026-08-15T19:06:09.274+08:00,8.144,1.0234780311584473
2227,40,2026-08-15T19:06:15.368+08:00,0.088136,0.088136,0.0,3.2772276e-06,2026-08-15T19:06:23.550+08:00,8.176,-1.15419602394104
2228,40,2026-08-15T19:06:29.713+08:00,0.154567,0.29221,0.138767,3.2772276e-06,2026-08-15T19:06:37.890+08:00,8.16,0.3557968735694885
2229,40,2026-08-15T19:06:44.095+08:00,0.117599,0.165965,0.055208,3.2772276e-06,2026-08-15T19:06:52.255+08:00,8.155,0.17249354720115662
2230,40,2026-08-15T19:06:58.447+08:00,0.112649,0.300843,0.175,3.2772276e-06,2026-08-15T19:07:06.612+08:00,8.16,1.0863310098648071
2231,40,2026-08-15T19:07:12.632+08:00,0.157344,0.26622,0.026515,3.2772276e-06,2026-08-15T19:07:20.753+08:00,8.115,5.1988749504089355
2232,40,2026-08-15T19:07:27.299+08:00,0.233209,0.304004,0.014312,3.2772276e-06,2026-08-15T19:07:35.450+08:00,8.145,-0.02336341142654419
2233,40,2026-08-15T19:07:41.543+08:00,0.128087,0.258993,0.141964,3.2772276e-06,2026-08-15T19:07:49.682+08:00,8.133,2.0733680725097656
2234,40,2026-08-15T19:07:55.711+08:00,0.208405,0.25522,0.020833,3.2772276e-06,2026-08-15T19:08:03.858+08:00,8.141,-0.6013513207435608
2235,40,2026-08-15T19:08:09.885+08:00,0.193785,0.298958,0.098958,3.2772276e-06,2026-08-15T19:08:18.034+08:00,8.144,1.3162354230880737
2236,40,2026-08-15T19:08:24.184+08:00,0.247539,0.257956,0.03125,3.2772276e-06,2026-08-15T19:08:32.339+08:00,8.149,2.2870283126831055
2237,40,2026-08-15T19:08:38.497+08:00,0.083129,0.242852,0.1125,3.2772276e-06,2026-08-15T19:08:46.635+08:00,8.132,2.3629183769226074
2238,40,2026-08-15T19:08:52.781+08:00,0.033887,0.156764,0.068411,3.2772276e-06,2026-08-15T19:09:00.939+08:00,8.152,1.3664429187774658
2239,40,2026-08-15T19:09:07.089+08:00,0.141654,0.224987,0.114583,3.2772276e-06,2026-08-15T19:09:15.237+08:00,8.142,-0.5138230323791504
2240,40,2026-08-15T19:09:21.400+08:00,0.25063,0.256473,0.054167,3.2772276e-06,2026-08-15T19:09:29.547+08:00,8.141,2.4489095211029053
2241,40,2026-08-15T19:09:35.626+08:00,0.12938,0.259307,0.149432,3.2444553e-06,2026-08-15T19:09:43.776+08:00,8.144,-0.6002414226531982
2242,40,2026-08-15T19:09:49.830+08:00,0.060926,0.244402,0.137649,3.2444553e-06,2026-08-15T19:09:57.973+08:00,8.137,2.4397690296173096
2243,40,2026-08-15T19:10:04.045+08:00,0.032895,0.143609,0.104167,3.2444553e-06,2026-08-15T19:10:12.198+08:00,8.147,-1.6246780157089233
2244,40,2026-08-15T19:10:18.314+08:00,0.103109,0.15463,0.054398,3.2444553e-06,2026-08-15T19:10:26.469+08:00,8.151,0.8103898763656616
2245,40,2026-08-15T19:10:32.587+08:00,0.217684,0.220802,0.005,3.2444553e-06,2026-08-15T19:10:40.733+08:00,8.14,1.3590514659881592
2246,40,2026-08-15T19:10:46.924+08:00,0.055053,0.099454,0.049427,3.2444553e-06,2026-08-15T19:10:55.081+08:00,8.152,-1.3325684070587158
2247,40,2026-08-15T19:11:01.232+08:00,0.072192,0.150448,0.125,3.2444553e-06,2026-08-15T19:11:09.401+08:00,8.163,1.5043206214904785
2248,40,2026-08-15T19:11:15.523+08:00,0.256891,0.256891,0.022727,3.2444553e-06,2026-08-15T19:11:23.672+08:00,8.144,2.0233192443847656
2249,40,2026-08-15T19:11:29.707+08:00,0.133393,0.273675,0.099702,3.2444553e-06,2026-08-15T19:11:37.856+08:00,8.143,6.180017471313477
2250,40,2026-08-15T19:11:43.917+08:00,0.095837,0.244643,0.197917,3.2444553e-06,2026-08-15T19:11:52.068+08:00,8.145,0.052885740995407104
2251,40,2026-08-15T19:11:58.097+08:00,0.06353,0.193887,0.25,3.2444553e-06,2026-08-15T19:12:06.236+08:00,8.134,0.7813647389411926
2252,40,2026-08-15T19:12:12.321+08:00,0.127264,0.200181,0.1625,3.2444553e-06,2026-08-15T19:12:20.472+08:00,8.148,-0.49740517139434814
2253,40,2026-08-15T19:12:26.577+08:00,0.106472,0.11962,0.018182,3.2444553e-06,2026-08-15T19:12:34.729+08:00,8.149,-0.27157625555992126
2254,40,2026-08-15T19:12:40.898+08:00,0.077206,0.118873,0.129735,3.2444553e-06,2026-08-15T19:12:49.052+08:00,8.149,2.503782272338867
2255,40,2026-08-15T19:12:55.207+08:00,0.199651,0.35609,0.066406,3.2444553e-06,2026-08-15T19:13:03.367+08:00,8.154,1.1894609928131104
2256,40,2026-08-15T19:13:09.519+08:00,0.230972,0.242333,0.026786,3.2444553e-06,2026-08-15T19:13:17.675+08:00,8.151,3.9449257850646973
2257,40,2026-08-15T19:13:23.741+08:00,0.014824,0.092622,0.086806,3.2444553e-06,2026-08-15T19:13:31.892+08:00,8.145,1.17290198802948
2258,40,2026-08-15T19:13:37.966+08:00,0.018695,0.075255,0.067247,3.2444553e-06,2026-08-15T19:13:46.097+08:00,8.125,-0.14769837260246277
2259,40,2026-08-15T19:13:52.165+08:00,0.105565,0.319504,0.135417,3.2444553e-06,2026-08-15T19:14:00.286+08:00,8.115,1.0188257694244385
2260,40,2026-08-15T19:14:06.330+08:00,0.085373,0.174659,0.041667,3.2444553e-06,2026-08-15T19:14:14.476+08:00,8.141,2.3532464504241943
2261,40,2026-08-15T19:14:20.508+08:00,0.140296,0.27002,0.12128,3.2120107e-06,2026-08-15T19:14:28.651+08:00,8.137,2.040926694869995
2262,40,2026-08-15T19:14:34.806+08:00,0.065171,0.115171,0.0875,3.2120107e-06,2026-08-15T19:14:42.954+08:00,8.141,-0.5805294513702393
2263,40,2026-08-15T19:14:49.072+08:00,0.196875,0.362784,0.104167,3.2120107e-06,2026-08-15T19:14:57.234+08:00,8.156,0.12170983850955963
2264,40,2026-08-15T19:15:03.395+08:00,0.084193,0.090036,0.020313,3.2120107e-06,2026-08-15T19:15:11.553+08:00,8.152,-0.8351978659629822
2265,40,2026-08-15T19:15:17.611+08:00,0.052614,0.181079,0.045455,3.2120107e-06,2026-08-15T19:15:25.751+08:00,8.135,-0.303272008895874
2266,40,2026-08-15T19:15:31.777+08:00,0.096467,0.179599,0.097538,3.2120107e-06,2026-08-15T19:15:40.254+08:00,8.471,1.0698857307434082
2267,40,2026-08-15T19:15:46.354+08:00,0.101084,0.12787,0.15625,3.2120107e-06,2026-08-15T19:15:54.507+08:00,8.147,2.5373973846435547
2268,40,2026-08-15T19:16:00.565+08:00,0.216947,0.224738,0.004464,3.2120107e-06,2026-08-15T19:16:08.721+08:00,8.151,3.651785373687744
2269,40,2026-08-15T19:16:14.824+08:00,0.023268,0.10131,0.088768,3.2120107e-06,2026-08-15T19:16:22.992+08:00,8.162,1.623117208480835
2270,40,2026-08-15T19:16:29.258+08:00,0.162614,0.223747,0.131143,3.2120107e-06,2026-08-15T19:16:37.408+08:00,8.144,0.761585533618927
2271,40,2026-08-15T19:16:43.702+08:00,0.103932,0.266283,0.144976,3.2120107e-06,2026-08-15T19:16:51.847+08:00,8.14,0.251548171043396
2272,40,2026-08-15T19:16:58.099+08:00,0.099775,0.273544,0.107639,3.2120107e-06,2026-08-15T19:17:06.264+08:00,8.159,0.2164211869239807
2273,40,2026-08-15T19:17:12.390+08:00,0.0619,0.092614,0.074479,3.2120107e-06,2026-08-15T19:17:20.548+08:00,8.153,4.044346332550049
2274,40,2026-08-15T19:17:26.703+08:00,0.048045,0.048045,0.0,3.2120107e-06,2026-08-15T19:17:34.845+08:00,8.136,4.998867034912109
2275,40,2026-08-15T19:17:40.928+08:00,0.10866,0.133652,0.025,3.2120107e-06,2026-08-15T19:17:49.084+08:00,8.15,1.2915339469909668
2276,40,2026-08-15T19:17:55.235+08:00,0.120077,0.155746,0.020833,3.2120107e-06,2026-08-15T19:18:03.379+08:00,8.139,0.4041789472103119
2277,40,2026-08-15T19:18:09.454+08:00,0.05691,0.212346,0.133333,3.2120107e-06,2026-08-15T19:18:17.604+08:00,8.145,1.5798348188400269
2278,40,2026-08-15T19:18:23.752+08:00,0.075141,0.375595,0.215774,3.2120107e-06,2026-08-15T19:18:31.901+08:00,8.142,0.23656684160232544
2279,40,2026-08-15T19:18:38.110+08:00,0.099492,0.194953,0.066176,3.2120107e-06,2026-08-15T19:18:46.269+08:00,8.154,1.2499470710754395
2280,40,2026-08-15T19:18:52.486+08:00,0.101824,0.132979,0.074761,3.2120107e-06,2026-08-15T19:19:00.646+08:00,8.154,-1.6375524997711182
2281,40,2026-08-15T19:19:06.759+08:00,0.041621,0.094899,0.094929,3.1798906e-06,2026-08-15T19:19:14.849+08:00,8.084,-0.8457143902778625
2282,40,2026-08-15T19:19:20.906+08:00,0.233954,0.296454,0.0875,3.1798906e-06,2026-08-15T19:19:29.049+08:00,8.138,-1.641180396080017
2283,40,2026-08-15T19:19:34.930+08:00,0.279745,0.333314,0.03125,3.1798906e-06,2026-08-15T19:19:43.070+08:00,8.134,1.0812602043151855
2284,40,2026-08-15T19:19:49.120+08:00,0.240327,0.396577,0.1,3.1798906e-06,2026-08-15T19:19:57.261+08:00,8.135,3.5356640815734863
2285,40,2026-08-15T19:20:03.331+08:00,0.140122,0.219783,0.05,3.1798906e-06,2026-08-15T19:20:11.499+08:00,8.151,-0.3901844620704651
2286,40,2026-08-15T19:20:17.594+08:00,0.166748,0.172591,0.00625,3.1798906e-06,2026-08-15T19:20:25.760+08:00,8.16,0.8238958120346069
2287,40,2026-08-15T19:20:32.024+08:00,0.198611,0.30377,0.151389,3.1798906e-06,2026-08-15T19:20:40.185+08:00,8.156,0.8966497778892517
2288,40,2026-08-15T19:20:46.301+08:00,0.170727,0.241434,0.129808,3.1798906e-06,2026-08-15T19:20:54.438+08:00,8.132,3.22562575340271
2289,40,2026-08-15T19:21:00.610+08:00,0.161982,0.162658,0.003788,3.1798906e-06,2026-08-15T19:21:08.769+08:00,8.153,0.9929782748222351
2290,40,2026-08-15T19:21:14.860+08:00,0.026182,0.181467,0.215098,3.1798906e-06,2026-08-15T19:21:22.993+08:00,8.128,1.3195642232894897
2291,40,2026-08-15T19:21:29.037+08:00,0.21803,0.26357,0.02619,3.1798906e-06,2026-08-15T19:21:37.185+08:00,8.142,1.7798848152160645
2292,40,2026-08-15T19:21:43.254+08:00,0.050681,0.241967,0.135417,3.1798906e-06,2026-08-15T19:21:51.404+08:00,8.144,1.048576831817627
2293,40,2026-08-15T19:21:57.474+08:00,0.162111,0.245444,0.075,3.1798906e-06,2026-08-15T19:22:05.612+08:00,8.133,2.8447914123535156
2294,40,2026-08-15T19:22:11.665+08:00,0.095645,0.11127,0.0875,3.1798906e-06,2026-08-15T19:22:19.823+08:00,8.152,-0.8116891980171204
2295,40,2026-08-15T19:22:25.886+08:00,0.048173,0.183255,0.148201,3.1798906e-06,2026-08-15T19:22:34.047+08:00,8.156,0.17069658637046814
2296,40,2026-08-15T19:22:40.276+08:00,0.20126,0.20126,0.022321,3.1798906e-06,2026-08-15T19:22:48.438+08:00,8.156,2.527059555053711
2297,40,2026-08-15T19:22:54.603+08:00,0.108077,0.256179,0.160647,3.1798906e-06,2026-08-15T19:23:02.759+08:00,8.15,-0.6619722843170166
2298,40,2026-08-15T19:23:08.947+08:00,0.13832,0.221652,0.091346,3.1798906e-06,2026-08-15T19:23:17.091+08:00,8.139,1.1169989109039307
2299,40,2026-08-15T19:23:23.142+08:00,0.135863,0.200624,0.08054,3.1798906e-06,2026-08-15T19:23:31.290+08:00,8.142,0.18063853681087494
2300,40,2026-08-15T19:23:37.344+08:00,0.066254,0.145392,0.096591,3.1798906e-06,2026-08-15T19:23:45.789+08:00,8.439,1.9678524732589722
2301,40,2026-08-15T19:23:51.988+08:00,0.037276,0.165231,0.135714,3.1480917e-06,2026-08-15T19:24:00.143+08:00,8.149,-0.17871728539466858
2302,40,2026-08-15T19:24:06.288+08:00,0.069344,0.156806,0.06201,3.1480917e-06,2026-08-15T19:24:14.443+08:00,8.15,-0.012237444519996643
2303,40,2026-08-15T19:24:20.584+08:00,0.086738,0.21692,0.094172,3.1480917e-06,2026-08-15T19:24:28.748+08:00,8.158,-0.23891091346740723
2304,40,2026-08-15T19:24:34.920+08:00,0.022393,0.21525,0.175,3.1480917e-06,2026-08-15T19:24:43.084+08:00,8.159,-0.19651710987091064
2305,40,2026-08-15T19:24:49.188+08:00,0.015488,0.16434,0.175939,3.1480917e-06,2026-08-15T19:24:57.328+08:00,8.135,-0.8777514696121216
2306,40,2026-08-15T19:25:03.464+08:00,0.044589,0.121868,0.112554,3.1480917e-06,2026-08-15T19:25:11.622+08:00,8.152,1.7640414237976074
2307,40,2026-08-15T19:25:17.620+08:00,0.090848,0.174182,0.073864,3.1480917e-06,2026-08-15T19:25:25.754+08:00,8.128,3.3870949745178223
2308,40,2026-08-15T19:25:31.799+08:00,0.145833,0.304563,0.175,3.1480917e-06,2026-08-15T19:25:39.949+08:00,8.144,1.9395582675933838
2309,40,2026-08-15T19:25:46.030+08:00,0.10119,0.236111,0.220833,3.1480917e-06,2026-08-15T19:25:54.181+08:00,8.146,1.3364020586013794
2310,40,2026-08-15T19:26:00.251+08:00,0.307292,0.307292,0.0,3.1480917e-06,2026-08-15T19:26:08.385+08:00,8.128,1.2337720394134521
2311,40,2026-08-15T19:26:14.480+08:00,0.102805,0.225674,0.154167,3.1480917e-06,2026-08-15T19:26:22.642+08:00,8.157,-0.28103503584861755
2312,40,2026-08-15T19:26:28.793+08:00,0.292882,0.292882,0.0,3.1480917e-06,2026-08-15T19:26:36.949+08:00,8.15,1.842717170715332
2313,40,2026-08-15T19:26:43.017+08:00,0.139356,0.353068,0.074107,3.1480917e-06,2026-08-15T19:26:51.163+08:00,8.141,3.0977225303649902
2314,40,2026-08-15T19:26:57.270+08:00,0.114698,0.182923,0.030331,3.1480917e-06,2026-08-15T19:27:05.431+08:00,8.155,1.4593082666397095
2315,40,2026-08-15T19:27:11.615+08:00,0.077984,0.224369,0.205357,3.1480917e-06,2026-08-15T19:27:19.761+08:00,8.14,2.169848918914795
2316,40,2026-08-15T19:27:25.840+08:00,0.046909,0.183482,0.113542,3.1480917e-06,2026-08-15T19:27:33.974+08:00,8.128,3.4031882286071777
2317,40,2026-08-15T19:27:40.087+08:00,0.051919,0.246433,0.110194,3.1480917e-06,2026-08-15T19:27:48.233+08:00,8.14,4.178609371185303
2318,40,2026-08-15T19:27:54.341+08:00,0.07126,0.191952,0.091721,3.1480917e-06,2026-08-15T19:28:02.488+08:00,8.142,3.1095876693725586
2319,40,2026-08-15T19:28:08.539+08:00,0.091929,0.154429,0.041667,3.1480917e-06,2026-08-15T19:28:16.685+08:00,8.14,1.526369571685791
2320,40,2026-08-15T19:28:22.805+08:00,0.020885,0.163462,0.114583,3.1480917e-06,2026-08-15T19:28:30.966+08:00,8.155,3.193674087524414
2321,40,2026-08-15T19:28:37.047+08:00,0.138912,0.324959,0.168576,3.1166108e-06,2026-08-15T19:28:45.193+08:00,8.141,0.06259900331497192
2322,40,2026-08-15T19:28:51.336+08:00,0.168537,0.214335,0.045833,3.1166108e-06,2026-08-15T19:28:59.502+08:00,8.161,1.7783476114273071
2323,40,2026-08-15T19:29:05.607+08:00,0.130465,0.244305,0.104167,3.1166108e-06,2026-08-15T19:29:13.759+08:00,8.146,0.28760504722595215
2324,40,2026-08-15T19:29:19.891+08:00,0.056665,0.147659,0.151515,3.1166108e-06,2026-08-15T19:29:28.032+08:00,8.135,3.6836435794830322
2325,40,2026-08-15T19:29:34.131+08:00,0.02254,0.070183,0.147817,3.1166108e-06,2026-08-15T19:29:42.272+08:00,8.135,2.7623586654663086
2326,40,2026-08-15T19:29:48.351+08:00,0.248708,0.30507,0.038889,3.1166108e-06,2026-08-15T19:29:56.498+08:00,8.141,1.69081711769104
2327,40,2026-08-15T19:30:02.592+08:00,0.187401,0.238799,0.083814,3.1166108e-06,2026-08-15T19:30:10.739+08:00,8.142,-0.004363447427749634
2328,40,2026-08-15T19:30:16.832+08:00,0.16655,0.171559,0.063233,3.1166108e-06,2026-08-15T19:30:24.992+08:00,8.155,2.2985031604766846
2329,40,2026-08-15T19:30:31.210+08:00,0.086806,0.186806,0.094697,3.1166108e-06,2026-08-15T19:30:39.375+08:00,8.159,-0.07517120242118835
2330,40,2026-08-15T19:30:45.481+08:00,0.017077,0.312284,0.4125,3.1166108e-06,2026-08-15T19:30:53.618+08:00,8.132,3.727755069732666
2331,40,2026-08-15T19:30:59.744+08:00,0.07749,0.159008,0.158181,3.1166108e-06,2026-08-15T19:31:07.894+08:00,8.142,2.0923287868499756
2332,40,2026-08-15T19:31:13.986+08:00,0.132831,0.23631,0.160193,3.1166108e-06,2026-08-15T19:31:22.111+08:00,8.119,0.2738894820213318
2333,40,2026-08-15T19:31:28.288+08:00,0.192446,0.24606,0.108205,3.1166108e-06,2026-08-15T19:31:36.428+08:00,8.134,1.7205336093902588
2334,40,2026-08-15T19:31:42.532+08:00,0.212672,0.226853,0.010417,3.1166108e-06,2026-08-15T19:31:50.673+08:00,8.136,1.2322912216186523
2335,40,2026-08-15T19:31:57.220+08:00,0.024974,0.105325,0.078373,3.1166108e-06,2026-08-15T19:32:05.360+08:00,8.134,-0.2147829830646515
2336,40,2026-08-15T19:32:11.447+08:00,0.054319,0.262378,0.260417,3.1166108e-06,2026-08-15T19:32:19.580+08:00,8.128,-0.16137725114822388
2337,40,2026-08-15T19:32:25.856+08:00,0.140659,0.30783,0.075,3.1166108e-06,2026-08-15T19:32:34.025+08:00,8.163,1.4973936080932617
2338,40,2026-08-15T19:32:40.292+08:00,0.10696,0.203819,0.0875,3.1166108e-06,2026-08-15T19:32:48.435+08:00,8.137,0.36365848779678345
2339,40,2026-08-15T19:32:54.647+08:00,0.15315,0.246725,0.106548,3.1166108e-06,2026-08-15T19:33:02.802+08:00,8.15,2.34959077835083
2340,40,2026-08-15T19:33:08.952+08:00,0.038265,0.210947,0.192857,3.1166108e-06,2026-08-15T19:33:17.092+08:00,8.135,0.37722986936569214
2341,40,2026-08-15T19:33:23.147+08:00,0.283168,0.324777,0.089315,3.0854447e-06,2026-08-15T19:33:31.283+08:00,8.131,0.567007303237915
2342,40,2026-08-15T19:33:37.418+08:00,0.173639,0.183786,0.042949,3.0854447e-06,2026-08-15T19:33:45.559+08:00,8.135,-1.080673336982727
2343,40,2026-08-15T19:33:51.635+08:00,0.141026,0.172275,0.03125,3.0854447e-06,2026-08-15T19:33:59.799+08:00,8.145,-0.6574661731719971
2344,40,2026-08-15T19:34:05.866+08:00,0.021867,0.159938,0.220545,3.0854447e-06,2026-08-15T19:34:14.012+08:00,8.14,-0.09040653705596924
2345,40,2026-08-15T19:34:20.112+08:00,0.158346,0.276299,0.094697,3.0854447e-06,2026-08-15T19:34:28.267+08:00,8.149,1.1142261028289795
2346,40,2026-08-15T19:34:34.398+08:00,0.122782,0.222452,0.035714,3.0854447e-06,2026-08-15T19:34:42.571+08:00,8.167,1.1515662670135498
2347,40,2026-08-15T19:34:48.724+08:00,0.370161,0.423214,0.083333,3.0854447e-06,2026-08-15T19:34:56.880+08:00,8.15,0.8823398947715759
2348,40,2026-08-15T19:35:03.066+08:00,0.051963,0.169261,0.119792,3.0854447e-06,2026-08-15T19:35:11.227+08:00,8.156,3.797520875930786
2349,40,2026-08-15T19:35:17.279+08:00,0.138122,0.138122,0.017857,3.0854447e-06,2026-08-15T19:35:25.432+08:00,8.147,-0.691135048866272
2350,40,2026-08-15T19:35:31.523+08:00,0.236271,0.254947,0.179276,3.0854447e-06,2026-08-15T19:35:39.653+08:00,8.124,-0.36203813552856445
2351,40,2026-08-15T19:35:45.787+08:00,0.050219,0.263038,0.120313,3.0854447e-06,2026-08-15T19:35:53.934+08:00,8.141,0.9805660247802734
2352,40,2026-08-15T19:36:00.058+08:00,0.212302,0.329035,0.080357,3.0854447e-06,2026-08-15T19:36:08.205+08:00,8.141,-0.7995775938034058
2353,40,2026-08-15T19:36:14.290+08:00,0.040223,0.211218,0.128472,3.0854447e-06,2026-08-15T19:36:22.449+08:00,8.153,-0.603582501411438
2354,40,2026-08-15T19:36:28.596+08:00,0.127883,0.13381,0.032146,3.0854447e-06,2026-08-15T19:36:36.761+08:00,8.16,0.29537278413772583
2355,40,2026-08-15T19:36:42.875+08:00,0.044243,0.256425,0.142262,3.0854447e-06,2026-08-15T19:36:51.014+08:00,8.134,2.8723533153533936
2356,40,2026-08-15T19:36:57.172+08:00,0.044268,0.254327,0.184559,3.0854447e-06,2026-08-15T19:37:05.337+08:00,8.158,-0.22144430875778198
2357,40,2026-08-15T19:37:11.494+08:00,0.212439,0.401402,0.085417,3.0854447e-06,2026-08-15T19:37:19.638+08:00,8.138,-0.803189754486084
2358,40,2026-08-15T19:37:25.708+08:00,0.065321,0.246249,0.239583,3.0854447e-06,2026-08-15T19:37:33.848+08:00,8.135,1.61098313331604
2359,40,2026-08-15T19:37:39.910+08:00,0.142174,0.183838,0.036932,3.0854447e-06,2026-08-15T19:37:48.049+08:00,8.135,0.4295594096183777
2360,40,2026-08-15T19:37:54.143+08:00,0.181056,0.364902,0.141462,3.0854447e-06,2026-08-15T19:38:02.301+08:00,8.155,3.7178966999053955
2361,40,2026-08-15T19:38:08.403+08:00,0.095173,0.158974,0.055357,3.0545903e-06,2026-08-15T19:38:16.557+08:00,8.148,0.34051501750946045
2362,40,2026-08-15T19:38:22.712+08:00,0.128595,0.227801,0.125,3.0545903e-06,2026-08-15T19:38:30.860+08:00,8.142,0.8017491102218628
2363,40,2026-08-15T19:38:37.007+08:00,0.163694,0.408196,0.14375,3.0545903e-06,2026-08-15T19:38:45.170+08:00,8.16,0.22379249334335327
2364,40,2026-08-15T19:38:51.353+08:00,0.059416,0.261075,0.241667,3.0545903e-06,2026-08-15T19:38:59.510+08:00,8.151,-0.09687787294387817
2365,40,2026-08-15T19:39:05.618+08:00,0.07673,0.120591,0.02731,3.0545903e-06,2026-08-15T19:39:13.772+08:00,8.149,2.151421546936035
2366,40,2026-08-15T19:39:19.863+08:00,0.049716,0.157001,0.145139,3.0545903e-06,2026-08-15T19:39:28.024+08:00,8.155,2.4001519680023193
2367,40,2026-08-15T19:39:34.029+08:00,0.118584,0.220429,0.111607,3.0545903e-06,2026-08-15T19:39:42.185+08:00,8.15,0.5614035129547119
2368,40,2026-08-15T19:39:48.211+08:00,0.127937,0.388299,0.1125,3.0545903e-06,2026-08-15T19:39:56.359+08:00,8.142,0.05932117998600006
2369,40,2026-08-15T19:40:02.421+08:00,0.037502,0.276435,0.12667,3.0545903e-06,2026-08-15T19:40:10.577+08:00,8.15,0.8272054195404053
2370,40,2026-08-15T19:40:17.124+08:00,0.034128,0.144034,0.142272,3.0545903e-06,2026-08-15T19:40:25.284+08:00,8.154,2.10231351852417
2371,40,2026-08-15T19:40:31.413+08:00,0.096162,0.275357,0.19375,3.0545903e-06,2026-08-15T19:40:39.573+08:00,8.155,0.9200689196586609
2372,40,2026-08-15T19:40:45.665+08:00,0.133458,0.133458,0.0,3.0545903e-06,2026-08-15T19:40:53.836+08:00,8.165,2.32867169380188
2373,40,2026-08-15T19:40:59.974+08:00,0.119563,0.215377,0.0925,3.0545903e-06,2026-08-15T19:41:08.140+08:00,8.16,0.521172285079956
2374,40,2026-08-15T19:41:14.303+08:00,0.109306,0.21158,0.15625,3.0545903e-06,2026-08-15T19:41:22.450+08:00,8.141,-2.410418748855591
2375,40,2026-08-15T19:41:28.553+08:00,0.157248,0.277877,0.184375,3.0545903e-06,2026-08-15T19:41:36.710+08:00,8.151,0.8944448232650757
2376,40,2026-08-15T19:41:42.761+08:00,0.064372,0.064372,0.0,3.0545903e-06,2026-08-15T19:41:50.907+08:00,8.141,0.5515710115432739
2377,40,2026-08-15T19:41:56.940+08:00,0.073762,0.237681,0.13,3.0545903e-06,2026-08-15T19:42:05.093+08:00,8.147,1.2413537502288818
2378,40,2026-08-15T19:42:11.166+08:00,0.008151,0.215382,0.209904,3.0545903e-06,2026-08-15T19:42:19.328+08:00,8.156,1.0205169916152954
2379,40,2026-08-15T19:42:25.452+08:00,0.055329,0.169615,0.185417,3.0545903e-06,2026-08-15T19:42:33.612+08:00,8.154,1.5753419399261475
2380,40,2026-08-15T19:42:39.733+08:00,0.03953,0.297371,0.236359,3.0545903e-06,2026-08-15T19:42:47.892+08:00,8.153,-1.166346549987793
2381,40,2026-08-15T19:42:54.055+08:00,0.136873,0.175645,0.011174,3.0240444e-06,2026-08-15T19:43:02.218+08:00,8.157,4.672614097595215
2382,40,2026-08-15T19:43:07.756+08:00,0.330312,0.469895,0.077381,3.0240444e-06,2026-08-15T19:43:15.904+08:00,8.141,1.6145062446594238
2383,40,2026-08-15T19:43:21.987+08:00,0.054964,0.055862,0.002049,3.0240444e-06,2026-08-15T19:43:30.141+08:00,8.15,0.9086031913757324
2384,40,2026-08-15T19:43:36.192+08:00,0.23006,0.23006,0.016667,3.0240444e-06,2026-08-15T19:43:44.340+08:00,8.145,0.6756151914596558
2385,40,2026-08-15T19:43:50.404+08:00,0.060417,0.200298,0.1375,3.0240444e-06,2026-08-15T19:43:58.556+08:00,8.148,-0.06909465789794922
2386,40,2026-08-15T19:44:04.561+08:00,0.023271,0.120942,0.164218,3.0240444e-06,2026-08-15T19:44:12.713+08:00,8.148,3.9708173274993896
2387,40,2026-08-15T19:44:18.803+08:00,0.334172,0.396651,0.025,3.0240444e-06,2026-08-15T19:44:26.968+08:00,8.162,-0.10914939641952515
2388,40,2026-08-15T19:44:33.137+08:00,0.119168,0.119847,0.001812,3.0240444e-06,2026-08-15T19:44:41.295+08:00,8.152,2.9048562049865723
2389,40,2026-08-15T19:44:47.495+08:00,0.035773,0.112243,0.131944,3.0240444e-06,2026-08-15T19:44:55.672+08:00,8.171,0.28639379143714905
2390,40,2026-08-15T19:45:01.897+08:00,0.157627,0.217966,0.058199,3.0240444e-06,2026-08-15T19:45:10.059+08:00,8.156,-0.770744264125824
2391,40,2026-08-15T19:45:16.134+08:00,0.062599,0.158631,0.145833,3.0240444e-06,2026-08-15T19:45:24.288+08:00,8.15,4.209925651550293
2392,40,2026-08-15T19:45:30.352+08:00,0.14827,0.29827,0.1875,3.0240444e-06,2026-08-15T19:45:38.497+08:00,8.142,0.865158200263977
2393,40,2026-08-15T19:45:44.586+08:00,0.093548,0.232968,0.128125,3.0240444e-06,2026-08-15T19:45:52.735+08:00,8.146,1.1752934455871582
2394,40,2026-08-15T19:45:58.872+08:00,0.03819,0.043019,0.022773,3.0240444e-06,2026-08-15T19:46:07.032+08:00,8.154,1.5052211284637451
2395,40,2026-08-15T19:46:13.170+08:00,0.068527,0.207273,0.129167,3.0240444e-06,2026-08-15T19:46:21.333+08:00,8.157,-0.9425493478775024
2396,40,2026-08-15T19:46:27.494+08:00,0.123106,0.203259,0.057813,3.0240444e-06,2026-08-15T19:46:35.658+08:00,8.158,0.9835754632949829
2397,40,2026-08-15T19:46:41.836+08:00,0.193197,0.205129,0.066721,3.0240444e-06,2026-08-15T19:46:49.994+08:00,8.151,0.38655513525009155
2398,40,2026-08-15T19:46:56.199+08:00,0.113498,0.142912,0.044181,3.0240444e-06,2026-08-15T19:47:04.346+08:00,8.142,0.4610128402709961
2399,40,2026-08-15T19:47:10.478+08:00,0.141411,0.285447,0.129762,3.0240444e-06,2026-08-15T19:47:18.621+08:00,8.137,0.5600308775901794
2400,40,2026-08-15T19:47:24.749+08:00,0.15743,0.175287,0.072917,3.0240444e-06,2026-08-15T19:47:32.905+08:00,8.135,-1.5608465671539307
2401,40,2026-08-15T19:47:38.971+08:00,0.140972,0.140972,0.059524,2.9938039e-06,2026-08-15T19:47:47.123+08:00,8.146,1.7929664850234985
2402,40,2026-08-15T19:47:53.202+08:00,0.189314,0.30042,0.035417,2.9938039e-06,2026-08-15T19:48:01.350+08:00,8.142,-0.43317538499832153
2403,40,2026-08-15T19:48:07.360+08:00,0.10003,0.263313,0.134987,2.9938039e-06,2026-08-15T19:48:15.503+08:00,8.137,0.6310855746269226
2404,40,2026-08-15T19:48:22.087+08:00,0.117561,0.167561,0.041667,2.9938039e-06,2026-08-15T19:48:30.245+08:00,8.152,-0.7673439979553223
2405,40,2026-08-15T19:48:36.474+08:00,0.08497,0.301467,0.169167,2.9938039e-06,2026-08-15T19:48:44.639+08:00,8.16,0.12309029698371887
2406,40,2026-08-15T19:48:50.913+08:00,0.037091,0.042115,0.07364,2.9938039e-06,2026-08-15T19:48:59.083+08:00,8.164,1.4598331451416016
2407,40,2026-08-15T19:49:05.247+08:00,0.099642,0.198501,0.245536,2.9938039e-06,2026-08-15T19:49:13.367+08:00,8.114,4.304349899291992
2408,40,2026-08-15T19:49:19.388+08:00,0.097849,0.195392,0.115057,2.9938039e-06,2026-08-15T19:49:27.551+08:00,8.157,2.8696677684783936
2409,40,2026-08-15T19:49:33.609+08:00,0.148422,0.210922,0.0625,2.9938039e-06,2026-08-15T19:49:41.746+08:00,8.134,-0.4229036867618561
2410,40,2026-08-15T19:49:47.772+08:00,0.088698,0.165161,0.155853,2.9938039e-06,2026-08-15T19:49:55.941+08:00,8.162,-0.14493757486343384
2411,40,2026-08-15T19:50:01.961+08:00,0.083288,0.107317,0.037611,2.9938039e-06,2026-08-15T19:50:10.054+08:00,8.09,0.31616634130477905
2412,40,2026-08-15T19:50:16.147+08:00,0.206387,0.260417,0.080357,2.9938039e-06,2026-08-15T19:50:24.303+08:00,8.15,0.8970260620117188
2413,40,2026-08-15T19:50:30.469+08:00,0.10323,0.316878,0.127604,2.9938039e-06,2026-08-15T19:50:38.635+08:00,8.16,-0.30085402727127075
2414,40,2026-08-15T19:50:44.766+08:00,0.124714,0.171589,0.076389,2.9938039e-06,2026-08-15T19:50:52.915+08:00,8.143,-0.5738431215286255
2415,40,2026-08-15T19:50:59.142+08:00,0.137155,0.24653,0.104167,2.9938039e-06,2026-08-15T19:51:07.305+08:00,8.157,0.948826253414154
2416,40,2026-08-15T19:51:13.369+08:00,0.15381,0.285507,0.1875,2.9938039e-06,2026-08-15T19:51:21.523+08:00,8.148,1.016946792602539
2417,40,2026-08-15T19:51:27.561+08:00,0.111418,0.235971,0.220833,2.9938039e-06,2026-08-15T19:51:35.708+08:00,8.141,-0.27141112089157104
2418,40,2026-08-15T19:51:41.833+08:00,0.15492,0.174871,0.093655,2.9938039e-06,2026-08-15T19:51:49.987+08:00,8.148,0.7950642108917236
2419,40,2026-08-15T19:51:56.120+08:00,0.082165,0.154224,0.063889,2.9938039e-06,2026-08-15T19:52:04.276+08:00,8.15,1.7781915664672852
2420,40,2026-08-15T19:52:10.397+08:00,0.071031,0.121591,0.045139,2.9938039e-06,2026-08-15T19:52:18.555+08:00,8.152,-2.3224916458129883
2421,40,2026-08-15T19:52:24.696+08:00,0.156746,0.202579,0.117325,2.9638659e-06,2026-08-15T19:52:32.843+08:00,8.141,0.7600929737091064
2422,40,2026-08-15T19:52:39.034+08:00,0.049021,0.154917,0.082918,2.9638659e-06,2026-08-15T19:52:47.201+08:00,8.162,-0.029154658317565918
2423,40,2026-08-15T19:52:53.325+08:00,0.140395,0.23244,0.128198,2.9638659e-06,2026-08-15T19:53:01.487+08:00,8.158,1.1090632677078247
2424,40,2026-08-15T19:53:07.657+08:00,0.061938,0.103604,0.0625,2.9638659e-06,2026-08-15T19:53:15.809+08:00,8.149,3.069920539855957
2425,40,2026-08-15T19:53:21.927+08:00,0.075778,0.175744,0.029808,2.9638659e-06,2026-08-15T19:53:30.067+08:00,8.137,0.5291857123374939
2426,40,2026-08-15T19:53:36.176+08:00,0.022717,0.030234,0.022863,2.9638659e-06,2026-08-15T19:53:44.325+08:00,8.145,-0.44557905197143555
2427,40,2026-08-15T19:53:50.427+08:00,0.012054,0.047762,0.037554,2.9638659e-06,2026-08-15T19:53:58.562+08:00,8.131,2.555602550506592
2428,40,2026-08-15T19:54:04.600+08:00,0.015204,0.197175,0.151042,2.9638659e-06,2026-08-15T19:54:12.752+08:00,8.147,2.1999073028564453
2429,40,2026-08-15T19:54:18.815+08:00,0.039517,0.293236,0.116346,2.9638659e-06,2026-08-15T19:54:26.993+08:00,8.172,2.0179834365844727
2430,40,2026-08-15T19:54:33.178+08:00,0.064679,0.161489,0.10829,2.9638659e-06,2026-08-15T19:54:41.334+08:00,8.15,1.1231932640075684
2431,40,2026-08-15T19:54:47.411+08:00,0.108309,0.145809,0.125,2.9638659e-06,2026-08-15T19:54:55.573+08:00,8.157,1.485640525817871
2432,40,2026-08-15T19:55:01.624+08:00,0.254311,0.331234,0.041667,2.9638659e-06,2026-08-15T19:55:09.767+08:00,8.139,-0.19048988819122314
2433,40,2026-08-15T19:55:15.793+08:00,0.026981,0.277877,0.145833,2.9638659e-06,2026-08-15T19:55:23.932+08:00,8.133,1.1281564235687256
2434,40,2026-08-15T19:55:29.947+08:00,0.108963,0.510434,0.319666,2.9638659e-06,2026-08-15T19:55:38.096+08:00,8.142,-1.43439519405365
2435,40,2026-08-15T19:55:44.189+08:00,0.110008,0.232517,0.088542,2.9638659e-06,2026-08-15T19:55:52.346+08:00,8.152,2.0494463443756104
2436,40,2026-08-15T19:55:58.357+08:00,0.129553,0.172418,0.052083,2.9638659e-06,2026-08-15T19:56:06.512+08:00,8.15,-3.7195940017700195
2437,40,2026-08-15T19:56:12.544+08:00,0.107305,0.236237,0.16369,2.9638659e-06,2026-08-15T19:56:20.711+08:00,8.161,-0.0766448825597763
2438,40,2026-08-15T19:56:26.819+08:00,0.009493,0.366811,0.257937,2.9638659e-06,2026-08-15T19:56:34.983+08:00,8.158,1.3237254619598389
2439,40,2026-08-15T19:56:41.064+08:00,0.136388,0.169584,0.015714,2.9638659e-06,2026-08-15T19:56:49.221+08:00,8.152,-0.254987895488739
2440,40,2026-08-15T19:56:55.821+08:00,0.16349,0.233211,0.075126,2.9638659e-06,2026-08-15T19:57:03.985+08:00,8.158,0.5421456098556519
2441,40,2026-08-15T19:57:10.070+08:00,0.1587,0.315485,0.1875,2.9342272e-06,2026-08-15T19:57:18.221+08:00,8.145,0.5107631087303162
2442,40,2026-08-15T19:57:24.330+08:00,1.6e-05,0.074653,0.067008,2.9342272e-06,2026-08-15T19:57:32.482+08:00,8.146,1.8772759437561035
2443,40,2026-08-15T19:57:38.554+08:00,0.045932,0.099496,0.089022,2.9342272e-06,2026-08-15T19:57:46.706+08:00,8.146,1.0787135362625122
2444,40,2026-08-15T19:57:52.763+08:00,0.205224,0.271495,0.073413,2.9342272e-06,2026-08-15T19:58:00.899+08:00,8.131,2.023930311203003
2445,40,2026-08-15T19:58:07.015+08:00,0.198563,0.257054,0.072917,2.9342272e-06,2026-08-15T19:58:15.170+08:00,8.149,1.028990387916565
2446,40,2026-08-15T19:58:21.312+08:00,0.021997,0.309568,0.311828,2.9342272e-06,2026-08-15T19:58:29.474+08:00,8.157,0.25274327397346497
2447,40,2026-08-15T19:58:35.540+08:00,0.116455,0.170621,0.095013,2.9342272e-06,2026-08-15T19:58:43.704+08:00,8.158,0.06687644124031067
2448,40,2026-08-15T19:58:49.837+08:00,0.087495,0.201018,0.129565,2.9342272e-06,2026-08-15T19:58:57.999+08:00,8.157,-0.8964834809303284
2449,40,2026-08-15T19:59:04.125+08:00,0.103987,0.2275,0.166667,2.9342272e-06,2026-08-15T19:59:12.267+08:00,8.137,0.8777753114700317
2450,40,2026-08-15T19:59:18.314+08:00,0.074592,0.107925,0.041667,2.9342272e-06,2026-08-15T19:59:26.463+08:00,8.144,-1.242520809173584
2451,40,2026-08-15T19:59:32.509+08:00,0.091634,0.194209,0.127232,2.9342272e-06,2026-08-15T19:59:40.667+08:00,8.152,1.932554006576538
2452,40,2026-08-15T19:59:46.710+08:00,0.167824,0.271396,0.193452,2.9342272e-06,2026-08-15T19:59:54.851+08:00,8.135,1.2512928247451782
2453,40,2026-08-15T20:00:00.893+08:00,0.010561,0.090521,0.085317,2.9342272e-06,2026-08-15T20:00:09.052+08:00,8.154,0.3464357852935791
2454,40,2026-08-15T20:00:15.097+08:00,0.115714,0.142494,0.102083,2.9342272e-06,2026-08-15T20:00:23.246+08:00,8.144,0.19997887313365936
2455,40,2026-08-15T20:00:29.314+08:00,0.156153,0.276716,0.25871,2.9342272e-06,2026-08-15T20:00:37.461+08:00,8.141,0.2288232147693634
2456,40,2026-08-15T20:00:43.625+08:00,0.233818,0.317337,0.068452,2.9342272e-06,2026-08-15T20:00:51.785+08:00,8.153,2.996540069580078
2457,40,2026-08-15T20:00:57.869+08:00,0.078571,0.200926,0.09375,2.9342272e-06,2026-08-15T20:01:06.033+08:00,8.144,2.9204134941101074
2458,40,2026-08-15T20:01:12.088+08:00,0.068182,0.147254,0.2,2.9342272e-06,2026-08-15T20:01:20.224+08:00,8.131,0.7413394451141357
2459,40,2026-08-15T20:01:26.282+08:00,0.055357,0.154563,0.178571,2.9342272e-06,2026-08-15T20:01:34.422+08:00,8.135,0.5163379311561584
2460,40,2026-08-15T20:01:40.460+08:00,0.044413,0.119048,0.072321,2.9342272e-06,2026-08-15T20:01:48.602+08:00,8.137,2.1985199451446533
2461,40,2026-08-15T20:01:54.697+08:00,0.162687,0.237687,0.091667,2.9048849e-06,2026-08-15T20:02:02.830+08:00,8.127,1.1814451217651367
2462,40,2026-08-15T20:02:08.894+08:00,0.057645,0.117042,0.069072,2.9048849e-06,2026-08-15T20:02:17.038+08:00,8.139,0.9862751960754395
2463,40,2026-08-15T20:02:23.189+08:00,0.179316,0.31622,0.104167,2.9048849e-06,2026-08-15T20:02:31.341+08:00,8.147,-1.0175303220748901
2464,40,2026-08-15T20:02:37.455+08:00,0.147057,0.223237,0.104797,2.9048849e-06,2026-08-15T20:02:45.609+08:00,8.148,1.3484933376312256
2465,40,2026-08-15T20:02:51.723+08:00,0.086789,0.091295,0.009395,2.9048849e-06,2026-08-15T20:02:59.887+08:00,8.158,1.5942394733428955
2466,40,2026-08-15T20:03:06.022+08:00,0.016398,0.130683,0.133333,2.9048849e-06,2026-08-15T20:03:14.170+08:00,8.143,-1.5195561647415161
2467,40,2026-08-15T20:03:20.183+08:00,0.199725,0.199725,0.020833,2.9048849e-06,2026-08-15T20:03:28.333+08:00,8.145,0.23541274666786194
2468,40,2026-08-15T20:03:34.376+08:00,0.005681,0.236696,0.133829,2.9048849e-06,2026-08-15T20:03:42.532+08:00,8.151,1.1411333084106445
2469,40,2026-08-15T20:03:48.577+08:00,0.033402,0.116667,0.202473,2.9048849e-06,2026-08-15T20:03:56.723+08:00,8.143,1.408339262008667
2470,40,2026-08-15T20:04:02.735+08:00,0.161369,0.379411,0.143601,2.9048849e-06,2026-08-15T20:04:10.887+08:00,8.146,2.6358413696289062
2471,40,2026-08-15T20:04:16.988+08:00,0.039815,0.129856,0.080357,2.9048849e-06,2026-08-15T20:04:25.152+08:00,8.158,2.5972084999084473
2472,40,2026-08-15T20:04:31.321+08:00,0.277163,0.277163,0.025298,2.9048849e-06,2026-08-15T20:04:39.485+08:00,8.158,0.6771640181541443
2473,40,2026-08-15T20:04:45.693+08:00,0.130114,0.330688,0.163889,2.9048849e-06,2026-08-15T20:04:53.835+08:00,8.137,2.587416410446167
2474,40,2026-08-15T20:05:00.439+08:00,0.091277,0.196329,0.100852,2.9048849e-06,2026-08-15T20:05:08.594+08:00,8.15,1.2738295793533325
2475,40,2026-08-15T20:05:14.628+08:00,0.058192,0.198536,0.045139,2.9048849e-06,2026-08-15T20:05:22.783+08:00,8.149,2.1357245445251465
2476,40,2026-08-15T20:05:28.883+08:00,0.01519,0.175406,0.1875,2.9048849e-06,2026-08-15T20:05:36.996+08:00,8.106,0.36724698543548584
2477,40,2026-08-15T20:05:43.036+08:00,0.217091,0.220597,0.0125,2.9048849e-06,2026-08-15T20:05:51.167+08:00,8.125,-0.3786485195159912
2478,40,2026-08-15T20:05:57.253+08:00,0.079456,0.183594,0.1,2.9048849e-06,2026-08-15T20:06:05.411+08:00,8.152,0.046686045825481415
2479,40,2026-08-15T20:06:11.558+08:00,0.068972,0.240914,0.05728,2.9048849e-06,2026-08-15T20:06:19.712+08:00,8.148,0.07483553886413574
2480,40,2026-08-15T20:06:25.860+08:00,0.126514,0.194814,0.093056,2.9048849e-06,2026-08-15T20:06:34.010+08:00,8.144,0.8768792748451233
2481,40,2026-08-15T20:06:40.148+08:00,0.008423,0.215589,0.273065,2.8758361e-06,2026-08-15T20:06:48.312+08:00,8.158,1.3961232900619507
2482,40,2026-08-15T20:06:54.461+08:00,0.172599,0.239266,0.116071,2.8758361e-06,2026-08-15T20:07:02.625+08:00,8.158,0.2888069152832031
2483,40,2026-08-15T20:07:08.827+08:00,0.130723,0.207959,0.095833,2.8758361e-06,2026-08-15T20:07:16.984+08:00,8.151,1.728907585144043
2484,40,2026-08-15T20:07:23.104+08:00,0.084304,0.197035,0.15,2.8758361e-06,2026-08-15T20:07:31.250+08:00,8.143,2.3498144149780273
2485,40,2026-08-15T20:07:37.387+08:00,0.192616,0.265801,0.042614,2.8758361e-06,2026-08-15T20:07:45.529+08:00,8.136,0.3200145661830902
2486,40,2026-08-15T20:07:51.640+08:00,0.210827,0.398327,0.21875,2.8758361e-06,2026-08-15T20:07:59.778+08:00,8.133,0.6941477060317993
2487,40,2026-08-15T20:08:05.831+08:00,0.248712,0.387757,0.21875,2.8758361e-06,2026-08-15T20:08:13.979+08:00,8.142,0.6552653312683105
2488,40,2026-08-15T20:08:20.082+08:00,0.203821,0.226865,0.068347,2.8758361e-06,2026-08-15T20:08:28.244+08:00,8.157,0.5278700590133667
2489,40,2026-08-15T20:08:34.357+08:00,0.157455,0.202909,0.046875,2.8758361e-06,2026-08-15T20:08:42.510+08:00,8.148,3.9812264442443848
2490,40,2026-08-15T20:08:48.608+08:00,0.041345,0.096704,0.137409,2.8758361e-06,2026-08-15T20:08:56.761+08:00,8.147,0.949756920337677
2491,40,2026-08-15T20:09:02.990+08:00,0.007109,0.101013,0.093363,2.8758361e-06,2026-08-15T20:09:11.162+08:00,8.166,1.0375577211380005
2492,40,2026-08-15T20:09:17.255+08:00,0.094631,0.279928,0.141194,2.8758361e-06,2026-08-15T20:09:25.413+08:00,8.152,1.1664767265319824
2493,40,2026-08-15T20:09:31.494+08:00,0.052849,0.131407,0.084821,2.8758361e-06,2026-08-15T20:09:39.641+08:00,8.141,-0.5327857136726379
2494,40,2026-08-15T20:09:45.686+08:00,0.113055,0.225554,0.111607,2.8758361e-06,2026-08-15T20:09:53.837+08:00,8.145,0.6377884745597839
2495,40,2026-08-15T20:09:59.971+08:00,0.09852,0.144271,0.080357,2.8758361e-06,2026-08-15T20:10:08.099+08:00,8.122,1.1614046096801758
2496,40,2026-08-15T20:10:14.185+08:00,0.311882,0.311882,0.0,2.8758361e-06,2026-08-15T20:10:22.329+08:00,8.138,2.8700907230377197
2497,40,2026-08-15T20:10:28.506+08:00,0.060133,0.195514,0.05625,2.8758361e-06,2026-08-15T20:10:36.672+08:00,8.161,1.964113473892212
2498,40,2026-08-15T20:10:42.836+08:00,0.047917,0.272064,0.168899,2.8758361e-06,2026-08-15T20:10:50.996+08:00,8.154,0.5572736859321594
2499,40,2026-08-15T20:10:57.357+08:00,0.00498,0.291215,0.181548,2.8758361e-06,2026-08-15T20:11:05.531+08:00,8.167,-0.2658325135707855
2500,40,2026-08-15T20:11:11.768+08:00,0.218347,0.23918,0.0625,2.8758361e-06,2026-08-15T20:11:19.924+08:00,8.149,0.23986205458641052
2501,40,2026-08-15T20:11:29.344+08:00,0.116728,0.29942,0.1875,2.8470777e-06,2026-08-15T20:11:37.511+08:00,8.161,1.3063023090362549
2502,40,2026-08-15T20:11:43.838+08:00,0.090633,0.111227,0.058494,2.8470777e-06,2026-08-15T20:11:51.986+08:00,8.143,1.859682559967041
2503,40,2026-08-15T20:11:58.334+08:00,0.087504,0.206341,0.143849,2.8470777e-06,2026-08-15T20:12:06.489+08:00,8.148,-0.08810871839523315
2504,40,2026-08-15T20:12:12.786+08:00,0.239015,0.301515,0.071429,2.8470777e-06,2026-08-15T20:12:20.875+08:00,8.083,-0.7324745655059814
2505,40,2026-08-15T20:12:27.360+08:00,0.066887,0.165697,0.119894,2.8470777e-06,2026-08-15T20:12:35.520+08:00,8.154,-1.1914377212524414
2506,40,2026-08-15T20:12:41.929+08:00,0.08766,0.180511,0.084524,2.8470777e-06,2026-08-15T20:12:50.085+08:00,8.15,-0.029626965522766113
2507,40,2026-08-15T20:12:56.364+08:00,0.029272,0.107867,0.075,2.8470777e-06,2026-08-15T20:13:04.516+08:00,8.146,1.0309648513793945
2508,40,2026-08-15T20:13:11.447+08:00,0.172522,0.232235,0.093182,2.8470777e-06,2026-08-15T20:13:19.591+08:00,8.138,0.021560728549957275
2509,40,2026-08-15T20:13:25.879+08:00,0.12558,0.24204,0.099561,2.8470777e-06,2026-08-15T20:13:34.018+08:00,8.133,0.3302982449531555
2510,40,2026-08-15T20:13:40.282+08:00,0.090931,0.127715,0.05812,2.8470777e-06,2026-08-15T20:13:48.435+08:00,8.147,2.6102566719055176
2511,40,2026-08-15T20:13:54.707+08:00,0.091773,0.170536,0.045455,2.8470777e-06,2026-08-15T20:14:02.856+08:00,8.143,0.8470572233200073
2512,40,2026-08-15T20:14:09.124+08:00,0.015041,0.09147,0.116667,2.8470777e-06,2026-08-15T20:14:17.277+08:00,8.147,-1.4030194282531738
2513,40,2026-08-15T20:14:23.574+08:00,0.172674,0.208868,0.216146,2.8470777e-06,2026-08-15T20:14:31.709+08:00,8.13,-1.0421226024627686
2514,40,2026-08-15T20:14:38.042+08:00,0.089374,0.216293,0.109167,2.8470777e-06,2026-08-15T20:14:46.289+08:00,8.144,0.7313926219940186
2515,40,2026-08-15T20:14:52.416+08:00,0.10025,0.22364,0.150144,2.8470777e-06,2026-08-15T20:15:00.560+08:00,8.141,1.3113855123519897
2516,40,2026-08-15T20:15:06.903+08:00,0.07268,0.15048,0.096429,2.8470777e-06,2026-08-15T20:15:15.055+08:00,8.147,1.464982271194458
2517,40,2026-08-15T20:15:21.202+08:00,0.140224,0.299802,0.099405,2.8470777e-06,2026-08-15T20:15:29.354+08:00,8.146,1.4744994640350342
2518,40,2026-08-15T20:15:35.489+08:00,0.33163,0.420644,0.102679,2.8470777e-06,2026-08-15T20:15:43.634+08:00,8.139,0.6370390057563782
2519,40,2026-08-15T20:15:49.732+08:00,0.120833,0.183333,0.145833,2.8470777e-06,2026-08-15T20:15:57.879+08:00,8.141,0.977493941783905
2520,40,2026-08-15T20:16:03.954+08:00,0.22387,0.237943,0.04156,2.8470777e-06,2026-08-15T20:16:12.110+08:00,8.15,2.7433559894561768
2521,40,2026-08-15T20:16:18.193+08:00,0.083154,0.271394,0.1875,2.818607e-06,2026-08-15T20:16:26.351+08:00,8.153,1.6705390214920044
2522,40,2026-08-15T20:16:32.669+08:00,0.159163,0.211246,0.041667,2.818607e-06,2026-08-15T20:16:40.830+08:00,8.155,3.3147189617156982
2523,40,2026-08-15T20:16:47.098+08:00,0.072236,0.079723,0.059343,2.818607e-06,2026-08-15T20:16:55.255+08:00,8.152,2.3282265663146973
2524,40,2026-08-15T20:17:01.463+08:00,0.115523,0.158467,0.104978,2.818607e-06,2026-08-15T20:17:09.623+08:00,8.156,2.064300775527954
2525,40,2026-08-15T20:17:15.825+08:00,0.08341,0.176641,0.0875,2.818607e-06,2026-08-15T20:17:23.980+08:00,8.149,0.5540589094161987
2526,40,2026-08-15T20:17:30.141+08:00,0.026442,0.113961,0.097506,2.818607e-06,2026-08-15T20:17:38.286+08:00,8.139,0.9592977166175842
2527,40,2026-08-15T20:17:44.473+08:00,0.086824,0.205938,0.110119,2.818607e-06,2026-08-15T20:17:52.624+08:00,8.146,2.6954565048217773
2528,40,2026-08-15T20:17:58.848+08:00,0.042494,0.140687,0.104301,2.818607e-06,2026-08-15T20:18:07.001+08:00,8.148,1.1273914575576782
2529,40,2026-08-15T20:18:13.206+08:00,0.103331,0.243777,0.145833,2.818607e-06,2026-08-15T20:18:21.353+08:00,8.14,1.594271183013916
2530,40,2026-08-15T20:18:27.661+08:00,0.118864,0.178157,0.15625,2.818607e-06,2026-08-15T20:18:35.809+08:00,8.142,1.0624029636383057
2531,40,2026-08-15T20:18:42.039+08:00,0.148722,0.268143,0.066667,2.818607e-06,2026-08-15T20:18:50.190+08:00,8.146,-0.7195931673049927
2532,40,2026-08-15T20:18:56.449+08:00,0.175289,0.300674,0.065141,2.818607e-06,2026-08-15T20:19:04.598+08:00,8.143,2.2227630615234375
2533,40,2026-08-15T20:19:10.844+08:00,0.141556,0.171368,0.086699,2.818607e-06,2026-08-15T20:19:19.001+08:00,8.151,1.5386852025985718
2534,40,2026-08-15T20:19:25.121+08:00,0.000657,0.115453,0.168155,2.818607e-06,2026-08-15T20:19:33.274+08:00,8.15,1.261423110961914
2535,40,2026-08-15T20:19:39.361+08:00,0.218015,0.218015,0.014113,2.818607e-06,2026-08-15T20:19:47.500+08:00,8.134,1.1844396591186523
2536,40,2026-08-15T20:19:53.688+08:00,0.187619,0.285318,0.099306,2.818607e-06,2026-08-15T20:20:01.839+08:00,8.145,1.0764120817184448
2537,40,2026-08-15T20:20:08.036+08:00,0.11446,0.18299,0.054167,2.818607e-06,2026-08-15T20:20:16.190+08:00,8.148,0.6297835111618042
2538,40,2026-08-15T20:20:22.474+08:00,0.187149,0.312149,0.05,2.818607e-06,2026-08-15T20:20:30.626+08:00,8.144,1.7011942863464355
2539,40,2026-08-15T20:20:36.946+08:00,0.042278,0.091369,0.05,2.818607e-06,2026-08-15T20:20:45.105+08:00,8.152,1.578850269317627
2540,40,2026-08-15T20:20:51.178+08:00,0.038205,0.152778,0.129167,2.818607e-06,2026-08-15T20:20:59.338+08:00,8.154,1.043219804763794
2541,40,2026-08-15T20:21:05.573+08:00,0.23468,0.248564,0.025,2.7904209e-06,2026-08-15T20:21:13.720+08:00,8.141,1.7640234231948853
2542,40,2026-08-15T20:21:20.355+08:00,0.242088,0.262921,0.0625,2.7904209e-06,2026-08-15T20:21:28.490+08:00,8.129,0.3852347433567047
2543,40,2026-08-15T20:21:34.643+08:00,0.10241,0.10241,0.001736,2.7904209e-06,2026-08-15T20:21:42.786+08:00,8.137,2.035261392593384
2544,40,2026-08-15T20:21:48.826+08:00,0.105285,0.250844,0.059524,2.7904209e-06,2026-08-15T20:21:56.974+08:00,8.142,2.0897629261016846
2545,40,2026-08-15T20:22:03.038+08:00,0.095136,0.224303,0.091667,2.7904209e-06,2026-08-15T20:22:11.184+08:00,8.141,0.663856029510498
2546,40,2026-08-15T20:22:17.254+08:00,0.177579,0.318651,0.166667,2.7904209e-06,2026-08-15T20:22:25.399+08:00,8.139,-1.013001799583435
2547,40,2026-08-15T20:22:31.559+08:00,0.123003,0.17408,0.079241,2.7904209e-06,2026-08-15T20:22:39.711+08:00,8.147,1.8020029067993164
2548,40,2026-08-15T20:22:45.800+08:00,0.077797,0.110565,0.047287,2.7904209e-06,2026-08-15T20:22:53.957+08:00,8.152,-0.11979037523269653
2549,40,2026-08-15T20:23:00.016+08:00,0.107715,0.201835,0.152412,2.7904209e-06,2026-08-15T20:23:08.147+08:00,8.125,-0.5953801870346069
2550,40,2026-08-15T20:23:14.178+08:00,0.056318,0.269001,0.177083,2.7904209e-06,2026-08-15T20:23:22.324+08:00,8.141,0.3444198668003082
2551,40,2026-08-15T20:23:28.402+08:00,0.161252,0.28684,0.064024,2.7904209e-06,2026-08-15T20:23:36.544+08:00,8.137,-0.43105563521385193
2552,40,2026-08-15T20:23:42.562+08:00,0.144766,0.273355,0.090625,2.7904209e-06,2026-08-15T20:23:50.713+08:00,8.146,0.788260817527771
2553,40,2026-08-15T20:23:56.804+08:00,0.08112,0.201651,0.078045,2.7904209e-06,2026-08-15T20:24:04.945+08:00,8.135,1.8235595226287842
2554,40,2026-08-15T20:24:11.039+08:00,0.077971,0.084219,0.031579,2.7904209e-06,2026-08-15T20:24:19.188+08:00,8.143,0.8935717344284058
2555,40,2026-08-15T20:24:25.258+08:00,0.061525,0.123437,0.059152,2.7904209e-06,2026-08-15T20:24:33.409+08:00,8.146,1.3875534534454346
2556,40,2026-08-15T20:24:39.603+08:00,0.085567,0.254396,0.1875,2.7904209e-06,2026-08-15T20:24:47.742+08:00,8.133,1.111609697341919
2557,40,2026-08-15T20:24:53.980+08:00,0.163073,0.18404,0.033533,2.7904209e-06,2026-08-15T20:25:02.128+08:00,8.142,1.1321367025375366
2558,40,2026-08-15T20:25:08.324+08:00,0.077724,0.202682,0.025,2.7904209e-06,2026-08-15T20:25:16.476+08:00,8.146,3.44832181930542
2559,40,2026-08-15T20:25:22.541+08:00,0.153317,0.190086,0.096857,2.7904209e-06,2026-08-15T20:25:30.685+08:00,8.138,0.39390096068382263
2560,40,2026-08-15T20:25:36.815+08:00,0.138733,0.14304,0.022727,2.7904209e-06,2026-08-15T20:25:44.971+08:00,8.15,1.0015113353729248
2561,40,2026-08-15T20:25:51.082+08:00,0.169841,0.253175,0.104167,2.7625167e-06,2026-08-15T20:25:59.236+08:00,8.148,2.6880950927734375
2562,40,2026-08-15T20:26:05.371+08:00,0.211014,0.342955,0.13125,2.7625167e-06,2026-08-15T20:26:13.499+08:00,8.123,1.8076801300048828
2563,40,2026-08-15T20:26:19.592+08:00,0.132751,0.183346,0.104167,2.7625167e-06,2026-08-15T20:26:27.751+08:00,8.153,3.7545218467712402
2564,40,2026-08-15T20:26:33.964+08:00,0.226515,0.384498,0.125,2.7625167e-06,2026-08-15T20:26:42.117+08:00,8.147,0.3526739776134491
2565,40,2026-08-15T20:26:48.301+08:00,0.138781,0.239009,0.109539,2.7625167e-06,2026-08-15T20:26:56.454+08:00,8.148,1.4388799667358398
2566,40,2026-08-15T20:27:02.650+08:00,0.25257,0.298701,0.104167,2.7625167e-06,2026-08-15T20:27:10.790+08:00,8.134,0.6725589036941528
2567,40,2026-08-15T20:27:16.937+08:00,0.101416,0.221407,0.105114,2.7625167e-06,2026-08-15T20:27:25.085+08:00,8.143,1.9315876960754395
2568,40,2026-08-15T20:27:31.194+08:00,0.141531,0.219439,0.076996,2.7625167e-06,2026-08-15T20:27:39.344+08:00,8.146,3.826794147491455
2569,40,2026-08-15T20:27:45.450+08:00,0.095183,0.109072,0.035714,2.7625167e-06,2026-08-15T20:27:53.585+08:00,8.129,0.4818395972251892
2570,40,2026-08-15T20:27:59.705+08:00,0.131362,0.2284,0.084821,2.7625167e-06,2026-08-15T20:28:07.858+08:00,8.147,-1.1734473705291748
2571,40,2026-08-15T20:28:13.939+08:00,0.194477,0.194477,0.0,2.7625167e-06,2026-08-15T20:28:22.104+08:00,8.14,1.86538827419281
2572,40,2026-08-15T20:28:28.259+08:00,0.107054,0.149286,0.11152,2.7625167e-06,2026-08-15T20:28:36.414+08:00,8.15,2.1798362731933594
2573,40,2026-08-15T20:28:42.553+08:00,0.060794,0.164959,0.09375,2.7625167e-06,2026-08-15T20:28:50.702+08:00,8.144,1.4784618616104126
2574,40,2026-08-15T20:28:56.799+08:00,0.053527,0.25712,0.139583,2.7625167e-06,2026-08-15T20:29:04.955+08:00,8.151,1.7940784692764282
2575,40,2026-08-15T20:29:11.082+08:00,0.111524,0.182952,0.035714,2.7625167e-06,2026-08-15T20:29:19.229+08:00,8.141,0.2163529396057129
2576,40,2026-08-15T20:29:25.275+08:00,0.161673,0.27796,0.085764,2.7625167e-06,2026-08-15T20:29:33.422+08:00,8.142,1.7334200143814087
2577,40,2026-08-15T20:29:39.927+08:00,0.202348,0.202348,0.013889,2.7625167e-06,2026-08-15T20:29:48.065+08:00,8.132,2.0724947452545166
2578,40,2026-08-15T20:29:54.129+08:00,0.084256,0.147657,0.087798,2.7625167e-06,2026-08-15T20:30:02.281+08:00,8.146,1.2369364500045776
2579,40,2026-08-15T20:30:08.430+08:00,0.094396,0.094396,0.0,2.7625167e-06,2026-08-15T20:30:16.582+08:00,8.147,3.5098867416381836
2580,40,2026-08-15T20:30:22.691+08:00,0.23066,0.23557,0.008929,2.7625167e-06,2026-08-15T20:30:30.850+08:00,8.154,0.9934373497962952
2581,40,2026-08-15T20:30:36.905+08:00,0.088668,0.137753,0.0125,2.7348915e-06,2026-08-15T20:30:45.056+08:00,8.145,1.0710757970809937
2582,40,2026-08-15T20:30:51.284+08:00,0.104126,0.104126,0.01505,2.7348915e-06,2026-08-15T20:30:59.439+08:00,8.149,1.4566702842712402
2583,40,2026-08-15T20:31:05.577+08:00,0.094943,0.265575,0.215278,2.7348915e-06,2026-08-15T20:31:13.716+08:00,8.133,1.6535210609436035
2584,40,2026-08-15T20:31:19.780+08:00,0.141944,0.168056,0.071429,2.7348915e-06,2026-08-15T20:31:27.915+08:00,8.129,2.229077100753784
2585,40,2026-08-15T20:31:34.016+08:00,0.109902,0.168982,0.0875,2.7348915e-06,2026-08-15T20:31:42.158+08:00,8.135,0.9274101853370667
2586,40,2026-08-15T20:31:48.302+08:00,0.11275,0.332548,0.192308,2.7348915e-06,2026-08-15T20:31:56.435+08:00,8.127,0.9057414531707764
2587,40,2026-08-15T20:32:02.621+08:00,0.118405,0.122593,0.019935,2.7348915e-06,2026-08-15T20:32:10.771+08:00,8.145,1.2499597072601318
2588,40,2026-08-15T20:32:16.932+08:00,0.121483,0.177038,0.0625,2.7348915e-06,2026-08-15T20:32:25.061+08:00,8.12,3.0922622680664062
2589,40,2026-08-15T20:32:31.363+08:00,0.262128,0.351409,0.03125,2.7348915e-06,2026-08-15T20:32:39.507+08:00,8.138,0.19833531975746155
2590,40,2026-08-15T20:32:45.695+08:00,0.216829,0.448077,0.194293,2.7348915e-06,2026-08-15T20:32:53.846+08:00,8.145,1.4216344356536865
2591,40,2026-08-15T20:33:00.075+08:00,0.13554,0.170395,0.190476,2.7348915e-06,2026-08-15T20:33:08.235+08:00,8.154,3.0667624473571777
2592,40,2026-08-15T20:33:14.411+08:00,0.122786,0.16928,0.106399,2.7348915e-06,2026-08-15T20:33:22.554+08:00,8.137,4.307975769042969
2593,40,2026-08-15T20:33:28.615+08:00,0.043021,0.190793,0.213294,2.7348915e-06,2026-08-15T20:33:36.768+08:00,8.147,0.5998502969741821
2594,40,2026-08-15T20:33:42.799+08:00,0.132372,0.21015,0.153409,2.7348915e-06,2026-08-15T20:33:50.952+08:00,8.148,2.442852258682251
2595,40,2026-08-15T20:33:56.965+08:00,0.056621,0.253393,0.098958,2.7348915e-06,2026-08-15T20:34:05.109+08:00,8.138,2.6099207401275635
2596,40,2026-08-15T20:34:11.191+08:00,0.100119,0.140093,0.055556,2.7348915e-06,2026-08-15T20:34:19.346+08:00,8.15,5.328348159790039
2597,40,2026-08-15T20:34:25.415+08:00,0.040559,0.215027,0.246944,2.7348915e-06,2026-08-15T20:34:33.572+08:00,8.152,2.2365293502807617
2598,40,2026-08-15T20:34:39.702+08:00,0.138965,0.246152,0.058482,2.7348915e-06,2026-08-15T20:34:47.855+08:00,8.147,1.0081332921981812
2599,40,2026-08-15T20:34:53.963+08:00,0.129326,0.205831,0.0625,2.7348915e-06,2026-08-15T20:35:02.124+08:00,8.155,2.693408489227295
2600,40,2026-08-15T20:35:08.429+08:00,0.082888,0.107888,0.055102,2.7348915e-06,2026-08-15T20:35:16.590+08:00,8.155,1.8059427738189697
2601,40,2026-08-15T20:35:22.677+08:00,0.213906,0.279123,0.041667,2.7075426e-06,2026-08-15T20:35:30.817+08:00,8.136,-0.8009769916534424
2602,40,2026-08-15T20:35:36.881+08:00,0.105181,0.196753,0.097098,2.7075426e-06,2026-08-15T20:35:45.017+08:00,8.13,1.1576536893844604
2603,40,2026-08-15T20:35:51.098+08:00,0.08185,0.099708,0.041667,2.7075426e-06,2026-08-15T20:35:59.218+08:00,8.115,0.7560757398605347
2604,40,2026-08-15T20:36:05.358+08:00,0.209714,0.229193,0.047917,2.7075426e-06,2026-08-15T20:36:13.499+08:00,8.136,2.409195899963379
2605,40,2026-08-15T20:36:19.615+08:00,0.044617,0.108519,0.133929,2.7075426e-06,2026-08-15T20:36:27.777+08:00,8.156,2.9265410900115967
2606,40,2026-08-15T20:36:34.080+08:00,0.295139,0.350512,0.017857,2.7075426e-06,2026-08-15T20:36:42.203+08:00,8.117,2.823096752166748
2607,40,2026-08-15T20:36:48.545+08:00,0.071803,0.071803,0.0,2.7075426e-06,2026-08-15T20:36:56.697+08:00,8.147,0.7942788600921631
2608,40,2026-08-15T20:37:02.858+08:00,0.125001,0.235491,0.15625,2.7075426e-06,2026-08-15T20:37:11.010+08:00,8.147,-0.07527047395706177
2609,40,2026-08-15T20:37:17.201+08:00,0.026109,0.210299,0.096597,2.7075426e-06,2026-08-15T20:37:25.353+08:00,8.144,1.9301080703735352
2610,40,2026-08-15T20:37:31.449+08:00,0.179457,0.29727,0.212917,2.7075426e-06,2026-08-15T20:37:39.599+08:00,8.145,2.0168135166168213
2611,40,2026-08-15T20:37:45.640+08:00,0.15764,0.324237,0.048611,2.7075426e-06,2026-08-15T20:37:53.760+08:00,8.114,4.165457725524902
2612,40,2026-08-15T20:38:00.325+08:00,0.03049,0.193187,0.197917,2.7075426e-06,2026-08-15T20:38:08.460+08:00,8.129,0.3740512430667877
2613,40,2026-08-15T20:38:14.581+08:00,0.118639,0.184123,0.054041,2.7075426e-06,2026-08-15T20:38:22.700+08:00,8.114,4.909271240234375
2614,40,2026-08-15T20:38:28.904+08:00,0.014488,0.161154,0.284722,2.7075426e-06,2026-08-15T20:38:37.059+08:00,8.149,0.6519176363945007
2615,40,2026-08-15T20:38:43.261+08:00,0.056753,0.128505,0.064394,2.7075426e-06,2026-08-15T20:38:51.420+08:00,8.154,3.6589441299438477
2616,40,2026-08-15T20:38:57.577+08:00,0.122348,0.122348,0.0,2.7075426e-06,2026-08-15T20:39:05.729+08:00,8.146,2.7037124633789062
2617,40,2026-08-15T20:39:11.837+08:00,0.08837,0.21337,0.104167,2.7075426e-06,2026-08-15T20:39:19.976+08:00,8.133,1.1293814182281494
2618,40,2026-08-15T20:39:26.004+08:00,0.083201,0.308561,0.109513,2.7075426e-06,2026-08-15T20:39:34.138+08:00,8.128,2.389988899230957
2619,40,2026-08-15T20:39:40.267+08:00,0.107955,0.193371,0.08125,2.7075426e-06,2026-08-15T20:39:48.411+08:00,8.138,1.8764424324035645
2620,40,2026-08-15T20:39:54.533+08:00,0.107986,0.298512,0.1875,2.7075426e-06,2026-08-15T20:40:02.678+08:00,8.139,2.384943962097168
2621,40,2026-08-15T20:40:08.807+08:00,0.079419,0.235641,0.094697,2.6804672e-06,2026-08-15T20:40:16.960+08:00,8.146,1.706784963607788
2622,40,2026-08-15T20:40:23.041+08:00,0.207349,0.479938,0.129167,2.6804672e-06,2026-08-15T20:40:31.202+08:00,8.155,0.1274123191833496
2623,40,2026-08-15T20:40:37.365+08:00,0.120005,0.233997,0.086806,2.6804672e-06,2026-08-15T20:40:45.518+08:00,8.148,2.2673375606536865
2624,40,2026-08-15T20:40:51.616+08:00,0.03783,0.234349,0.214457,2.6804672e-06,2026-08-15T20:40:59.754+08:00,8.132,0.8926562070846558
2625,40,2026-08-15T20:41:05.889+08:00,0.060617,0.123117,0.056717,2.6804672e-06,2026-08-15T20:41:14.041+08:00,8.146,1.1937508583068848
2626,40,2026-08-15T20:41:20.149+08:00,0.161325,0.186988,0.03559,2.6804672e-06,2026-08-15T20:41:28.291+08:00,8.136,1.5840132236480713
2627,40,2026-08-15T20:41:34.427+08:00,0.101775,0.198928,0.054426,2.6804672e-06,2026-08-15T20:41:42.573+08:00,8.14,3.455181121826172
2628,40,2026-08-15T20:41:48.618+08:00,0.001371,0.180319,0.161706,2.6804672e-06,2026-08-15T20:41:56.790+08:00,8.147,-0.40799760818481445
2629,40,2026-08-15T20:42:02.919+08:00,0.174,0.303963,0.076389,2.6804672e-06,2026-08-15T20:42:11.051+08:00,8.126,2.2093708515167236
2630,40,2026-08-15T20:42:17.113+08:00,0.197325,0.234339,0.046205,2.6804672e-06,2026-08-15T20:42:25.248+08:00,8.129,0.8312259912490845
2631,40,2026-08-15T20:42:31.304+08:00,0.081775,0.153474,0.06118,2.6804672e-06,2026-08-15T20:42:39.461+08:00,8.151,1.281463861465454
2632,40,2026-08-15T20:42:45.530+08:00,0.074606,0.169841,0.072917,2.6804672e-06,2026-08-15T20:42:53.683+08:00,8.148,3.5420475006103516
2633,40,2026-08-15T20:42:59.733+08:00,0.06002,0.20092,0.119048,2.6804672e-06,2026-08-15T20:43:07.896+08:00,8.157,0.39474284648895264
2634,40,2026-08-15T20:43:14.181+08:00,0.108132,0.116784,0.033929,2.6804672e-06,2026-08-15T20:43:22.339+08:00,8.153,0.8988975286483765
2635,40,2026-08-15T20:43:28.450+08:00,0.160777,0.314694,0.129167,2.6804672e-06,2026-08-15T20:43:36.594+08:00,8.138,0.19250601530075073
2636,40,2026-08-15T20:43:42.730+08:00,0.11117,0.208453,0.111328,2.6804672e-06,2026-08-15T20:43:50.877+08:00,8.141,0.5063285231590271
2637,40,2026-08-15T20:43:57.009+08:00,0.069987,0.165224,0.125,2.6804672e-06,2026-08-15T20:44:05.152+08:00,8.138,-0.02710910141468048
2638,40,2026-08-15T20:44:11.367+08:00,0.104822,0.254288,0.310208,2.6804672e-06,2026-08-15T20:44:19.500+08:00,8.127,0.42283952236175537
2639,40,2026-08-15T20:44:25.612+08:00,0.045461,0.063312,0.034615,2.6804672e-06,2026-08-15T20:44:33.772+08:00,8.154,1.1496084928512573
2640,40,2026-08-15T20:44:40.050+08:00,0.000455,0.092874,0.121104,2.6804672e-06,2026-08-15T20:44:48.208+08:00,8.152,5.213040351867676
2641,40,2026-08-15T20:44:54.417+08:00,0.004568,0.159057,0.070833,2.6536625e-06,2026-08-15T20:45:02.568+08:00,8.145,0.6637865304946899
2642,40,2026-08-15T20:45:08.708+08:00,0.197641,0.326592,0.047348,2.6536625e-06,2026-08-15T20:45:16.865+08:00,8.151,3.724738597869873
2643,40,2026-08-15T20:45:22.936+08:00,0.115194,0.156723,0.049107,2.6536625e-06,2026-08-15T20:45:31.080+08:00,8.138,4.174782752990723
2644,40,2026-08-15T20:45:37.138+08:00,0.118519,0.305998,0.0875,2.6536625e-06,2026-08-15T20:45:45.287+08:00,8.144,0.15584564208984375
2645,40,2026-08-15T20:45:51.799+08:00,0.185876,0.227543,0.125,2.6536625e-06,2026-08-15T20:45:59.942+08:00,8.138,0.6535499691963196
2646,40,2026-08-15T20:46:05.983+08:00,0.058105,0.179458,0.090625,2.6536625e-06,2026-08-15T20:46:14.127+08:00,8.139,4.2854390144348145
2647,40,2026-08-15T20:46:20.177+08:00,0.082085,0.136726,0.048246,2.6536625e-06,2026-08-15T20:46:28.323+08:00,8.14,0.2624832093715668
2648,40,2026-08-15T20:46:34.398+08:00,0.084645,0.259301,0.186458,2.6536625e-06,2026-08-15T20:46:42.547+08:00,8.143,0.5417487621307373
2649,40,2026-08-15T20:46:48.661+08:00,0.15639,0.302224,0.1875,2.6536625e-06,2026-08-15T20:46:56.812+08:00,8.145,-0.17838382720947266
2650,40,2026-08-15T20:47:02.926+08:00,0.119521,0.195265,0.053378,2.6536625e-06,2026-08-15T20:47:11.059+08:00,8.127,-0.3149605989456177
2651,40,2026-08-15T20:47:17.123+08:00,0.192382,0.192382,0.005952,2.6536625e-06,2026-08-15T20:47:25.269+08:00,8.142,3.095630168914795
2652,40,2026-08-15T20:47:31.392+08:00,0.069801,0.179141,0.114183,2.6536625e-06,2026-08-15T20:47:39.525+08:00,8.127,-3.0216708183288574
2653,40,2026-08-15T20:47:45.616+08:00,0.050081,0.132238,0.108333,2.6536625e-06,2026-08-15T20:47:53.761+08:00,8.14,2.1958467960357666
2654,40,2026-08-15T20:47:59.816+08:00,0.098914,0.116771,0.03125,2.6536625e-06,2026-08-15T20:48:07.948+08:00,8.126,0.23869973421096802
2655,40,2026-08-15T20:48:14.042+08:00,0.022403,0.108659,0.128107,2.6536625e-06,2026-08-15T20:48:22.195+08:00,8.148,4.032429218292236
2656,40,2026-08-15T20:48:28.349+08:00,0.007104,0.090972,0.09875,2.6536625e-06,2026-08-15T20:48:36.506+08:00,8.152,0.7660393118858337
2657,40,2026-08-15T20:48:42.674+08:00,0.035703,0.103866,0.091964,2.6536625e-06,2026-08-15T20:48:50.832+08:00,8.152,-0.4536038637161255
2658,40,2026-08-15T20:48:56.888+08:00,0.121758,0.121758,0.008333,2.6536625e-06,2026-08-15T20:49:05.048+08:00,8.154,1.7885048389434814
2659,40,2026-08-15T20:49:11.110+08:00,0.154823,0.249003,0.081731,2.6536625e-06,2026-08-15T20:49:19.266+08:00,8.151,2.042203187942505
2660,40,2026-08-15T20:49:25.300+08:00,0.141885,0.257948,0.046875,2.6536625e-06,2026-08-15T20:49:33.440+08:00,8.134,0.11046934127807617
2661,40,2026-08-15T20:49:39.558+08:00,0.155176,0.234459,0.017857,2.6271259e-06,2026-08-15T20:49:47.706+08:00,8.142,1.466766595840454
2662,40,2026-08-15T20:49:53.762+08:00,0.099746,0.349725,0.205208,2.6271259e-06,2026-08-15T20:50:01.913+08:00,8.145,2.624419689178467
2663,40,2026-08-15T20:50:07.970+08:00,0.216071,0.341071,0.15625,2.6271259e-06,2026-08-15T20:50:16.093+08:00,8.119,2.156620502471924
2664,40,2026-08-15T20:50:22.148+08:00,0.216213,0.373355,0.1875,2.6271259e-06,2026-08-15T20:50:30.269+08:00,8.115,-1.3441438674926758
2665,40,2026-08-15T20:50:36.372+08:00,0.032413,0.100931,0.14678,2.6271259e-06,2026-08-15T20:50:44.528+08:00,8.151,0.6556137204170227
2666,40,2026-08-15T20:50:50.598+08:00,0.272482,0.346345,0.114583,2.6271259e-06,2026-08-15T20:50:58.742+08:00,8.14,0.5547788739204407
2667,40,2026-08-15T20:51:04.890+08:00,0.232589,0.232589,0.0,2.6271259e-06,2026-08-15T20:51:13.048+08:00,8.152,1.5778312683105469
2668,40,2026-08-15T20:51:19.167+08:00,0.046012,0.253977,0.104167,2.6271259e-06,2026-08-15T20:51:27.306+08:00,8.134,-0.8526656627655029
2669,40,2026-08-15T20:51:33.353+08:00,0.211175,0.299716,0.098214,2.6271259e-06,2026-08-15T20:51:41.499+08:00,8.14,1.208672046661377
2670,40,2026-08-15T20:51:47.643+08:00,0.170203,0.223773,0.035714,2.6271259e-06,2026-08-15T20:51:55.732+08:00,8.082,-1.2418774366378784
2671,40,2026-08-15T20:52:01.781+08:00,0.083611,0.10444,0.026786,2.6271259e-06,2026-08-15T20:52:09.916+08:00,8.129,-0.12733778357505798
2672,40,2026-08-15T20:52:15.957+08:00,0.147805,0.201026,0.078283,2.6271259e-06,2026-08-15T20:52:24.103+08:00,8.14,3.901736259460449
2673,40,2026-08-15T20:52:30.210+08:00,0.058087,0.345536,0.116667,2.6271259e-06,2026-08-15T20:52:38.368+08:00,8.153,-0.01118767261505127
2674,40,2026-08-15T20:52:44.469+08:00,0.173916,0.325519,0.125,2.6271259e-06,2026-08-15T20:52:52.618+08:00,8.143,1.4434373378753662
2675,40,2026-08-15T20:52:58.674+08:00,0.069007,0.251469,0.127717,2.6271259e-06,2026-08-15T20:53:06.829+08:00,8.149,2.188953399658203
2676,40,2026-08-15T20:53:12.909+08:00,0.132499,0.215558,0.03869,2.6271259e-06,2026-08-15T20:53:21.050+08:00,8.136,0.7225346565246582
2677,40,2026-08-15T20:53:27.037+08:00,0.152352,0.167957,0.020833,2.6271259e-06,2026-08-15T20:53:35.182+08:00,8.138,1.1358702182769775
2678,40,2026-08-15T20:53:41.234+08:00,0.170187,0.258191,0.24494,2.6271259e-06,2026-08-15T20:53:49.364+08:00,8.124,0.45896995067596436
2679,40,2026-08-15T20:53:55.388+08:00,0.085251,0.086907,0.023019,2.6271259e-06,2026-08-15T20:54:03.541+08:00,8.148,1.9075168371200562
2680,40,2026-08-15T20:54:10.099+08:00,0.161133,0.161133,0.0,2.6271259e-06,2026-08-15T20:54:18.242+08:00,8.137,0.9268564581871033
2681,40,2026-08-15T20:54:24.301+08:00,0.140926,0.286467,0.09871,2.6008546e-06,2026-08-15T20:54:32.448+08:00,8.141,-0.2557401657104492
2682,40,2026-08-15T20:54:38.548+08:00,0.129527,0.256895,0.208333,2.6008546e-06,2026-08-15T20:54:46.695+08:00,8.142,2.199528694152832
2683,40,2026-08-15T20:54:52.784+08:00,0.020521,0.135193,0.074853,2.6008546e-06,2026-08-15T20:55:00.943+08:00,8.153,3.2154884338378906
2684,40,2026-08-15T20:55:07.044+08:00,0.143595,0.276522,0.122024,2.6008546e-06,2026-08-15T20:55:15.199+08:00,8.149,2.126309394836426
2685,40,2026-08-15T20:55:21.360+08:00,0.041045,0.09361,0.126894,2.6008546e-06,2026-08-15T20:55:29.518+08:00,8.137,-0.11425462365150452
2686,40,2026-08-15T20:55:35.604+08:00,0.124159,0.208979,0.135417,2.6008546e-06,2026-08-15T20:55:43.753+08:00,8.143,-0.5170372724533081
2687,40,2026-08-15T20:55:49.830+08:00,0.277081,0.392948,0.114583,2.6008546e-06,2026-08-15T20:55:57.965+08:00,8.129,-0.38219404220581055
2688,40,2026-08-15T20:56:03.981+08:00,0.050064,0.237143,0.115625,2.6008546e-06,2026-08-15T20:56:12.128+08:00,8.14,1.7125015258789062
2689,40,2026-08-15T20:56:18.229+08:00,0.1942,0.19579,0.008444,2.6008546e-06,2026-08-15T20:56:26.371+08:00,8.139,0.7774567604064941
2690,40,2026-08-15T20:56:32.388+08:00,0.135163,0.25766,0.116667,2.6008546e-06,2026-08-15T20:56:40.519+08:00,8.127,-0.9681951403617859
2691,40,2026-08-15T20:56:46.655+08:00,0.10696,0.185227,0.085227,2.6008546e-06,2026-08-15T20:56:54.797+08:00,8.139,-1.4279232025146484
2692,40,2026-08-15T20:57:00.969+08:00,0.08623,0.186196,0.05,2.6008546e-06,2026-08-15T20:57:09.129+08:00,8.153,1.9539328813552856
2693,40,2026-08-15T20:57:15.471+08:00,0.266291,0.393556,0.092949,2.6008546e-06,2026-08-15T20:57:23.622+08:00,8.145,-0.28012561798095703
2694,40,2026-08-15T20:57:29.763+08:00,0.109208,0.356815,0.176282,2.6008546e-06,2026-08-15T20:57:37.886+08:00,8.117,1.3317574262619019
2695,40,2026-08-15T20:57:44.013+08:00,0.125553,0.183998,0.069697,2.6008546e-06,2026-08-15T20:57:52.154+08:00,8.136,3.536285161972046
2696,40,2026-08-15T20:57:58.296+08:00,0.151573,0.167198,0.055556,2.6008546e-06,2026-08-15T20:58:06.451+08:00,8.148,1.9739363193511963
2697,40,2026-08-15T20:58:12.579+08:00,0.102555,0.157375,0.075,2.6008546e-06,2026-08-15T20:58:20.736+08:00,8.151,2.1178526878356934
2698,40,2026-08-15T20:58:26.792+08:00,0.228838,0.30487,0.076389,2.6008546e-06,2026-08-15T20:58:34.940+08:00,8.142,1.8079184293746948
2699,40,2026-08-15T20:58:41.209+08:00,0.10281,0.128009,0.027414,2.6008546e-06,2026-08-15T20:58:49.373+08:00,8.159,0.2060876488685608
2700,40,2026-08-15T20:58:55.588+08:00,0.165859,0.165909,0.014414,2.6008546e-06,2026-08-15T20:59:03.737+08:00,8.143,1.181938886642456
2701,40,2026-08-15T20:59:10.195+08:00,0.011255,0.148848,0.149872,2.5748461e-06,2026-08-15T20:59:18.364+08:00,8.163,-0.49653613567352295
2702,40,2026-08-15T20:59:24.468+08:00,0.157828,0.225136,0.043333,2.5748461e-06,2026-08-15T20:59:32.586+08:00,8.113,-2.541106700897217
2703,40,2026-08-15T20:59:38.667+08:00,0.080295,0.172255,0.108795,2.5748461e-06,2026-08-15T20:59:46.814+08:00,8.141,2.2016382217407227
2704,40,2026-08-15T20:59:52.842+08:00,0.06862,0.133874,0.074348,2.5748461e-06,2026-08-15T21:00:00.984+08:00,8.136,1.1676864624023438
2705,40,2026-08-15T21:00:07.045+08:00,0.112875,0.29596,0.1,2.5748461e-06,2026-08-15T21:00:15.184+08:00,8.133,-0.37394845485687256
2706,40,2026-08-15T21:00:21.228+08:00,0.140541,0.254664,0.206731,2.5748461e-06,2026-08-15T21:00:29.372+08:00,8.139,-1.7375925779342651
2707,40,2026-08-15T21:00:35.502+08:00,0.065464,0.132761,0.055556,2.5748461e-06,2026-08-15T21:00:43.657+08:00,8.149,1.9497281312942505
2708,40,2026-08-15T21:00:49.790+08:00,0.163869,0.218498,0.070833,2.5748461e-06,2026-08-15T21:00:57.944+08:00,8.148,4.507708549499512
2709,40,2026-08-15T21:01:03.982+08:00,0.117033,0.255045,0.102778,2.5748461e-06,2026-08-15T21:01:12.128+08:00,8.141,1.268445372581482
2710,40,2026-08-15T21:01:18.243+08:00,0.087791,0.244134,0.099729,2.5748461e-06,2026-08-15T21:01:26.373+08:00,8.124,0.9876146912574768
2711,40,2026-08-15T21:01:32.418+08:00,0.153307,0.171043,0.040625,2.5748461e-06,2026-08-15T21:01:40.561+08:00,8.138,-0.04262888431549072
2712,40,2026-08-15T21:01:46.597+08:00,0.104396,0.264565,0.122917,2.5748461e-06,2026-08-15T21:01:54.737+08:00,8.134,0.33819904923439026
2713,40,2026-08-15T21:02:00.791+08:00,0.161792,0.162586,0.026214,2.5748461e-06,2026-08-15T21:02:08.921+08:00,8.123,2.115690231323242
2714,40,2026-08-15T21:02:14.963+08:00,0.097019,0.263822,0.125408,2.5748461e-06,2026-08-15T21:02:23.095+08:00,8.127,1.980818748474121
2715,40,2026-08-15T21:02:29.134+08:00,0.185618,0.245246,0.141372,2.5748461e-06,2026-08-15T21:02:37.269+08:00,8.13,1.9036778211593628
2716,40,2026-08-15T21:02:43.844+08:00,0.098562,0.121718,0.028186,2.5748461e-06,2026-08-15T21:02:52.003+08:00,8.154,0.5358337163925171
2717,40,2026-08-15T21:02:58.077+08:00,0.174791,0.252658,0.017857,2.5748461e-06,2026-08-15T21:03:06.220+08:00,8.138,0.8226226568222046
2718,40,2026-08-15T21:03:12.312+08:00,0.138167,0.138167,0.0,2.5748461e-06,2026-08-15T21:03:20.470+08:00,8.152,0.861792802810669
2719,40,2026-08-15T21:03:26.608+08:00,0.132201,0.144949,0.039062,2.5748461e-06,2026-08-15T21:03:34.764+08:00,8.15,0.37380170822143555
2720,40,2026-08-15T21:03:40.907+08:00,0.105711,0.143087,0.017857,2.5748461e-06,2026-08-15T21:03:49.063+08:00,8.15,4.728949069976807
2721,40,2026-08-15T21:03:55.180+08:00,0.083124,0.179392,0.140625,2.5490976e-06,2026-08-15T21:04:03.340+08:00,8.154,0.44784027338027954
2722,40,2026-08-15T21:04:09.519+08:00,0.091577,0.091577,0.020833,2.5490976e-06,2026-08-15T21:04:17.668+08:00,8.143,1.7046232223510742
2723,40,2026-08-15T21:04:23.717+08:00,0.167695,0.187754,0.034615,2.5490976e-06,2026-08-15T21:04:31.865+08:00,8.143,0.27788808941841125
2724,40,2026-08-15T21:04:37.902+08:00,0.244529,0.250298,0.01087,2.5490976e-06,2026-08-15T21:04:46.060+08:00,8.153,1.9189627170562744
2725,40,2026-08-15T21:04:52.166+08:00,0.137466,0.315591,0.10783,2.5490976e-06,2026-08-15T21:05:00.324+08:00,8.152,-0.47671979665756226
2726,40,2026-08-15T21:05:06.347+08:00,0.074197,0.210367,0.155587,2.5490976e-06,2026-08-15T21:05:14.508+08:00,8.156,0.4341343641281128
2727,40,2026-08-15T21:05:20.592+08:00,0.044662,0.115813,0.062829,2.5490976e-06,2026-08-15T21:05:28.743+08:00,8.146,-0.5186060667037964
2728,40,2026-08-15T21:05:34.819+08:00,0.114574,0.218032,0.144196,2.5490976e-06,2026-08-15T21:05:42.975+08:00,8.15,-1.1783735752105713
2729,40,2026-08-15T21:05:49.025+08:00,0.216667,0.216667,0.014706,2.5490976e-06,2026-08-15T21:05:57.171+08:00,8.139,1.1334984302520752
2730,40,2026-08-15T21:06:03.263+08:00,0.103704,0.207738,0.033333,2.5490976e-06,2026-08-15T21:06:11.409+08:00,8.141,1.1562118530273438
2731,40,2026-08-15T21:06:17.512+08:00,0.120303,0.135744,0.013889,2.5490976e-06,2026-08-15T21:06:25.664+08:00,8.146,-0.8507537841796875
2732,40,2026-08-15T21:06:31.755+08:00,0.013719,0.106224,0.026989,2.5490976e-06,2026-08-15T21:06:39.919+08:00,8.159,0.6690030097961426
2733,40,2026-08-15T21:06:46.021+08:00,0.074893,0.130944,0.141667,2.5490976e-06,2026-08-15T21:06:54.176+08:00,8.149,0.4640672206878662
2734,40,2026-08-15T21:07:00.256+08:00,0.126553,0.240665,0.117828,2.5490976e-06,2026-08-15T21:07:08.399+08:00,8.139,-0.19337430596351624
2735,40,2026-08-15T21:07:14.511+08:00,0.068314,0.279028,0.263889,2.5490976e-06,2026-08-15T21:07:22.662+08:00,8.146,0.6325335502624512
2736,40,2026-08-15T21:07:28.721+08:00,0.01859,0.106939,0.154487,2.5490976e-06,2026-08-15T21:07:36.873+08:00,8.146,0.9137569665908813
2737,40,2026-08-15T21:07:42.939+08:00,0.005043,0.114996,0.08125,2.5490976e-06,2026-08-15T21:07:51.089+08:00,8.144,-1.2869311571121216
2738,40,2026-08-15T21:07:57.164+08:00,0.220958,0.220958,0.0,2.5490976e-06,2026-08-15T21:08:05.312+08:00,8.142,1.5019559860229492
2739,40,2026-08-15T21:08:11.350+08:00,0.11116,0.23616,0.253571,2.5490976e-06,2026-08-15T21:08:19.498+08:00,8.143,-0.09360027313232422
2740,40,2026-08-15T21:08:25.552+08:00,0.071829,0.153186,0.047917,2.5490976e-06,2026-08-15T21:08:33.688+08:00,8.131,2.015566825866699
2741,40,2026-08-15T21:08:39.875+08:00,0.144587,0.144587,0.0,2.5236066e-06,2026-08-15T21:08:48.018+08:00,8.138,0.41012319922447205
2742,40,2026-08-15T21:08:54.178+08:00,0.016988,0.018485,0.026664,2.5236066e-06,2026-08-15T21:09:02.334+08:00,8.151,-3.919562339782715
2743,40,2026-08-15T21:09:08.470+08:00,0.050384,0.093962,0.051825,2.5236066e-06,2026-08-15T21:09:16.645+08:00,8.15,0.1448204517364502
2744,40,2026-08-15T21:09:22.679+08:00,0.155386,0.22483,0.083333,2.5236066e-06,2026-08-15T21:09:30.822+08:00,8.14,1.3611468076705933
2745,40,2026-08-15T21:09:36.769+08:00,0.087732,0.168232,0.173873,2.5236066e-06,2026-08-15T21:09:44.910+08:00,8.136,0.11368036270141602
2746,40,2026-08-15T21:09:50.987+08:00,0.11398,0.286084,0.18628,2.5236066e-06,2026-08-15T21:09:59.121+08:00,8.128,-0.5411989688873291
2747,40,2026-08-15T21:10:05.154+08:00,0.125815,0.125815,0.001786,2.5236066e-06,2026-08-15T21:10:13.300+08:00,8.142,0.45748746395111084
2748,40,2026-08-15T21:10:19.463+08:00,0.296166,0.296166,0.0,2.5236066e-06,2026-08-15T21:10:27.606+08:00,8.138,1.8699568510055542
2749,40,2026-08-15T21:10:33.679+08:00,0.086838,0.095839,0.01404,2.5236066e-06,2026-08-15T21:10:41.841+08:00,8.156,0.8342361450195312
2750,40,2026-08-15T21:10:47.960+08:00,0.09816,0.171398,0.103967,2.5236066e-06,2026-08-15T21:10:56.108+08:00,8.143,5.074921607971191
2751,40,2026-08-15T21:11:02.170+08:00,0.144444,0.144444,0.03125,2.5236066e-06,2026-08-15T21:11:10.641+08:00,8.466,-2.486015796661377
2752,40,2026-08-15T21:11:16.703+08:00,0.10351,0.10351,0.0375,2.5236066e-06,2026-08-15T21:11:24.852+08:00,8.144,0.1824410855770111
2753,40,2026-08-15T21:11:30.853+08:00,0.161936,0.232244,0.06456,2.5236066e-06,2026-08-15T21:11:38.988+08:00,8.13,1.3545023202896118
2754,40,2026-08-15T21:11:44.991+08:00,0.136594,0.199091,0.033523,2.5236066e-06,2026-08-15T21:11:53.132+08:00,8.135,1.6961559057235718
2755,40,2026-08-15T21:11:59.200+08:00,0.139908,0.151258,0.095833,2.5236066e-06,2026-08-15T21:12:07.348+08:00,8.143,-0.7482271194458008
2756,40,2026-08-15T21:12:13.354+08:00,0.093111,0.176443,0.111378,2.5236066e-06,2026-08-15T21:12:21.500+08:00,8.14,0.49112001061439514
2757,40,2026-08-15T21:12:27.593+08:00,0.221301,0.412499,0.254032,2.5236066e-06,2026-08-15T21:12:35.737+08:00,8.139,1.2313849925994873
2758,40,2026-08-15T21:12:41.858+08:00,0.067778,0.177695,0.080729,2.5236066e-06,2026-08-15T21:12:50.013+08:00,8.149,0.05688530206680298
2759,40,2026-08-15T21:12:56.109+08:00,0.217835,0.294178,0.10119,2.5236066e-06,2026-08-15T21:13:04.275+08:00,8.161,0.6928659677505493
2760,40,2026-08-15T21:13:10.440+08:00,0.124363,0.202484,0.03125,2.5236066e-06,2026-08-15T21:13:18.597+08:00,8.152,0.6403628587722778
2761,40,2026-08-15T21:13:24.634+08:00,0.118163,0.380313,0.254464,2.4983706e-06,2026-08-15T21:13:32.758+08:00,8.119,1.8742003440856934
2762,40,2026-08-15T21:13:38.809+08:00,0.054716,0.088182,0.033434,2.4983706e-06,2026-08-15T21:13:46.960+08:00,8.146,1.2043776512145996
2763,40,2026-08-15T21:13:53.018+08:00,0.082198,0.218835,0.130208,2.4983706e-06,2026-08-15T21:14:01.157+08:00,8.134,1.090457558631897
2764,40,2026-08-15T21:14:07.253+08:00,0.223203,0.3175,0.101295,2.4983706e-06,2026-08-15T21:14:15.398+08:00,8.139,2.317291736602783
2765,40,2026-08-15T21:14:21.488+08:00,0.152438,0.201521,0.052083,2.4983706e-06,2026-08-15T21:14:29.640+08:00,8.146,0.6674530506134033
2766,40,2026-08-15T21:14:35.764+08:00,0.165114,0.165114,0.009615,2.4983706e-06,2026-08-15T21:14:43.912+08:00,8.142,0.6846356391906738
2767,40,2026-08-15T21:14:50.049+08:00,0.209022,0.254476,0.041667,2.4983706e-06,2026-08-15T21:14:58.201+08:00,8.146,1.2467045783996582
2768,40,2026-08-15T21:15:04.307+08:00,0.088911,0.113911,0.047917,2.4983706e-06,2026-08-15T21:15:12.462+08:00,8.149,1.9507265090942383
2769,40,2026-08-15T21:15:18.513+08:00,0.021195,0.113487,0.054167,2.4983706e-06,2026-08-15T21:15:26.671+08:00,8.153,0.8238269090652466
2770,40,2026-08-15T21:15:32.688+08:00,0.058361,0.141667,0.034615,2.4983706e-06,2026-08-15T21:15:40.840+08:00,8.146,-0.24028852581977844
2771,40,2026-08-15T21:15:46.913+08:00,0.174621,0.174621,0.042614,2.4983706e-06,2026-08-15T21:15:55.063+08:00,8.145,2.433743715286255
2772,40,2026-08-15T21:16:01.210+08:00,0.259722,0.309722,0.041667,2.4983706e-06,2026-08-15T21:16:09.355+08:00,8.138,0.4467267394065857
2773,40,2026-08-15T21:16:15.459+08:00,0.106448,0.187086,0.075466,2.4983706e-06,2026-08-15T21:16:23.610+08:00,8.145,0.5709999799728394
2774,40,2026-08-15T21:16:29.659+08:00,0.000492,0.068674,0.082532,2.4983706e-06,2026-08-15T21:16:37.813+08:00,8.148,0.30814898014068604
2775,40,2026-08-15T21:16:43.870+08:00,0.25948,0.309478,0.043304,2.4983706e-06,2026-08-15T21:16:52.027+08:00,8.151,1.4595762491226196
2776,40,2026-08-15T21:16:58.151+08:00,0.13981,0.346181,0.203731,2.4983706e-06,2026-08-15T21:17:06.311+08:00,8.155,2.055812120437622
2777,40,2026-08-15T21:17:12.379+08:00,0.085663,0.230441,0.147917,2.4983706e-06,2026-08-15T21:17:20.520+08:00,8.136,1.269925594329834
2778,40,2026-08-15T21:17:26.586+08:00,0.085938,0.322842,0.229167,2.4983706e-06,2026-08-15T21:17:34.725+08:00,8.133,1.0207934379577637
2779,40,2026-08-15T21:17:40.848+08:00,0.226153,0.226153,0.0,2.4983706e-06,2026-08-15T21:17:48.992+08:00,8.138,1.3704876899719238
2780,40,2026-08-15T21:17:55.144+08:00,0.111607,0.18955,0.104167,2.4983706e-06,2026-08-15T21:18:03.293+08:00,8.144,-0.7417384386062622
2781,40,2026-08-15T21:18:09.365+08:00,0.218312,0.254027,0.16875,2.4733869e-06,2026-08-15T21:18:17.499+08:00,8.129,-1.0824973583221436
2782,40,2026-08-15T21:18:23.573+08:00,0.185778,0.208928,0.069692,2.4733869e-06,2026-08-15T21:18:31.721+08:00,8.142,1.3187403678894043
2783,40,2026-08-15T21:18:37.854+08:00,0.233066,0.361344,0.059524,2.4733869e-06,2026-08-15T21:18:46.004+08:00,8.144,0.4754660129547119
2784,40,2026-08-15T21:18:52.139+08:00,0.274535,0.337103,0.132353,2.4733869e-06,2026-08-15T21:19:00.275+08:00,8.131,-0.764963686466217
2785,40,2026-08-15T21:19:06.454+08:00,0.065381,0.147438,0.138889,2.4733869e-06,2026-08-15T21:19:14.601+08:00,8.143,-1.587671160697937
2786,40,2026-08-15T21:19:21.257+08:00,0.20824,0.20824,0.0,2.4733869e-06,2026-08-15T21:19:29.404+08:00,8.141,2.6109673976898193
2787,40,2026-08-15T21:19:35.558+08:00,0.120977,0.175901,0.141071,2.4733869e-06,2026-08-15T21:19:43.709+08:00,8.145,1.118249773979187
2788,40,2026-08-15T21:19:49.794+08:00,0.085469,0.216422,0.266667,2.4733869e-06,2026-08-15T21:19:57.940+08:00,8.14,-0.3661589026451111
2789,40,2026-08-15T21:20:04.112+08:00,0.213846,0.215166,0.026953,2.4733869e-06,2026-08-15T21:20:12.264+08:00,8.147,0.6587814092636108
2790,40,2026-08-15T21:20:18.278+08:00,0.238501,0.245049,0.011905,2.4733869e-06,2026-08-15T21:20:26.409+08:00,8.125,0.27279987931251526
2791,40,2026-08-15T21:20:32.470+08:00,0.200031,0.395779,0.141071,2.4733869e-06,2026-08-15T21:20:40.617+08:00,8.141,0.6406937837600708
2792,40,2026-08-15T21:20:46.731+08:00,0.119002,0.119002,0.0,2.4733869e-06,2026-08-15T21:20:54.887+08:00,8.15,-0.4548819065093994
2793,40,2026-08-15T21:21:01.009+08:00,0.119422,0.206865,0.130879,2.4733869e-06,2026-08-15T21:21:09.164+08:00,8.149,2.584990978240967
2794,40,2026-08-15T21:21:15.407+08:00,0.099409,0.161909,0.075,2.4733869e-06,2026-08-15T21:21:23.584+08:00,8.17,0.056346237659454346
2795,40,2026-08-15T21:21:29.702+08:00,0.18718,0.294322,0.098214,2.4733869e-06,2026-08-15T21:21:37.842+08:00,8.135,-0.5485044717788696
2796,40,2026-08-15T21:21:43.985+08:00,0.109375,0.192708,0.075,2.4733869e-06,2026-08-15T21:21:52.133+08:00,8.142,0.20619487762451172
2797,40,2026-08-15T21:21:58.204+08:00,0.098303,0.192455,0.075146,2.4733869e-06,2026-08-15T21:22:06.353+08:00,8.144,-0.3094428479671478
2798,40,2026-08-15T21:22:12.463+08:00,0.104073,0.229067,0.072817,2.4733869e-06,2026-08-15T21:22:20.605+08:00,8.135,1.2489869594573975
2799,40,2026-08-15T21:22:26.653+08:00,0.118468,0.186438,0.064429,2.4733869e-06,2026-08-15T21:22:34.800+08:00,8.141,0.4817224144935608
2800,40,2026-08-15T21:22:40.918+08:00,0.153762,0.191749,0.033482,2.4733869e-06,2026-08-15T21:22:49.091+08:00,8.144,0.4020385146141052
2801,40,2026-08-15T21:22:55.226+08:00,0.195831,0.298954,0.09375,2.448653e-06,2026-08-15T21:23:03.379+08:00,8.148,1.0860774517059326
2802,40,2026-08-15T21:23:09.521+08:00,0.186077,0.186077,0.0,2.448653e-06,2026-08-15T21:23:17.682+08:00,8.156,0.9946764707565308
2803,40,2026-08-15T21:23:23.879+08:00,0.284662,0.298301,0.031348,2.448653e-06,2026-08-15T21:23:32.021+08:00,8.137,0.16993467509746552
2804,40,2026-08-15T21:23:38.100+08:00,0.252607,0.259109,0.013889,2.448653e-06,2026-08-15T21:23:46.244+08:00,8.138,0.08327427506446838
2805,40,2026-08-15T21:23:52.265+08:00,0.074196,0.142378,0.083333,2.448653e-06,2026-08-15T21:24:00.412+08:00,8.141,1.5202076435089111
2806,40,2026-08-15T21:24:06.491+08:00,0.160469,0.210469,0.125,2.448653e-06,2026-08-15T21:24:14.621+08:00,8.125,0.303644597530365
2807,40,2026-08-15T21:24:20.632+08:00,0.064448,0.296591,0.175,2.448653e-06,2026-08-15T21:24:28.779+08:00,8.141,0.40545135736465454
2808,40,2026-08-15T21:24:34.798+08:00,0.137565,0.179231,0.0625,2.448653e-06,2026-08-15T21:24:42.958+08:00,8.154,0.6171738505363464
2809,40,2026-08-15T21:24:49.106+08:00,0.051782,0.111319,0.093819,2.448653e-06,2026-08-15T21:24:57.261+08:00,8.15,0.9307973384857178
2810,40,2026-08-15T21:25:03.461+08:00,0.088203,0.152581,0.10462,2.448653e-06,2026-08-15T21:25:11.617+08:00,8.151,0.7252300977706909
2811,40,2026-08-15T21:25:17.779+08:00,0.248438,0.295312,0.072917,2.448653e-06,2026-08-15T21:25:25.922+08:00,8.138,0.9199366569519043
2812,40,2026-08-15T21:25:32.045+08:00,0.059455,0.214,0.084707,2.448653e-06,2026-08-15T21:25:40.197+08:00,8.146,0.6593666076660156
2813,40,2026-08-15T21:25:46.298+08:00,0.048432,0.234173,0.085417,2.448653e-06,2026-08-15T21:25:54.434+08:00,8.131,-0.015337467193603516
2814,40,2026-08-15T21:26:00.518+08:00,0.096068,0.224637,0.119079,2.448653e-06,2026-08-15T21:26:08.648+08:00,8.124,2.5733418464660645
2815,40,2026-08-15T21:26:14.701+08:00,0.152831,0.194444,0.133333,2.448653e-06,2026-08-15T21:26:22.841+08:00,8.134,-0.7220428586006165
2816,40,2026-08-15T21:26:28.849+08:00,0.034886,0.117441,0.069602,2.448653e-06,2026-08-15T21:26:37.004+08:00,8.15,1.4822514057159424
2817,40,2026-08-15T21:26:43.087+08:00,0.233035,0.316368,0.0625,2.448653e-06,2026-08-15T21:26:51.243+08:00,8.15,-0.2325725555419922
2818,40,2026-08-15T21:26:57.372+08:00,0.101581,0.138729,0.050828,2.448653e-06,2026-08-15T21:27:05.527+08:00,8.149,3.0870471000671387
2819,40,2026-08-15T21:27:11.684+08:00,0.043879,0.10389,0.037297,2.448653e-06,2026-08-15T21:27:19.835+08:00,8.145,0.2839219868183136
2820,40,2026-08-15T21:27:26.357+08:00,0.048534,0.22115,0.155709,2.448653e-06,2026-08-15T21:27:34.494+08:00,8.131,1.4092625379562378
2821,40,2026-08-15T21:27:40.628+08:00,0.096477,0.266941,0.133929,2.4241665e-06,2026-08-15T21:27:48.763+08:00,8.129,0.8415405750274658
2822,40,2026-08-15T21:27:54.844+08:00,0.174524,0.277098,0.120457,2.4241665e-06,2026-08-15T21:28:02.982+08:00,8.132,-0.6095086336135864
2823,40,2026-08-15T21:28:09.038+08:00,0.090411,0.227679,0.08125,2.4241665e-06,2026-08-15T21:28:17.179+08:00,8.135,-1.3989386558532715
2824,40,2026-08-15T21:28:23.220+08:00,0.214049,0.255716,0.0875,2.4241665e-06,2026-08-15T21:28:31.363+08:00,8.137,-1.2014352083206177
2825,40,2026-08-15T21:28:37.616+08:00,0.213855,0.245785,0.040179,2.4241665e-06,2026-08-15T21:28:45.777+08:00,8.156,0.7954305410385132
2826,40,2026-08-15T21:28:51.879+08:00,0.151385,0.249802,0.182738,2.4241665e-06,2026-08-15T21:29:00.037+08:00,8.152,1.6100910902023315
2827,40,2026-08-15T21:29:06.180+08:00,0.226666,0.269055,0.065705,2.4241665e-06,2026-08-15T21:29:14.340+08:00,8.155,1.467951774597168
2828,40,2026-08-15T21:29:20.450+08:00,0.056326,0.092714,0.052083,2.4241665e-06,2026-08-15T21:29:28.599+08:00,8.144,1.5338449478149414
2829,40,2026-08-15T21:29:34.673+08:00,0.177315,0.178348,0.003788,2.4241665e-06,2026-08-15T21:29:42.806+08:00,8.128,-0.286469429731369
2830,40,2026-08-15T21:29:48.856+08:00,0.143069,0.271327,0.104814,2.4241665e-06,2026-08-15T21:29:56.993+08:00,8.132,0.4689275920391083
2831,40,2026-08-15T21:30:03.024+08:00,0.149732,0.255032,0.133333,2.4241665e-06,2026-08-15T21:30:11.176+08:00,8.146,-0.1375245451927185
2832,40,2026-08-15T21:30:17.215+08:00,0.135967,0.203559,0.064516,2.4241665e-06,2026-08-15T21:30:25.360+08:00,8.139,2.726095676422119
2833,40,2026-08-15T21:30:31.490+08:00,0.105512,0.185565,0.102473,2.4241665e-06,2026-08-15T21:30:39.625+08:00,8.129,1.214329719543457
2834,40,2026-08-15T21:30:45.790+08:00,0.058876,0.062489,0.057861,2.4241665e-06,2026-08-15T21:30:53.952+08:00,8.156,1.8612949848175049
2835,40,2026-08-15T21:31:00.181+08:00,0.053196,0.205465,0.128032,2.4241665e-06,2026-08-15T21:31:08.329+08:00,8.142,3.05456805229187
2836,40,2026-08-15T21:31:14.430+08:00,0.014854,0.134111,0.043037,2.4241665e-06,2026-08-15T21:31:22.575+08:00,8.14,-0.14823096990585327
2837,40,2026-08-15T21:31:28.717+08:00,0.108379,0.141845,0.0125,2.4241665e-06,2026-08-15T21:31:36.855+08:00,8.132,0.442198783159256
2838,40,2026-08-15T21:31:42.942+08:00,0.171523,0.196514,0.025,2.4241665e-06,2026-08-15T21:31:51.078+08:00,8.131,0.9928820133209229
2839,40,2026-08-15T21:31:57.138+08:00,0.169861,0.19483,0.020833,2.4241665e-06,2026-08-15T21:32:05.276+08:00,8.133,0.51349937915802
2840,40,2026-08-15T21:32:11.361+08:00,0.053955,0.167792,0.14277,2.4241665e-06,2026-08-15T21:32:19.505+08:00,8.138,0.6504717469215393
2841,40,2026-08-15T21:32:25.621+08:00,0.182822,0.24532,0.03125,2.3999248e-06,2026-08-15T21:32:33.768+08:00,8.139,-2.3438148498535156
2842,40,2026-08-15T21:32:39.928+08:00,0.013896,0.081746,0.108135,2.3999248e-06,2026-08-15T21:32:48.083+08:00,8.15,1.1067814826965332
2843,40,2026-08-15T21:32:54.462+08:00,0.137315,0.154526,0.049479,2.3999248e-06,2026-08-15T21:33:02.618+08:00,8.151,-0.16540402173995972
2844,40,2026-08-15T21:33:09.004+08:00,0.213312,0.236039,0.1125,2.3999248e-06,2026-08-15T21:33:17.152+08:00,8.143,3.4497437477111816
2845,40,2026-08-15T21:33:23.465+08:00,0.043042,0.078756,0.098214,2.3999248e-06,2026-08-15T21:33:31.612+08:00,8.141,-0.6629528403282166
2846,40,2026-08-15T21:33:37.712+08:00,0.160455,0.236287,0.166667,2.3999248e-06,2026-08-15T21:33:45.853+08:00,8.136,1.8283958435058594
2847,40,2026-08-15T21:33:52.007+08:00,0.143792,0.143792,0.022727,2.3999248e-06,2026-08-15T21:34:00.152+08:00,8.138,2.7278311252593994
2848,40,2026-08-15T21:34:06.512+08:00,0.10402,0.166499,0.025,2.3999248e-06,2026-08-15T21:34:14.667+08:00,8.149,0.9921963810920715
2849,40,2026-08-15T21:34:20.998+08:00,0.215017,0.312674,0.06375,2.3999248e-06,2026-08-15T21:34:29.119+08:00,8.116,-0.9762957692146301
2850,40,2026-08-15T21:34:35.191+08:00,0.168058,0.242274,0.125437,2.3999248e-06,2026-08-15T21:34:43.341+08:00,8.148,3.854611396789551
2851,40,2026-08-15T21:34:49.425+08:00,0.208635,0.258635,0.0625,2.3999248e-06,2026-08-15T21:34:57.570+08:00,8.141,-0.29847997426986694
2852,40,2026-08-15T21:35:03.643+08:00,0.074128,0.22786,0.2,2.3999248e-06,2026-08-15T21:35:11.797+08:00,8.148,1.069655179977417
2853,40,2026-08-15T21:35:18.001+08:00,0.224252,0.349252,0.083333,2.3999248e-06,2026-08-15T21:35:26.155+08:00,8.149,1.3837568759918213
2854,40,2026-08-15T21:35:32.200+08:00,0.044664,0.24494,0.154167,2.3999248e-06,2026-08-15T21:35:40.350+08:00,8.146,-1.9773662090301514
2855,40,2026-08-15T21:35:46.844+08:00,0.052231,0.168884,0.206061,2.3999248e-06,2026-08-15T21:35:54.986+08:00,8.136,-0.10438944399356842
2856,40,2026-08-15T21:36:01.076+08:00,0.021038,0.137879,0.062996,2.3999248e-06,2026-08-15T21:36:09.216+08:00,8.134,0.030779533088207245
2857,40,2026-08-15T21:36:15.254+08:00,0.094251,0.287954,0.11875,2.3999248e-06,2026-08-15T21:36:23.427+08:00,8.146,-0.7640149593353271
2858,40,2026-08-15T21:36:29.483+08:00,0.087999,0.191741,0.1375,2.3999248e-06,2026-08-15T21:36:37.613+08:00,8.125,-0.17180746793746948
2859,40,2026-08-15T21:36:43.705+08:00,0.181566,0.267245,0.123864,2.3999248e-06,2026-08-15T21:36:51.858+08:00,8.148,2.7490234375
2860,40,2026-08-15T21:36:58.025+08:00,0.059189,0.095476,0.110965,2.3999248e-06,2026-08-15T21:37:06.195+08:00,8.164,0.9746396541595459
2861,40,2026-08-15T21:37:12.474+08:00,0.127976,0.316071,0.145833,2.3759255e-06,2026-08-15T21:37:20.626+08:00,8.146,0.26012974977493286
2862,40,2026-08-15T21:37:26.924+08:00,0.092004,0.241744,0.1975,2.3759255e-06,2026-08-15T21:37:35.075+08:00,8.145,-0.2393772006034851
2863,40,2026-08-15T21:37:41.129+08:00,0.15442,0.362674,0.208333,2.3759255e-06,2026-08-15T21:37:49.277+08:00,8.143,-0.07034066319465637
2864,40,2026-08-15T21:37:55.401+08:00,0.048613,0.190724,0.16353,2.3759255e-06,2026-08-15T21:38:03.539+08:00,8.132,-0.40430861711502075
2865,40,2026-08-15T21:38:09.651+08:00,0.017428,0.129924,0.0875,2.3759255e-06,2026-08-15T21:38:17.804+08:00,8.147,1.7371615171432495
2866,40,2026-08-15T21:38:23.940+08:00,0.096126,0.155154,0.117034,2.3759255e-06,2026-08-15T21:38:32.080+08:00,8.135,2.7939953804016113
2867,40,2026-08-15T21:38:38.123+08:00,0.281865,0.310705,0.059091,2.3759255e-06,2026-08-15T21:38:46.265+08:00,8.137,1.2859752178192139
2868,40,2026-08-15T21:38:52.493+08:00,4.8e-05,0.288641,0.285577,2.3759255e-06,2026-08-15T21:39:00.644+08:00,8.146,1.446936845779419
2869,40,2026-08-15T21:39:06.840+08:00,0.192709,0.27036,0.072917,2.3759255e-06,2026-08-15T21:39:14.989+08:00,8.144,0.8521029949188232
2870,40,2026-08-15T21:39:21.045+08:00,0.110543,0.135543,0.095238,2.3759255e-06,2026-08-15T21:39:29.195+08:00,8.144,-1.573689579963684
2871,40,2026-08-15T21:39:35.230+08:00,0.214435,0.264435,0.05,2.3759255e-06,2026-08-15T21:39:43.342+08:00,8.106,-1.482485055923462
2872,40,2026-08-15T21:39:49.390+08:00,0.182144,0.265476,0.254167,2.3759255e-06,2026-08-15T21:39:57.523+08:00,8.127,0.4552699327468872
2873,40,2026-08-15T21:40:03.568+08:00,0.144643,0.241518,0.1875,2.3759255e-06,2026-08-15T21:40:11.717+08:00,8.143,1.2555649280548096
2874,40,2026-08-15T21:40:17.794+08:00,0.009603,0.173593,0.097917,2.3759255e-06,2026-08-15T21:40:25.946+08:00,8.147,2.3183963298797607
2875,40,2026-08-15T21:40:31.969+08:00,0.078828,0.110067,0.025,2.3759255e-06,2026-08-15T21:40:40.122+08:00,8.149,2.2940833568573
2876,40,2026-08-15T21:40:46.228+08:00,0.055419,0.133068,0.077083,2.3759255e-06,2026-08-15T21:40:54.383+08:00,8.149,1.9781663417816162
2877,40,2026-08-15T21:41:00.525+08:00,0.246555,0.282269,0.042095,2.3759255e-06,2026-08-15T21:41:08.664+08:00,8.133,0.7566792964935303
2878,40,2026-08-15T21:41:14.826+08:00,0.215915,0.283135,0.126953,2.3759255e-06,2026-08-15T21:41:22.985+08:00,8.154,1.4676827192306519
2879,40,2026-08-15T21:41:29.236+08:00,0.085866,0.168778,0.057292,2.3759255e-06,2026-08-15T21:41:37.380+08:00,8.138,2.873913049697876
2880,40,2026-08-15T21:41:43.535+08:00,0.014501,0.19117,0.135556,2.3759255e-06,2026-08-15T21:41:51.690+08:00,8.149,2.293299674987793
2881,40,2026-08-15T21:41:57.875+08:00,0.116069,0.116069,0.008929,2.3521663e-06,2026-08-15T21:42:06.023+08:00,8.143,-1.667574167251587
2882,40,2026-08-15T21:42:12.141+08:00,0.201398,0.288889,0.077778,2.3521663e-06,2026-08-15T21:42:20.294+08:00,8.145,-0.26949048042297363
2883,40,2026-08-15T21:42:26.452+08:00,0.239431,0.257283,0.025,2.3521663e-06,2026-08-15T21:42:34.585+08:00,8.127,2.5371925830841064
2884,40,2026-08-15T21:42:40.680+08:00,0.147023,0.147023,0.00867,2.3521663e-06,2026-08-15T21:42:48.834+08:00,8.149,-1.3305619955062866
2885,40,2026-08-15T21:42:54.930+08:00,0.1565,0.243998,0.161806,2.3521663e-06,2026-08-15T21:43:03.078+08:00,8.142,4.116744518280029
2886,40,2026-08-15T21:43:09.160+08:00,0.137175,0.169044,0.037946,2.3521663e-06,2026-08-15T21:43:17.313+08:00,8.149,1.8131886720657349
2887,40,2026-08-15T21:43:23.396+08:00,0.238357,0.29266,0.038194,2.3521663e-06,2026-08-15T21:43:31.542+08:00,8.14,-0.38510966300964355
2888,40,2026-08-15T21:43:37.648+08:00,0.195951,0.291784,0.104167,2.3521663e-06,2026-08-15T21:43:45.804+08:00,8.15,1.028838872909546
2889,40,2026-08-15T21:43:51.908+08:00,0.14876,0.14876,0.0,2.3521663e-06,2026-08-15T21:44:00.058+08:00,8.145,-0.8048902750015259
2890,40,2026-08-15T21:44:06.230+08:00,0.043716,0.163763,0.074405,2.3521663e-06,2026-08-15T21:44:14.717+08:00,8.481,0.8251949548721313
2891,40,2026-08-15T21:44:20.934+08:00,0.258385,0.263816,0.022727,2.3521663e-06,2026-08-15T21:44:29.086+08:00,8.146,1.6089529991149902
2892,40,2026-08-15T21:44:35.269+08:00,0.101911,0.300289,0.128571,2.3521663e-06,2026-08-15T21:44:43.419+08:00,8.144,0.6769329905509949
2893,40,2026-08-15T21:44:49.641+08:00,0.075283,0.131548,0.095895,2.3521663e-06,2026-08-15T21:44:57.789+08:00,8.142,1.2811119556427002
2894,40,2026-08-15T21:45:04.026+08:00,0.084913,0.097101,0.046226,2.3521663e-06,2026-08-15T21:45:12.177+08:00,8.146,1.959746241569519
2895,40,2026-08-15T21:45:18.466+08:00,0.242111,0.242111,0.025,2.3521663e-06,2026-08-15T21:45:26.613+08:00,8.142,-0.14353156089782715
2896,40,2026-08-15T21:45:32.864+08:00,0.218721,0.218721,0.0,2.3521663e-06,2026-08-15T21:45:41.004+08:00,8.134,-2.7424821853637695
2897,40,2026-08-15T21:45:47.245+08:00,0.121239,0.132109,0.085714,2.3521663e-06,2026-08-15T21:45:55.390+08:00,8.141,-0.1665041446685791
2898,40,2026-08-15T21:46:01.536+08:00,0.102756,0.102756,0.0,2.3521663e-06,2026-08-15T21:46:09.690+08:00,8.148,1.3428902626037598
2899,40,2026-08-15T21:46:15.861+08:00,0.185294,0.198728,0.039799,2.3521663e-06,2026-08-15T21:46:24.007+08:00,8.141,1.1158488988876343
2900,40,2026-08-15T21:46:30.055+08:00,0.253206,0.388023,0.172727,2.3521663e-06,2026-08-15T21:46:38.197+08:00,8.137,0.05094480514526367
2901,40,2026-08-15T21:46:44.370+08:00,0.093211,0.177209,0.073864,2.3286446e-06,2026-08-15T21:46:52.508+08:00,8.132,-0.14272427558898926
2902,40,2026-08-15T21:46:58.684+08:00,0.137259,0.245718,0.1,2.3286446e-06,2026-08-15T21:47:06.838+08:00,8.148,-0.46934008598327637
2903,40,2026-08-15T21:47:12.954+08:00,0.098677,0.276425,0.059722,2.3286446e-06,2026-08-15T21:47:21.101+08:00,8.141,1.735011339187622
2904,40,2026-08-15T21:47:27.211+08:00,0.144272,0.168666,0.029221,2.3286446e-06,2026-08-15T21:47:35.356+08:00,8.139,-0.6694616675376892
2905,40,2026-08-15T21:47:41.471+08:00,0.101919,0.161854,0.154514,2.3286446e-06,2026-08-15T21:47:49.612+08:00,8.135,-0.32680371403694153
2906,40,2026-08-15T21:47:55.631+08:00,0.08357,0.08357,0.025,2.3286446e-06,2026-08-15T21:48:03.785+08:00,8.148,0.02763962745666504
2907,40,2026-08-15T21:48:09.832+08:00,0.208083,0.266267,0.089286,2.3286446e-06,2026-08-15T21:48:17.976+08:00,8.138,0.5162910223007202
2908,40,2026-08-15T21:48:23.990+08:00,0.00317,0.201452,0.194102,2.3286446e-06,2026-08-15T21:48:32.133+08:00,8.137,-1.8522212505340576
2909,40,2026-08-15T21:48:38.161+08:00,0.201828,0.210038,0.049616,2.3286446e-06,2026-08-15T21:48:46.311+08:00,8.145,-1.3311259746551514
2910,40,2026-08-15T21:48:52.399+08:00,0.062607,0.135627,0.050595,2.3286446e-06,2026-08-15T21:49:00.558+08:00,8.153,1.265956997871399
2911,40,2026-08-15T21:49:06.746+08:00,0.025341,0.125211,0.080259,2.3286446e-06,2026-08-15T21:49:14.889+08:00,8.138,0.699215292930603
2912,40,2026-08-15T21:49:21.078+08:00,0.032751,0.258087,0.197917,2.3286446e-06,2026-08-15T21:49:29.230+08:00,8.146,0.33519238233566284
2913,40,2026-08-15T21:49:35.341+08:00,0.036471,0.1019,0.071875,2.3286446e-06,2026-08-15T21:49:43.486+08:00,8.14,0.8444772958755493
2914,40,2026-08-15T21:49:49.586+08:00,0.034722,0.034722,0.020833,2.3286446e-06,2026-08-15T21:49:57.744+08:00,8.13,0.27322256565093994
2915,40,2026-08-15T21:50:03.775+08:00,0.210764,0.210764,0.0,2.3286446e-06,2026-08-15T21:50:11.920+08:00,8.139,0.6101610660552979
2916,40,2026-08-15T21:50:17.945+08:00,0.131984,0.156983,0.03125,2.3286446e-06,2026-08-15T21:50:26.086+08:00,8.136,-0.07344388961791992
2917,40,2026-08-15T21:50:32.128+08:00,0.086138,0.086138,0.057478,2.3286446e-06,2026-08-15T21:50:40.270+08:00,8.137,1.0120538473129272
2918,40,2026-08-15T21:50:46.416+08:00,0.072626,0.096928,0.101641,2.3286446e-06,2026-08-15T21:50:54.571+08:00,8.149,0.13864928483963013
2919,40,2026-08-15T21:51:00.592+08:00,0.197623,0.212329,0.041667,2.3286446e-06,2026-08-15T21:51:08.753+08:00,8.155,1.7920236587524414
2920,40,2026-08-15T21:51:14.825+08:00,0.243631,0.243631,0.0,2.3286446e-06,2026-08-15T21:51:22.972+08:00,8.141,0.6981614828109741
2921,40,2026-08-15T21:51:29.033+08:00,0.055329,0.059566,0.060096,2.3053582e-06,2026-08-15T21:51:37.171+08:00,8.132,-0.20396150648593903
2922,40,2026-08-15T21:51:43.240+08:00,0.134547,0.152381,0.083333,2.3053582e-06,2026-08-15T21:51:51.389+08:00,8.144,1.6052932739257812
2923,40,2026-08-15T21:51:57.448+08:00,0.044457,0.154248,0.085417,2.3053582e-06,2026-08-15T21:52:05.594+08:00,8.14,1.7701635360717773
2924,40,2026-08-15T21:52:12.172+08:00,0.103613,0.324405,0.192857,2.3053582e-06,2026-08-15T21:52:20.303+08:00,8.125,2.7286391258239746
2925,40,2026-08-15T21:52:26.349+08:00,0.043609,0.060834,0.07986,2.3053582e-06,2026-08-15T21:52:34.475+08:00,8.12,1.379695177078247
2926,40,2026-08-15T21:52:40.636+08:00,0.08654,0.264316,0.15625,2.3053582e-06,2026-08-15T21:52:48.776+08:00,8.136,0.9289776682853699
2927,40,2026-08-15T21:52:54.958+08:00,0.031197,0.26034,0.139583,2.3053582e-06,2026-08-15T21:53:03.090+08:00,8.126,-0.1203809380531311
2928,40,2026-08-15T21:53:09.347+08:00,0.086607,0.180197,0.118056,2.3053582e-06,2026-08-15T21:53:17.498+08:00,8.146,-0.5551170706748962
2929,40,2026-08-15T21:53:23.636+08:00,0.137007,0.171054,0.020833,2.3053582e-06,2026-08-15T21:53:31.779+08:00,8.137,1.8954542875289917
2930,40,2026-08-15T21:53:37.829+08:00,0.243592,0.243592,0.0,2.3053582e-06,2026-08-15T21:53:45.975+08:00,8.139,1.5572023391723633
2931,40,2026-08-15T21:53:52.052+08:00,0.189804,0.28407,0.074811,2.3053582e-06,2026-08-15T21:54:00.186+08:00,8.128,0.7471089363098145
2932,40,2026-08-15T21:54:06.224+08:00,0.048802,0.145373,0.085714,2.3053582e-06,2026-08-15T21:54:14.370+08:00,8.14,1.9493391513824463
2933,40,2026-08-15T21:54:20.462+08:00,0.341536,0.350898,0.011364,2.3053582e-06,2026-08-15T21:54:28.596+08:00,8.129,0.54319167137146
2934,40,2026-08-15T21:54:34.705+08:00,0.047128,0.069856,0.069853,2.3053582e-06,2026-08-15T21:54:42.853+08:00,8.141,-0.3472275137901306
2935,40,2026-08-15T21:54:48.994+08:00,0.121569,0.381912,0.144048,2.3053582e-06,2026-08-15T21:54:57.117+08:00,8.117,-0.07518218457698822
2936,40,2026-08-15T21:55:03.100+08:00,0.090251,0.160714,0.03,2.3053582e-06,2026-08-15T21:55:11.241+08:00,8.135,-0.06507176160812378
2937,40,2026-08-15T21:55:17.462+08:00,0.035806,0.220292,0.241473,2.3053582e-06,2026-08-15T21:55:25.622+08:00,8.153,-0.16523821651935577
2938,40,2026-08-15T21:55:31.771+08:00,0.155376,0.253371,0.039621,2.3053582e-06,2026-08-15T21:55:39.924+08:00,8.147,-0.06280374526977539
2939,40,2026-08-15T21:55:46.012+08:00,0.130213,0.249043,0.082589,2.3053582e-06,2026-08-15T21:55:54.157+08:00,8.139,1.545424461364746
2940,40,2026-08-15T21:56:00.220+08:00,0.177874,0.215572,0.102564,2.3053582e-06,2026-08-15T21:56:08.364+08:00,8.138,0.8389203548431396
2941,40,2026-08-15T21:56:14.450+08:00,0.075166,0.113105,0.092831,2.2823046e-06,2026-08-15T21:56:22.601+08:00,8.145,0.6145517230033875
2942,40,2026-08-15T21:56:28.657+08:00,0.159578,0.168095,0.009615,2.2823046e-06,2026-08-15T21:56:36.804+08:00,8.141,2.5012214183807373
2943,40,2026-08-15T21:56:42.917+08:00,0.115869,0.310657,0.197917,2.2823046e-06,2026-08-15T21:56:51.070+08:00,8.147,0.8569541573524475
2944,40,2026-08-15T21:56:57.233+08:00,0.027351,0.222545,0.220139,2.2823046e-06,2026-08-15T21:57:05.370+08:00,8.134,-1.1157069206237793
2945,40,2026-08-15T21:57:11.542+08:00,0.068149,0.162631,0.168935,2.2823046e-06,2026-08-15T21:57:19.694+08:00,8.145,3.2816579341888428
2946,40,2026-08-15T21:57:25.830+08:00,0.117857,0.213501,0.129167,2.2823046e-06,2026-08-15T21:57:33.978+08:00,8.143,0.4824562072753906
2947,40,2026-08-15T21:57:40.010+08:00,0.12152,0.24652,0.125,2.2823046e-06,2026-08-15T21:57:48.135+08:00,8.12,-0.8310722708702087
2948,40,2026-08-15T21:57:54.170+08:00,0.06738,0.146052,0.041318,2.2823046e-06,2026-08-15T21:58:02.318+08:00,8.143,2.5039703845977783
2949,40,2026-08-15T21:58:08.391+08:00,0.101309,0.386824,0.192708,2.2823046e-06,2026-08-15T21:58:16.540+08:00,8.143,1.1931746006011963
2950,40,2026-08-15T21:58:22.552+08:00,0.0708,0.086075,0.025658,2.2823046e-06,2026-08-15T21:58:30.702+08:00,8.144,1.861329436302185
2951,40,2026-08-15T21:58:36.767+08:00,0.123357,0.227799,0.052778,2.2823046e-06,2026-08-15T21:58:44.914+08:00,8.141,1.800355315208435
2952,40,2026-08-15T21:58:51.076+08:00,0.016937,0.245801,0.175595,2.2823046e-06,2026-08-15T21:58:59.233+08:00,8.152,1.9571017026901245
2953,40,2026-08-15T21:59:05.334+08:00,0.173863,0.326426,0.042614,2.2823046e-06,2026-08-15T21:59:13.485+08:00,8.146,2.3552632331848145
2954,40,2026-08-15T21:59:19.593+08:00,0.158389,0.168772,0.017857,2.2823046e-06,2026-08-15T21:59:27.731+08:00,8.132,-0.4990561902523041
2955,40,2026-08-15T21:59:33.799+08:00,0.033569,0.1402,0.080357,2.2823046e-06,2026-08-15T21:59:41.941+08:00,8.136,1.4463212490081787
2956,40,2026-08-15T21:59:47.999+08:00,0.132978,0.179853,0.09375,2.2823046e-06,2026-08-15T21:59:56.144+08:00,8.14,-0.23596656322479248
2957,40,2026-08-15T22:00:02.206+08:00,0.06291,0.201895,0.103125,2.2823046e-06,2026-08-15T22:00:10.347+08:00,8.136,1.2218906879425049
2958,40,2026-08-15T22:00:16.457+08:00,0.258736,0.368075,0.025,2.2823046e-06,2026-08-15T22:00:24.588+08:00,8.124,0.289667010307312
2959,40,2026-08-15T22:00:31.156+08:00,0.033844,0.131597,0.154836,2.2823046e-06,2026-08-15T22:00:39.299+08:00,8.138,0.03626224398612976
2960,40,2026-08-15T22:00:45.362+08:00,0.050317,0.187817,0.195312,2.2823046e-06,2026-08-15T22:00:53.512+08:00,8.144,2.2798280715942383
2961,40,2026-08-15T22:00:59.717+08:00,0.184179,0.190636,0.048246,2.2594816e-06,2026-08-15T22:01:07.865+08:00,8.143,2.2106881141662598
2962,40,2026-08-15T22:01:14.012+08:00,0.169564,0.234057,0.081389,2.2594816e-06,2026-08-15T22:01:22.162+08:00,8.144,3.845285654067993
2963,40,2026-08-15T22:01:28.339+08:00,0.065853,0.149583,0.090402,2.2594816e-06,2026-08-15T22:01:36.494+08:00,8.149,1.8245116472244263
2964,40,2026-08-15T22:01:42.561+08:00,0.120238,0.149084,0.078125,2.2594816e-06,2026-08-15T22:01:50.700+08:00,8.133,0.6528275012969971
2965,40,2026-08-15T22:01:56.829+08:00,0.04776,0.127943,0.187625,2.2594816e-06,2026-08-15T22:02:04.962+08:00,8.127,-0.06881168484687805
2966,40,2026-08-15T22:02:11.056+08:00,0.054129,0.14617,0.047348,2.2594816e-06,2026-08-15T22:02:19.195+08:00,8.133,0.825951099395752
2967,40,2026-08-15T22:02:25.284+08:00,0.038165,0.115155,0.062312,2.2594816e-06,2026-08-15T22:02:33.429+08:00,8.14,1.6333099603652954
2968,40,2026-08-15T22:02:39.478+08:00,0.195933,0.285218,0.041667,2.2594816e-06,2026-08-15T22:02:47.615+08:00,8.134,3.360957145690918
2969,40,2026-08-15T22:02:53.743+08:00,0.117214,0.274045,0.105114,2.2594816e-06,2026-08-15T22:03:01.885+08:00,8.137,1.370789647102356
2970,40,2026-08-15T22:03:07.965+08:00,0.15664,0.165016,0.035444,2.2594816e-06,2026-08-15T22:03:16.110+08:00,8.142,1.1078474521636963
2971,40,2026-08-15T22:03:22.206+08:00,0.142112,0.24145,0.0875,2.2594816e-06,2026-08-15T22:03:30.357+08:00,8.131,3.0859737396240234
2972,40,2026-08-15T22:03:36.507+08:00,0.192636,0.290453,0.076389,2.2594816e-06,2026-08-15T22:03:44.645+08:00,8.132,0.7032622694969177
2973,40,2026-08-15T22:03:50.731+08:00,0.024081,0.19399,0.211806,2.2594816e-06,2026-08-15T22:03:58.876+08:00,8.14,1.1522455215454102
2974,40,2026-08-15T22:04:04.941+08:00,0.120845,0.152946,0.049193,2.2594816e-06,2026-08-15T22:04:13.083+08:00,8.137,0.46807336807250977
2975,40,2026-08-15T22:04:19.148+08:00,0.084565,0.101927,0.098517,2.2594816e-06,2026-08-15T22:04:27.292+08:00,8.139,1.0663920640945435
2976,40,2026-08-15T22:04:33.337+08:00,0.230904,0.301706,0.105903,2.2594816e-06,2026-08-15T22:04:41.485+08:00,8.143,0.38338786363601685
2977,40,2026-08-15T22:04:47.512+08:00,0.073503,0.148473,0.039346,2.2594816e-06,2026-08-15T22:04:55.669+08:00,8.152,0.5800296068191528
2978,40,2026-08-15T22:05:01.742+08:00,0.08669,0.35744,0.227083,2.2594816e-06,2026-08-15T22:05:09.889+08:00,8.142,0.48413458466529846
2979,40,2026-08-15T22:05:16.036+08:00,0.135395,0.197895,0.10625,2.2594816e-06,2026-08-15T22:05:24.191+08:00,8.149,2.5415093898773193
2980,40,2026-08-15T22:05:30.258+08:00,0.062503,0.15625,0.102431,2.2594816e-06,2026-08-15T22:05:38.403+08:00,8.14,0.324039489030838
2981,40,2026-08-15T22:05:44.480+08:00,0.077223,0.265471,0.130411,2.2368867e-06,2026-08-15T22:05:52.627+08:00,8.142,2.3390650749206543
2982,40,2026-08-15T22:05:58.636+08:00,0.170833,0.174817,0.049731,2.2368867e-06,2026-08-15T22:06:06.793+08:00,8.151,3.0500354766845703
2983,40,2026-08-15T22:06:12.895+08:00,0.110642,0.298002,0.139583,2.2368867e-06,2026-08-15T22:06:21.044+08:00,8.143,1.9930633306503296
2984,40,2026-08-15T22:06:27.071+08:00,0.110086,0.111437,0.053906,2.2368867e-06,2026-08-15T22:06:35.227+08:00,8.15,3.6781911849975586
2985,40,2026-08-15T22:06:41.315+08:00,0.022532,0.114145,0.09375,2.2368867e-06,2026-08-15T22:06:49.480+08:00,8.16,-0.985293984413147
2986,40,2026-08-15T22:06:55.599+08:00,0.084677,0.172229,0.144231,2.2368867e-06,2026-08-15T22:07:03.748+08:00,8.144,2.3876638412475586
2987,40,2026-08-15T22:07:09.875+08:00,0.211902,0.260987,0.083333,2.2368867e-06,2026-08-15T22:07:18.038+08:00,8.156,-0.9514642357826233
2988,40,2026-08-15T22:07:24.120+08:00,0.055439,0.142014,0.179419,2.2368867e-06,2026-08-15T22:07:32.278+08:00,8.152,-0.05012154579162598
2989,40,2026-08-15T22:07:38.426+08:00,0.092089,0.120521,0.070933,2.2368867e-06,2026-08-15T22:07:46.579+08:00,8.148,1.0865991115570068
2990,40,2026-08-15T22:07:52.669+08:00,0.242148,0.24464,0.017857,2.2368867e-06,2026-08-15T22:08:00.820+08:00,8.145,3.138678550720215
2991,40,2026-08-15T22:08:06.884+08:00,0.216087,0.271879,0.083333,2.2368867e-06,2026-08-15T22:08:15.020+08:00,8.131,0.7776939272880554
2992,40,2026-08-15T22:08:21.058+08:00,0.12794,0.311273,0.125,2.2368867e-06,2026-08-15T22:08:29.204+08:00,8.141,-1.315093994140625
2993,40,2026-08-15T22:08:35.723+08:00,0.100793,0.218719,0.154827,2.2368867e-06,2026-08-15T22:08:43.870+08:00,8.143,0.4611125588417053
2994,40,2026-08-15T22:08:50.000+08:00,0.007412,0.086669,0.082532,2.2368867e-06,2026-08-15T22:08:58.137+08:00,8.131,2.5451722145080566
2995,40,2026-08-15T22:09:04.214+08:00,0.150994,0.288759,0.115057,2.2368867e-06,2026-08-15T22:09:12.370+08:00,8.151,0.42759937047958374
2996,40,2026-08-15T22:09:18.432+08:00,0.215513,0.259892,0.06685,2.2368867e-06,2026-08-15T22:09:26.589+08:00,8.151,0.5581725835800171
2997,40,2026-08-15T22:09:32.721+08:00,0.118136,0.202728,0.072917,2.2368867e-06,2026-08-15T22:09:40.873+08:00,8.146,0.8033245205879211
2998,40,2026-08-15T22:09:46.918+08:00,0.116026,0.147276,0.041667,2.2368867e-06,2026-08-15T22:09:55.068+08:00,8.144,-1.4479634761810303
2999,40,2026-08-15T22:10:01.158+08:00,0.069834,0.080047,0.027339,2.2368867e-06,2026-08-15T22:10:09.311+08:00,8.147,1.4496543407440186
3000,40,2026-08-15T22:10:15.401+08:00,0.097018,0.301875,0.132891,2.2368867e-06,2026-08-15T22:10:23.553+08:00,8.146,0.9990723729133606
